[2026-09-05 13:17:08] [PELANDO] Scraping Amazon (https://www.pelando.com.br/cupons-de-descontos/amazon)
[2026-09-05 13:17:08] [PELANDO]   44 cupons encontrados en Amazon
[2026-09-05 13:17:10] [PELANDO] Scraping KaBuM! (https://www.pelando.com.br/cupons-de-descontos/kabum)
[2026-09-05 13:17:15] [PELANDO]   Falha ao acessar KaBuM!
[2026-09-05 13:17:17] [PELANDO] Scraping Mercado Livre (https://www.pelando.com.br/cupons-de-descontos/mercado-livre)
[2026-09-05 13:17:18] [PELANDO]   50 cupons encontrados en Mercado Livre
[2026-09-05 13:17:20] [PELANDO] Scraping Shopee (https://www.pelando.com.br/cupons-de-descontos/shopee)
[2026-09-05 13:17:20] [PELANDO]   14 cupons encontrados en Shopee
[2026-09-05 13:17:22] [PELANDO] Scraping Magazine Luiza (https://www.pelando.com.br/cupons-de-descontos/magalu)
[2026-09-05 13:17:22] [PELANDO]   12 cupons encontrados en Magazine Luiza
[2026-09-05 13:17:24] [PELANDO] Scraping AliExpress (https://www.pelando.com.br/cupons-de-descontos/aliexpress)
[2026-09-05 13:17:26] [PELANDO]   8 cupons encontrados en AliExpress
[2026-09-05 13:17:28] [PELANDO] Scraping Pichau (https://www.pelando.com.br/cupons-de-descontos/pichau)
[2026-09-05 13:17:32] [PELANDO]   Falha ao acessar Pichau
[2026-09-05 13:17:34] [PELANDO] Scraping Terabyte Shop (https://www.pelando.com.br/cupons-de-descontos/terabyte)
[2026-09-05 13:17:39] [PELANDO]   Falha ao acessar Terabyte Shop
[2026-09-05 13:17:41] [PELANDO] Completado: 121 Pelando + 5 manuales = 126 total
[2026-09-06 03:54:16] [PELANDO] Scraping Amazon (https://www.pelando.com.br/cupons-de-descontos/amazon)
[2026-09-06 03:54:20] [PELANDO]   Falha ao acessar Amazon
[2026-09-06 03:54:22] [PELANDO] Scraping KaBuM! (https://www.pelando.com.br/cupons-de-descontos/kabum)
[2026-09-06 03:54:26] [PELANDO]   Falha ao acessar KaBuM!
[2026-09-06 03:54:28] [PELANDO] Scraping Mercado Livre (https://www.pelando.com.br/cupons-de-descontos/mercado-livre)
[2026-09-06 03:54:32] [PELANDO]   Falha ao acessar Mercado Livre
[2026-09-06 03:54:34] [PELANDO] Scraping Shopee (https://www.pelando.com.br/cupons-de-descontos/shopee)
[2026-09-06 03:54:38] [PELANDO]   Falha ao acessar Shopee
[2026-09-06 03:54:40] [PELANDO] Scraping Magazine Luiza (https://www.pelando.com.br/cupons-de-descontos/magalu)
[2026-09-06 03:54:44] [PELANDO]   Falha ao acessar Magazine Luiza
[2026-09-06 03:54:46] [PELANDO] Scraping AliExpress (https://www.pelando.com.br/cupons-de-descontos/aliexpress)
[2026-09-06 03:54:51] [PELANDO]   Falha ao acessar AliExpress
[2026-09-06 03:54:53] [PELANDO] Scraping Pichau (https://www.pelando.com.br/cupons-de-descontos/pichau)
[2026-09-06 03:54:57] [PELANDO]   Falha ao acessar Pichau
[2026-09-06 03:54:59] [PELANDO] Scraping Terabyte Shop (https://www.pelando.com.br/cupons-de-descontos/terabyte)
[2026-09-06 03:55:03] [PELANDO]   Falha ao acessar Terabyte Shop
[2026-09-06 03:55:05] [PELANDO] Completado: 0 Pelando + 5 manuales = 5 total
[2026-09-06 03:55:09] [ML] Fallback URL: Teclado Mecanico Redragon Kumara K552 RGB Switch B -> https://lista.mercadolivre.com.br/teclado-mecanico-redragon-kumar
[2026-09-06 03:55:12] [ML] Fallback URL: Teclado Mecanico Redragon Kumara K552 RGB -> https://lista.mercadolivre.com.br/teclado-mecanico-redragon-kumar
[2026-09-06 03:55:12] [ML] Fallback URL: Teclado Mecanico Redragon Kumara K552 RGB -> https://lista.mercadolivre.com.br/teclado-mecanico-redragon-kumar
[2026-09-06 03:55:15] [ML] Fallback URL: Teclado Mecanico Redragon Kumara K552 -> https://lista.mercadolivre.com.br/teclado-mecanico-redragon-kumar
[2026-09-06 03:55:19] [ML] Fallback URL: Headset Gamer HyperX Cloud Stinger 2 Core -> https://lista.mercadolivre.com.br/headset-gamer-hyperx-cloud-stin
[2026-09-06 03:55:22] [ML] Fallback URL: Headset HyperX Cloud Stinger 2 -> https://lista.mercadolivre.com.br/headset-hyperx-cloud-stinger-2#
[2026-09-06 03:55:22] [ML] Fallback URL: Headset HyperX Cloud Stinger 2 -> https://lista.mercadolivre.com.br/headset-hyperx-cloud-stinger-2#
[2026-09-06 03:55:22] [ML] Fallback URL: Headset HyperX Cloud Stinger 2 -> https://lista.mercadolivre.com.br/headset-hyperx-cloud-stinger-2#
[2026-09-06 03:55:25] [ML] Fallback URL: Mouse Gamer Logitech G305 LIGHTSPEED Sem Fio -> https://lista.mercadolivre.com.br/mouse-gamer-logitech-g305-light
[2026-09-06 03:55:29] [ML] Fallback URL: Mouse Logitech G305 LIGHTSPEED Wireless -> https://lista.mercadolivre.com.br/mouse-logitech-g305-lightspeed-
[2026-09-06 03:55:32] [ML] Fallback URL: Mouse Logitech G305 Wireless -> https://lista.mercadolivre.com.br/mouse-logitech-g305-wireless#D[
[2026-09-06 03:55:35] [ML] Fallback URL: SSD NVMe Kingston NV2 1TB PCIe 4.0 -> https://lista.mercadolivre.com.br/ssd-nvme-kingston-nv2-1tb-pcie-
[2026-09-06 03:55:39] [ML] Fallback URL: SSD Kingston NV2 1TB NVMe M.2 -> https://lista.mercadolivre.com.br/ssd-kingston-nv2-1tb-nvme-m2#D[
[2026-09-06 03:55:42] [ML] Fallback URL: SSD Kingston NV2 1TB NVMe -> https://lista.mercadolivre.com.br/ssd-kingston-nv2-1tb-nvme#D[A:j
[2026-09-06 03:55:45] [ML] Fallback URL: Fone Bluetooth QCY T13 ANC TWS -> https://lista.mercadolivre.com.br/fone-bluetooth-qcy-t13-anc-tws#
[2026-09-06 03:55:48] [ML] Fallback URL: Fone QCY T13 ANC Bluetooth -> https://lista.mercadolivre.com.br/fone-qcy-t13-anc-bluetooth#D[A:
[2026-09-06 03:55:48] [ML] Fallback URL: Fone QCY T13 ANC Bluetooth -> https://lista.mercadolivre.com.br/fone-qcy-t13-anc-bluetooth#D[A:
[2026-09-06 03:55:52] [ML] Fallback URL: Echo Dot 5a Geracao Alexa Smart Speaker -> https://lista.mercadolivre.com.br/echo-dot-5a-geracao-alexa-smart
[2026-09-06 03:55:55] [ML] Fallback URL: Echo Dot 5 Geracao com Alexa -> https://lista.mercadolivre.com.br/echo-dot-5-geracao-com-alexa#D[
[2026-09-06 03:55:58] [ML] Fallback URL: Teclado Mecanico Royal Kludge RK61 60% RGB Bluetoo -> https://lista.mercadolivre.com.br/teclado-mecanico-royal-kludge-r
[2026-09-06 03:56:01] [ML] Fallback URL: Royal Kludge RK61 Teclado 60% Mecanico RGB -> https://lista.mercadolivre.com.br/royal-kludge-rk61-teclado-60-me
[2026-09-06 03:56:05] [ML] Fallback URL: Monitor Gamer 24 144Hz IPS 1ms Acer Nitro QG241Y -> https://lista.mercadolivre.com.br/monitor-gamer-24-144hz-ips-1ms-
[2026-09-06 03:56:08] [ML] Fallback URL: Monitor 24 144Hz IPS Acer Nitro QG241Y -> https://lista.mercadolivre.com.br/monitor-24-144hz-ips-acer-nitro
[2026-09-06 03:56:11] [ML] Fallback URL: Cadeira Gamer ThunderX3 EC3 Preta -> https://lista.mercadolivre.com.br/cadeira-gamer-thunderx3-ec3-pre
[2026-09-06 03:56:15] [ML] Fallback URL: Cadeira Gamer ThunderX3 EC3 -> https://lista.mercadolivre.com.br/cadeira-gamer-thunderx3-ec3#D[A
[2026-09-06 03:56:18] [ML] Fallback URL: Memoria RAM Kingston Fury Beast 16GB DDR4 3200MHz -> https://lista.mercadolivre.com.br/memoria-ram-kingston-fury-beast
[2026-09-06 03:56:21] [ML] Fallback URL: Memoria Kingston Fury Beast 16GB DDR4 3200 -> https://lista.mercadolivre.com.br/memoria-kingston-fury-beast-16g
[2026-09-06 03:56:25] [ML] Fallback URL: Fonte Corsair CV650 650W 80 Plus Bronze -> https://lista.mercadolivre.com.br/fonte-corsair-cv650-650w-80-plu
[2026-09-06 03:56:28] [ML] Fallback URL: Fonte Corsair CV650 650W 80Plus Bronze -> https://lista.mercadolivre.com.br/fonte-corsair-cv650-650w-80plus
[2026-09-06 03:56:48] [FALLO] Mercado Livre (query: 'teclado mecanico redragon kumara'): 403 Client Error: Forbidden for url: https://api.mercadolibre.com/sites/MLB/search?q=teclado+mecanico+redragon+kumara&limit=8&sort=price_asc
[2026-09-06 03:57:10] [FALLO] Shopee (query: 'teclado mecanico redragon kumara'): 403 Client Error: Forbidden for url: https://shopee.com.br/api/v4/search/search_items?by=relevancy&keyword=teclado+mecanico+redragon+kumara&limit=5&newest=0&order=desc&page_type=search
[2026-09-06 03:57:32] [FALLO] Mercado Livre (query: 'teclado mecanico hyperx alloy origins'): 403 Client Error: Forbidden for url: https://api.mercadolibre.com/sites/MLB/search?q=teclado+mecanico+hyperx+alloy+origins&limit=8&sort=price_asc
[2026-09-06 03:57:54] [FALLO] Shopee (query: 'teclado mecanico hyperx alloy origins'): 403 Client Error: Forbidden for url: https://shopee.com.br/api/v4/search/search_items?by=relevancy&keyword=teclado+mecanico+hyperx+alloy+origins&limit=5&newest=0&order=desc&page_type=search
[2026-09-06 03:58:14] [FALLO] Mercado Livre (query: 'teclado mecanico logitech g pro'): 403 Client Error: Forbidden for url: https://api.mercadolibre.com/sites/MLB/search?q=teclado+mecanico+logitech+g+pro&limit=8&sort=price_asc
[2026-09-06 03:58:37] [FALLO] Shopee (query: 'teclado mecanico logitech g pro'): 403 Client Error: Forbidden for url: https://shopee.com.br/api/v4/search/search_items?by=relevancy&keyword=teclado+mecanico+logitech+g+pro&limit=5&newest=0&order=desc&page_type=search
[2026-09-06 03:58:57] [FALLO] Mercado Livre (query: 'teclado mecanico royal kludge rk61'): 403 Client Error: Forbidden for url: https://api.mercadolibre.com/sites/MLB/search?q=teclado+mecanico+royal+kludge+rk61&limit=8&sort=price_asc
[2026-09-06 03:59:20] [FALLO] Shopee (query: 'teclado mecanico royal kludge rk61'): 403 Client Error: Forbidden for url: https://shopee.com.br/api/v4/search/search_items?by=relevancy&keyword=teclado+mecanico+royal+kludge+rk61&limit=5&newest=0&order=desc&page_type=search
[2026-09-06 03:59:41] [FALLO] Mercado Livre (query: 'mouse logitech g305 lightspeed'): 403 Client Error: Forbidden for url: https://api.mercadolibre.com/sites/MLB/search?q=mouse+logitech+g305+lightspeed&limit=8&sort=price_asc
[2026-09-06 04:00:03] [FALLO] Shopee (query: 'mouse logitech g305 lightspeed'): 403 Client Error: Forbidden for url: https://shopee.com.br/api/v4/search/search_items?by=relevancy&keyword=mouse+logitech+g305+lightspeed&limit=5&newest=0&order=desc&page_type=search
[2026-09-06 04:00:24] [FALLO] Mercado Livre (query: 'mouse razer deathadder v3'): 403 Client Error: Forbidden for url: https://api.mercadolibre.com/sites/MLB/search?q=mouse+razer+deathadder+v3&limit=8&sort=price_asc
[2026-09-06 04:00:45] [FALLO] Shopee (query: 'mouse razer deathadder v3'): 403 Client Error: Forbidden for url: https://shopee.com.br/api/v4/search/search_items?by=relevancy&keyword=mouse+razer+deathadder+v3&limit=5&newest=0&order=desc&page_type=search
[2026-09-06 04:01:05] [FALLO] Mercado Livre (query: 'mouse redragon cobra'): 403 Client Error: Forbidden for url: https://api.mercadolibre.com/sites/MLB/search?q=mouse+redragon+cobra&limit=8&sort=price_asc
[2026-09-06 04:01:27] [FALLO] Shopee (query: 'mouse redragon cobra'): 403 Client Error: Forbidden for url: https://shopee.com.br/api/v4/search/search_items?by=relevancy&keyword=mouse+redragon+cobra&limit=5&newest=0&order=desc&page_type=search
[2026-09-06 04:01:47] [FALLO] Mercado Livre (query: 'mousepad gamer grande 70x30'): 403 Client Error: Forbidden for url: https://api.mercadolibre.com/sites/MLB/search?q=mousepad+gamer+grande+70x30&limit=8&sort=price_asc
[2026-09-06 04:02:09] [FALLO] Shopee (query: 'mousepad gamer grande 70x30'): 403 Client Error: Forbidden for url: https://shopee.com.br/api/v4/search/search_items?by=relevancy&keyword=mousepad+gamer+grande+70x30&limit=5&newest=0&order=desc&page_type=search
[2026-09-06 04:02:29] [FALLO] Mercado Livre (query: 'headset hyperx cloud stinger 2'): 403 Client Error: Forbidden for url: https://api.mercadolibre.com/sites/MLB/search?q=headset+hyperx+cloud+stinger+2&limit=8&sort=price_asc
[2026-09-06 04:02:50] [FALLO] Shopee (query: 'headset hyperx cloud stinger 2'): 403 Client Error: Forbidden for url: https://shopee.com.br/api/v4/search/search_items?by=relevancy&keyword=headset+hyperx+cloud+stinger+2&limit=5&newest=0&order=desc&page_type=search
[2026-09-06 04:03:11] [FALLO] Mercado Livre (query: 'fone bluetooth edifier w820nb'): 403 Client Error: Forbidden for url: https://api.mercadolibre.com/sites/MLB/search?q=fone+bluetooth+edifier+w820nb&limit=8&sort=price_asc
[2026-09-06 04:03:34] [FALLO] Shopee (query: 'fone bluetooth edifier w820nb'): 403 Client Error: Forbidden for url: https://shopee.com.br/api/v4/search/search_items?by=relevancy&keyword=fone+bluetooth+edifier+w820nb&limit=5&newest=0&order=desc&page_type=search
[2026-09-06 04:03:54] [FALLO] Mercado Livre (query: 'fone bluetooth qcy t13'): 403 Client Error: Forbidden for url: https://api.mercadolibre.com/sites/MLB/search?q=fone+bluetooth+qcy+t13&limit=8&sort=price_asc
[2026-09-06 04:04:16] [FALLO] Shopee (query: 'fone bluetooth qcy t13'): 403 Client Error: Forbidden for url: https://shopee.com.br/api/v4/search/search_items?by=relevancy&keyword=fone+bluetooth+qcy+t13&limit=5&newest=0&order=desc&page_type=search
[2026-09-06 04:04:37] [FALLO] Mercado Livre (query: 'fone jbl tune 520bt'): 403 Client Error: Forbidden for url: https://api.mercadolibre.com/sites/MLB/search?q=fone+jbl+tune+520bt&limit=8&sort=price_asc
[2026-09-06 04:04:58] [FALLO] Shopee (query: 'fone jbl tune 520bt'): 403 Client Error: Forbidden for url: https://shopee.com.br/api/v4/search/search_items?by=relevancy&keyword=fone+jbl+tune+520bt&limit=5&newest=0&order=desc&page_type=search
[2026-09-06 04:05:18] [FALLO] Mercado Livre (query: 'caixa de som jbl flip 6'): 403 Client Error: Forbidden for url: https://api.mercadolibre.com/sites/MLB/search?q=caixa+de+som+jbl+flip+6&limit=8&sort=price_asc
[2026-09-06 04:05:40] [FALLO] Shopee (query: 'caixa de som jbl flip 6'): 403 Client Error: Forbidden for url: https://shopee.com.br/api/v4/search/search_items?by=relevancy&keyword=caixa+de+som+jbl+flip+6&limit=5&newest=0&order=desc&page_type=search
[2026-09-06 04:06:01] [FALLO] Mercado Livre (query: 'monitor gamer 24 144hz ips'): 403 Client Error: Forbidden for url: https://api.mercadolibre.com/sites/MLB/search?q=monitor+gamer+24+144hz+ips&limit=8&sort=price_asc
[2026-09-06 04:06:22] [FALLO] Shopee (query: 'monitor gamer 24 144hz ips'): 403 Client Error: Forbidden for url: https://shopee.com.br/api/v4/search/search_items?by=relevancy&keyword=monitor+gamer+24+144hz+ips&limit=5&newest=0&order=desc&page_type=search
[2026-09-06 04:06:44] [FALLO] Mercado Livre (query: 'monitor lg 24 ips full hd'): 403 Client Error: Forbidden for url: https://api.mercadolibre.com/sites/MLB/search?q=monitor+lg+24+ips+full+hd&limit=8&sort=price_asc
[2026-09-06 04:07:04] [FALLO] Shopee (query: 'monitor lg 24 ips full hd'): 403 Client Error: Forbidden for url: https://shopee.com.br/api/v4/search/search_items?by=relevancy&keyword=monitor+lg+24+ips+full+hd&limit=5&newest=0&order=desc&page_type=search
[2026-09-06 04:07:25] [FALLO] Mercado Livre (query: 'monitor samsung 27 curvo'): 403 Client Error: Forbidden for url: https://api.mercadolibre.com/sites/MLB/search?q=monitor+samsung+27+curvo&limit=8&sort=price_asc
[2026-09-06 04:07:45] [FALLO] Shopee (query: 'monitor samsung 27 curvo'): 403 Client Error: Forbidden for url: https://shopee.com.br/api/v4/search/search_items?by=relevancy&keyword=monitor+samsung+27+curvo&limit=5&newest=0&order=desc&page_type=search
[2026-09-06 04:08:05] [FALLO] Mercado Livre (query: 'ssd nvme 1tb kingston nv2'): 403 Client Error: Forbidden for url: https://api.mercadolibre.com/sites/MLB/search?q=ssd+nvme+1tb+kingston+nv2&limit=8&sort=price_asc
[2026-09-06 04:08:26] [FALLO] Shopee (query: 'ssd nvme 1tb kingston nv2'): 403 Client Error: Forbidden for url: https://shopee.com.br/api/v4/search/search_items?by=relevancy&keyword=ssd+nvme+1tb+kingston+nv2&limit=5&newest=0&order=desc&page_type=search
[2026-09-06 04:08:46] [FALLO] Mercado Livre (query: 'ssd nvme 500gb wd black sn770'): 403 Client Error: Forbidden for url: https://api.mercadolibre.com/sites/MLB/search?q=ssd+nvme+500gb+wd+black+sn770&limit=8&sort=price_asc
[2026-09-06 04:09:07] [FALLO] Shopee (query: 'ssd nvme 500gb wd black sn770'): 403 Client Error: Forbidden for url: https://shopee.com.br/api/v4/search/search_items?by=relevancy&keyword=ssd+nvme+500gb+wd+black+sn770&limit=5&newest=0&order=desc&page_type=search
[2026-09-06 04:09:27] [FALLO] Mercado Livre (query: 'memoria ram 16gb ddr4 3200mhz'): 403 Client Error: Forbidden for url: https://api.mercadolibre.com/sites/MLB/search?q=memoria+ram+16gb+ddr4+3200mhz&limit=8&sort=price_asc
[2026-09-06 04:09:49] [FALLO] Shopee (query: 'memoria ram 16gb ddr4 3200mhz'): 403 Client Error: Forbidden for url: https://shopee.com.br/api/v4/search/search_items?by=relevancy&keyword=memoria+ram+16gb+ddr4+3200mhz&limit=5&newest=0&order=desc&page_type=search
[2026-09-06 04:10:10] [FALLO] Mercado Livre (query: 'fonte 650w 80 plus bronze'): 403 Client Error: Forbidden for url: https://api.mercadolibre.com/sites/MLB/search?q=fonte+650w+80+plus+bronze&limit=8&sort=price_asc
[2026-09-06 04:10:32] [FALLO] Shopee (query: 'fonte 650w 80 plus bronze'): 403 Client Error: Forbidden for url: https://shopee.com.br/api/v4/search/search_items?by=relevancy&keyword=fonte+650w+80+plus+bronze&limit=5&newest=0&order=desc&page_type=search
[2026-09-06 04:10:52] [FALLO] Mercado Livre (query: 'cadeira gamer thunderx3'): 403 Client Error: Forbidden for url: https://api.mercadolibre.com/sites/MLB/search?q=cadeira+gamer+thunderx3&limit=8&sort=price_asc
[2026-09-06 04:11:12] [FALLO] Shopee (query: 'cadeira gamer thunderx3'): 403 Client Error: Forbidden for url: https://shopee.com.br/api/v4/search/search_items?by=relevancy&keyword=cadeira+gamer+thunderx3&limit=5&newest=0&order=desc&page_type=search
[2026-09-06 04:11:34] [FALLO] Mercado Livre (query: 'suporte monitor articulado'): 403 Client Error: Forbidden for url: https://api.mercadolibre.com/sites/MLB/search?q=suporte+monitor+articulado&limit=8&sort=price_asc
[2026-09-06 04:11:54] [FALLO] Shopee (query: 'suporte monitor articulado'): 403 Client Error: Forbidden for url: https://shopee.com.br/api/v4/search/search_items?by=relevancy&keyword=suporte+monitor+articulado&limit=5&newest=0&order=desc&page_type=search
[2026-09-06 04:12:14] [FALLO] Mercado Livre (query: 'alexa echo dot 5 geracao'): 403 Client Error: Forbidden for url: https://api.mercadolibre.com/sites/MLB/search?q=alexa+echo+dot+5+geracao&limit=8&sort=price_asc
[2026-09-06 04:12:35] [FALLO] Shopee (query: 'alexa echo dot 5 geracao'): 403 Client Error: Forbidden for url: https://shopee.com.br/api/v4/search/search_items?by=relevancy&keyword=alexa+echo+dot+5+geracao&limit=5&newest=0&order=desc&page_type=search
[2026-09-06 04:12:55] [FALLO] Mercado Livre (query: 'lampada inteligente wifi rgb'): 403 Client Error: Forbidden for url: https://api.mercadolibre.com/sites/MLB/search?q=lampada+inteligente+wifi+rgb&limit=8&sort=price_asc
[2026-09-06 04:13:15] [FALLO] Shopee (query: 'lampada inteligente wifi rgb'): 403 Client Error: Forbidden for url: https://shopee.com.br/api/v4/search/search_items?by=relevancy&keyword=lampada+inteligente+wifi+rgb&limit=5&newest=0&order=desc&page_type=search
[2026-09-06 04:13:36] [FALLO] Mercado Livre (query: 'tomada inteligente wifi'): 403 Client Error: Forbidden for url: https://api.mercadolibre.com/sites/MLB/search?q=tomada+inteligente+wifi&limit=8&sort=price_asc
[2026-09-06 04:13:56] [FALLO] Shopee (query: 'tomada inteligente wifi'): 403 Client Error: Forbidden for url: https://shopee.com.br/api/v4/search/search_items?by=relevancy&keyword=tomada+inteligente+wifi&limit=5&newest=0&order=desc&page_type=search
[2026-09-06 08:32:47] [PELANDO] Scraping Amazon (https://www.pelando.com.br/cupons-de-descontos/amazon)
[2026-09-06 08:32:52] [PELANDO]   Falha ao acessar Amazon
[2026-09-06 08:32:54] [PELANDO] Scraping KaBuM! (https://www.pelando.com.br/cupons-de-descontos/kabum)
[2026-09-06 08:32:58] [PELANDO]   Falha ao acessar KaBuM!
[2026-09-06 08:33:00] [PELANDO] Scraping Mercado Livre (https://www.pelando.com.br/cupons-de-descontos/mercado-livre)
[2026-09-06 08:33:04] [PELANDO]   Falha ao acessar Mercado Livre
[2026-09-06 08:33:06] [PELANDO] Scraping Shopee (https://www.pelando.com.br/cupons-de-descontos/shopee)
[2026-09-06 08:33:10] [PELANDO]   Falha ao acessar Shopee
[2026-09-06 08:33:12] [PELANDO] Scraping Magazine Luiza (https://www.pelando.com.br/cupons-de-descontos/magalu)
[2026-09-06 08:33:16] [PELANDO]   Falha ao acessar Magazine Luiza
[2026-09-06 08:33:18] [PELANDO] Scraping AliExpress (https://www.pelando.com.br/cupons-de-descontos/aliexpress)
[2026-09-06 08:33:23] [PELANDO]   Falha ao acessar AliExpress
[2026-09-06 08:33:25] [PELANDO] Scraping Pichau (https://www.pelando.com.br/cupons-de-descontos/pichau)
[2026-09-06 08:33:29] [PELANDO]   Falha ao acessar Pichau
[2026-09-06 08:33:31] [PELANDO] Scraping Terabyte Shop (https://www.pelando.com.br/cupons-de-descontos/terabyte)
[2026-09-06 08:33:35] [PELANDO]   Falha ao acessar Terabyte Shop
[2026-09-06 08:33:37] [PELANDO] Completado: 0 Pelando + 5 manuales = 5 total
[2026-09-06 08:33:41] [ML] Fallback URL: Teclado Mecanico Redragon Kumara K552 RGB Switch B -> https://lista.mercadolivre.com.br/teclado-mecanico-redragon-kumar
[2026-09-06 08:33:45] [ML] Fallback URL: Teclado Mecanico Redragon Kumara K552 RGB -> https://lista.mercadolivre.com.br/teclado-mecanico-redragon-kumar
[2026-09-06 08:33:45] [ML] Fallback URL: Teclado Mecanico Redragon Kumara K552 RGB -> https://lista.mercadolivre.com.br/teclado-mecanico-redragon-kumar
[2026-09-06 08:33:48] [ML] Fallback URL: Teclado Mecanico Redragon Kumara K552 -> https://lista.mercadolivre.com.br/teclado-mecanico-redragon-kumar
[2026-09-06 08:33:52] [ML] Fallback URL: Headset Gamer HyperX Cloud Stinger 2 Core -> https://lista.mercadolivre.com.br/headset-gamer-hyperx-cloud-stin
[2026-09-06 08:33:55] [ML] Fallback URL: Headset HyperX Cloud Stinger 2 -> https://lista.mercadolivre.com.br/headset-hyperx-cloud-stinger-2#
[2026-09-06 08:33:55] [ML] Fallback URL: Headset HyperX Cloud Stinger 2 -> https://lista.mercadolivre.com.br/headset-hyperx-cloud-stinger-2#
[2026-09-06 08:33:55] [ML] Fallback URL: Headset HyperX Cloud Stinger 2 -> https://lista.mercadolivre.com.br/headset-hyperx-cloud-stinger-2#
[2026-09-06 08:33:58] [ML] Fallback URL: Mouse Gamer Logitech G305 LIGHTSPEED Sem Fio -> https://lista.mercadolivre.com.br/mouse-gamer-logitech-g305-light
[2026-09-06 08:34:02] [ML] Fallback URL: Mouse Logitech G305 LIGHTSPEED Wireless -> https://lista.mercadolivre.com.br/mouse-logitech-g305-lightspeed-
[2026-09-06 08:34:05] [ML] Fallback URL: Mouse Logitech G305 Wireless -> https://lista.mercadolivre.com.br/mouse-logitech-g305-wireless#D[
[2026-09-06 08:34:09] [ML] Fallback URL: SSD NVMe Kingston NV2 1TB PCIe 4.0 -> https://lista.mercadolivre.com.br/ssd-nvme-kingston-nv2-1tb-pcie-
[2026-09-06 08:34:12] [ML] Fallback URL: SSD Kingston NV2 1TB NVMe M.2 -> https://lista.mercadolivre.com.br/ssd-kingston-nv2-1tb-nvme-m2#D[
[2026-09-06 08:34:16] [ML] Fallback URL: SSD Kingston NV2 1TB NVMe -> https://lista.mercadolivre.com.br/ssd-kingston-nv2-1tb-nvme#D[A:j
[2026-09-06 08:34:19] [ML] Fallback URL: Fone Bluetooth QCY T13 ANC TWS -> https://lista.mercadolivre.com.br/fone-bluetooth-qcy-t13-anc-tws#
[2026-09-06 08:34:23] [ML] Fallback URL: Fone QCY T13 ANC Bluetooth -> https://lista.mercadolivre.com.br/fone-qcy-t13-anc-bluetooth#D[A:
[2026-09-06 08:34:23] [ML] Fallback URL: Fone QCY T13 ANC Bluetooth -> https://lista.mercadolivre.com.br/fone-qcy-t13-anc-bluetooth#D[A:
[2026-09-06 08:34:26] [ML] Fallback URL: Echo Dot 5a Geracao Alexa Smart Speaker -> https://lista.mercadolivre.com.br/echo-dot-5a-geracao-alexa-smart
[2026-09-06 08:34:30] [ML] Fallback URL: Echo Dot 5 Geracao com Alexa -> https://lista.mercadolivre.com.br/echo-dot-5-geracao-com-alexa#D[
[2026-09-06 08:34:33] [ML] Fallback URL: Teclado Mecanico Royal Kludge RK61 60% RGB Bluetoo -> https://lista.mercadolivre.com.br/teclado-mecanico-royal-kludge-r
[2026-09-06 08:34:37] [ML] Fallback URL: Royal Kludge RK61 Teclado 60% Mecanico RGB -> https://lista.mercadolivre.com.br/royal-kludge-rk61-teclado-60-me
[2026-09-06 08:34:40] [ML] Fallback URL: Monitor Gamer 24 144Hz IPS 1ms Acer Nitro QG241Y -> https://lista.mercadolivre.com.br/monitor-gamer-24-144hz-ips-1ms-
[2026-09-06 08:34:44] [ML] Fallback URL: Monitor 24 144Hz IPS Acer Nitro QG241Y -> https://lista.mercadolivre.com.br/monitor-24-144hz-ips-acer-nitro
[2026-09-06 08:34:47] [ML] Fallback URL: Cadeira Gamer ThunderX3 EC3 Preta -> https://lista.mercadolivre.com.br/cadeira-gamer-thunderx3-ec3-pre
[2026-09-06 08:34:51] [ML] Fallback URL: Cadeira Gamer ThunderX3 EC3 -> https://lista.mercadolivre.com.br/cadeira-gamer-thunderx3-ec3#D[A
[2026-09-06 08:34:54] [ML] Fallback URL: Memoria RAM Kingston Fury Beast 16GB DDR4 3200MHz -> https://lista.mercadolivre.com.br/memoria-ram-kingston-fury-beast
[2026-09-06 08:34:58] [ML] Fallback URL: Memoria Kingston Fury Beast 16GB DDR4 3200 -> https://lista.mercadolivre.com.br/memoria-kingston-fury-beast-16g
[2026-09-06 08:35:01] [ML] Fallback URL: Fonte Corsair CV650 650W 80 Plus Bronze -> https://lista.mercadolivre.com.br/fonte-corsair-cv650-650w-80-plu
[2026-09-06 08:35:05] [ML] Fallback URL: Fonte Corsair CV650 650W 80Plus Bronze -> https://lista.mercadolivre.com.br/fonte-corsair-cv650-650w-80plus
[2026-09-06 08:35:25] [FALLO] Mercado Livre (query: 'teclado mecanico redragon kumara'): 403 Client Error: Forbidden for url: https://api.mercadolibre.com/sites/MLB/search?q=teclado+mecanico+redragon+kumara&limit=8&sort=price_asc
[2026-09-06 08:35:46] [FALLO] Shopee (query: 'teclado mecanico redragon kumara'): 403 Client Error: Forbidden for url: https://shopee.com.br/api/v4/search/search_items?by=relevancy&keyword=teclado+mecanico+redragon+kumara&limit=5&newest=0&order=desc&page_type=search
[2026-09-06 08:36:07] [FALLO] Mercado Livre (query: 'teclado mecanico hyperx alloy origins'): 403 Client Error: Forbidden for url: https://api.mercadolibre.com/sites/MLB/search?q=teclado+mecanico+hyperx+alloy+origins&limit=8&sort=price_asc
[2026-09-06 08:36:29] [FALLO] Shopee (query: 'teclado mecanico hyperx alloy origins'): 403 Client Error: Forbidden for url: https://shopee.com.br/api/v4/search/search_items?by=relevancy&keyword=teclado+mecanico+hyperx+alloy+origins&limit=5&newest=0&order=desc&page_type=search
[2026-09-06 08:36:49] [FALLO] Mercado Livre (query: 'teclado mecanico logitech g pro'): 403 Client Error: Forbidden for url: https://api.mercadolibre.com/sites/MLB/search?q=teclado+mecanico+logitech+g+pro&limit=8&sort=price_asc
[2026-09-06 08:37:12] [FALLO] Shopee (query: 'teclado mecanico logitech g pro'): 403 Client Error: Forbidden for url: https://shopee.com.br/api/v4/search/search_items?by=relevancy&keyword=teclado+mecanico+logitech+g+pro&limit=5&newest=0&order=desc&page_type=search
[2026-09-06 08:37:32] [FALLO] Mercado Livre (query: 'teclado mecanico royal kludge rk61'): 403 Client Error: Forbidden for url: https://api.mercadolibre.com/sites/MLB/search?q=teclado+mecanico+royal+kludge+rk61&limit=8&sort=price_asc
[2026-09-06 08:37:53] [FALLO] Shopee (query: 'teclado mecanico royal kludge rk61'): 403 Client Error: Forbidden for url: https://shopee.com.br/api/v4/search/search_items?by=relevancy&keyword=teclado+mecanico+royal+kludge+rk61&limit=5&newest=0&order=desc&page_type=search
[2026-09-06 08:38:15] [FALLO] Mercado Livre (query: 'mouse logitech g305 lightspeed'): 403 Client Error: Forbidden for url: https://api.mercadolibre.com/sites/MLB/search?q=mouse+logitech+g305+lightspeed&limit=8&sort=price_asc
[2026-09-06 08:38:36] [FALLO] Shopee (query: 'mouse logitech g305 lightspeed'): 403 Client Error: Forbidden for url: https://shopee.com.br/api/v4/search/search_items?by=relevancy&keyword=mouse+logitech+g305+lightspeed&limit=5&newest=0&order=desc&page_type=search
[2026-09-06 08:38:58] [FALLO] Mercado Livre (query: 'mouse razer deathadder v3'): 403 Client Error: Forbidden for url: https://api.mercadolibre.com/sites/MLB/search?q=mouse+razer+deathadder+v3&limit=8&sort=price_asc
[2026-09-06 08:39:20] [FALLO] Shopee (query: 'mouse razer deathadder v3'): 403 Client Error: Forbidden for url: https://shopee.com.br/api/v4/search/search_items?by=relevancy&keyword=mouse+razer+deathadder+v3&limit=5&newest=0&order=desc&page_type=search
[2026-09-06 08:39:41] [FALLO] Mercado Livre (query: 'mouse redragon cobra'): 403 Client Error: Forbidden for url: https://api.mercadolibre.com/sites/MLB/search?q=mouse+redragon+cobra&limit=8&sort=price_asc
[2026-09-06 08:40:03] [FALLO] Shopee (query: 'mouse redragon cobra'): 403 Client Error: Forbidden for url: https://shopee.com.br/api/v4/search/search_items?by=relevancy&keyword=mouse+redragon+cobra&limit=5&newest=0&order=desc&page_type=search
[2026-09-06 08:40:24] [FALLO] Mercado Livre (query: 'mousepad gamer grande 70x30'): 403 Client Error: Forbidden for url: https://api.mercadolibre.com/sites/MLB/search?q=mousepad+gamer+grande+70x30&limit=8&sort=price_asc
[2026-09-06 08:40:46] [FALLO] Shopee (query: 'mousepad gamer grande 70x30'): 403 Client Error: Forbidden for url: https://shopee.com.br/api/v4/search/search_items?by=relevancy&keyword=mousepad+gamer+grande+70x30&limit=5&newest=0&order=desc&page_type=search
[2026-09-06 08:41:06] [FALLO] Mercado Livre (query: 'headset hyperx cloud stinger 2'): 403 Client Error: Forbidden for url: https://api.mercadolibre.com/sites/MLB/search?q=headset+hyperx+cloud+stinger+2&limit=8&sort=price_asc
[2026-09-06 08:41:26] [FALLO] Shopee (query: 'headset hyperx cloud stinger 2'): 403 Client Error: Forbidden for url: https://shopee.com.br/api/v4/search/search_items?by=relevancy&keyword=headset+hyperx+cloud+stinger+2&limit=5&newest=0&order=desc&page_type=search
[2026-09-06 08:41:48] [FALLO] Mercado Livre (query: 'fone bluetooth edifier w820nb'): 403 Client Error: Forbidden for url: https://api.mercadolibre.com/sites/MLB/search?q=fone+bluetooth+edifier+w820nb&limit=8&sort=price_asc
[2026-09-06 08:42:11] [FALLO] Shopee (query: 'fone bluetooth edifier w820nb'): 403 Client Error: Forbidden for url: https://shopee.com.br/api/v4/search/search_items?by=relevancy&keyword=fone+bluetooth+edifier+w820nb&limit=5&newest=0&order=desc&page_type=search
[2026-09-06 08:42:31] [FALLO] Mercado Livre (query: 'fone bluetooth qcy t13'): 403 Client Error: Forbidden for url: https://api.mercadolibre.com/sites/MLB/search?q=fone+bluetooth+qcy+t13&limit=8&sort=price_asc
[2026-09-06 08:42:54] [FALLO] Shopee (query: 'fone bluetooth qcy t13'): 403 Client Error: Forbidden for url: https://shopee.com.br/api/v4/search/search_items?by=relevancy&keyword=fone+bluetooth+qcy+t13&limit=5&newest=0&order=desc&page_type=search
[2026-09-06 08:43:15] [FALLO] Mercado Livre (query: 'fone jbl tune 520bt'): 403 Client Error: Forbidden for url: https://api.mercadolibre.com/sites/MLB/search?q=fone+jbl+tune+520bt&limit=8&sort=price_asc
[2026-09-06 08:43:38] [FALLO] Shopee (query: 'fone jbl tune 520bt'): 403 Client Error: Forbidden for url: https://shopee.com.br/api/v4/search/search_items?by=relevancy&keyword=fone+jbl+tune+520bt&limit=5&newest=0&order=desc&page_type=search
[2026-09-06 08:43:59] [FALLO] Mercado Livre (query: 'caixa de som jbl flip 6'): 403 Client Error: Forbidden for url: https://api.mercadolibre.com/sites/MLB/search?q=caixa+de+som+jbl+flip+6&limit=8&sort=price_asc
[2026-09-06 08:44:19] [FALLO] Shopee (query: 'caixa de som jbl flip 6'): 403 Client Error: Forbidden for url: https://shopee.com.br/api/v4/search/search_items?by=relevancy&keyword=caixa+de+som+jbl+flip+6&limit=5&newest=0&order=desc&page_type=search
[2026-09-06 08:44:39] [FALLO] Mercado Livre (query: 'monitor gamer 24 144hz ips'): 403 Client Error: Forbidden for url: https://api.mercadolibre.com/sites/MLB/search?q=monitor+gamer+24+144hz+ips&limit=8&sort=price_asc
[2026-09-06 08:45:01] [FALLO] Shopee (query: 'monitor gamer 24 144hz ips'): 403 Client Error: Forbidden for url: https://shopee.com.br/api/v4/search/search_items?by=relevancy&keyword=monitor+gamer+24+144hz+ips&limit=5&newest=0&order=desc&page_type=search
[2026-09-06 08:45:22] [FALLO] Mercado Livre (query: 'monitor lg 24 ips full hd'): 403 Client Error: Forbidden for url: https://api.mercadolibre.com/sites/MLB/search?q=monitor+lg+24+ips+full+hd&limit=8&sort=price_asc
[2026-09-06 08:45:45] [FALLO] Shopee (query: 'monitor lg 24 ips full hd'): 403 Client Error: Forbidden for url: https://shopee.com.br/api/v4/search/search_items?by=relevancy&keyword=monitor+lg+24+ips+full+hd&limit=5&newest=0&order=desc&page_type=search
[2026-09-06 08:46:06] [FALLO] Mercado Livre (query: 'monitor samsung 27 curvo'): 403 Client Error: Forbidden for url: https://api.mercadolibre.com/sites/MLB/search?q=monitor+samsung+27+curvo&limit=8&sort=price_asc
[2026-09-06 08:46:26] [FALLO] Shopee (query: 'monitor samsung 27 curvo'): 403 Client Error: Forbidden for url: https://shopee.com.br/api/v4/search/search_items?by=relevancy&keyword=monitor+samsung+27+curvo&limit=5&newest=0&order=desc&page_type=search
[2026-09-06 08:46:47] [FALLO] Mercado Livre (query: 'ssd nvme 1tb kingston nv2'): 403 Client Error: Forbidden for url: https://api.mercadolibre.com/sites/MLB/search?q=ssd+nvme+1tb+kingston+nv2&limit=8&sort=price_asc
[2026-09-06 08:47:08] [FALLO] Shopee (query: 'ssd nvme 1tb kingston nv2'): 403 Client Error: Forbidden for url: https://shopee.com.br/api/v4/search/search_items?by=relevancy&keyword=ssd+nvme+1tb+kingston+nv2&limit=5&newest=0&order=desc&page_type=search
[2026-09-06 08:47:28] [FALLO] Mercado Livre (query: 'ssd nvme 500gb wd black sn770'): 403 Client Error: Forbidden for url: https://api.mercadolibre.com/sites/MLB/search?q=ssd+nvme+500gb+wd+black+sn770&limit=8&sort=price_asc
[2026-09-06 08:47:49] [FALLO] Shopee (query: 'ssd nvme 500gb wd black sn770'): 403 Client Error: Forbidden for url: https://shopee.com.br/api/v4/search/search_items?by=relevancy&keyword=ssd+nvme+500gb+wd+black+sn770&limit=5&newest=0&order=desc&page_type=search
[2026-09-06 08:48:09] [FALLO] Mercado Livre (query: 'memoria ram 16gb ddr4 3200mhz'): 403 Client Error: Forbidden for url: https://api.mercadolibre.com/sites/MLB/search?q=memoria+ram+16gb+ddr4+3200mhz&limit=8&sort=price_asc
[2026-09-06 08:48:29] [FALLO] Shopee (query: 'memoria ram 16gb ddr4 3200mhz'): 403 Client Error: Forbidden for url: https://shopee.com.br/api/v4/search/search_items?by=relevancy&keyword=memoria+ram+16gb+ddr4+3200mhz&limit=5&newest=0&order=desc&page_type=search
[2026-09-06 08:48:50] [FALLO] Mercado Livre (query: 'fonte 650w 80 plus bronze'): 403 Client Error: Forbidden for url: https://api.mercadolibre.com/sites/MLB/search?q=fonte+650w+80+plus+bronze&limit=8&sort=price_asc
[2026-09-06 08:49:10] [FALLO] Shopee (query: 'fonte 650w 80 plus bronze'): 403 Client Error: Forbidden for url: https://shopee.com.br/api/v4/search/search_items?by=relevancy&keyword=fonte+650w+80+plus+bronze&limit=5&newest=0&order=desc&page_type=search
[2026-09-06 08:49:31] [FALLO] Mercado Livre (query: 'cadeira gamer thunderx3'): 403 Client Error: Forbidden for url: https://api.mercadolibre.com/sites/MLB/search?q=cadeira+gamer+thunderx3&limit=8&sort=price_asc
[2026-09-06 08:49:51] [FALLO] Shopee (query: 'cadeira gamer thunderx3'): 403 Client Error: Forbidden for url: https://shopee.com.br/api/v4/search/search_items?by=relevancy&keyword=cadeira+gamer+thunderx3&limit=5&newest=0&order=desc&page_type=search
[2026-09-06 08:50:13] [FALLO] Mercado Livre (query: 'suporte monitor articulado'): 403 Client Error: Forbidden for url: https://api.mercadolibre.com/sites/MLB/search?q=suporte+monitor+articulado&limit=8&sort=price_asc
[2026-09-06 08:50:33] [FALLO] Shopee (query: 'suporte monitor articulado'): 403 Client Error: Forbidden for url: https://shopee.com.br/api/v4/search/search_items?by=relevancy&keyword=suporte+monitor+articulado&limit=5&newest=0&order=desc&page_type=search
[2026-09-06 08:50:53] [FALLO] Mercado Livre (query: 'alexa echo dot 5 geracao'): 403 Client Error: Forbidden for url: https://api.mercadolibre.com/sites/MLB/search?q=alexa+echo+dot+5+geracao&limit=8&sort=price_asc
[2026-09-06 08:51:14] [FALLO] Shopee (query: 'alexa echo dot 5 geracao'): 403 Client Error: Forbidden for url: https://shopee.com.br/api/v4/search/search_items?by=relevancy&keyword=alexa+echo+dot+5+geracao&limit=5&newest=0&order=desc&page_type=search
[2026-09-06 08:51:34] [FALLO] Mercado Livre (query: 'lampada inteligente wifi rgb'): 403 Client Error: Forbidden for url: https://api.mercadolibre.com/sites/MLB/search?q=lampada+inteligente+wifi+rgb&limit=8&sort=price_asc
[2026-09-06 08:51:55] [FALLO] Shopee (query: 'lampada inteligente wifi rgb'): 403 Client Error: Forbidden for url: https://shopee.com.br/api/v4/search/search_items?by=relevancy&keyword=lampada+inteligente+wifi+rgb&limit=5&newest=0&order=desc&page_type=search
[2026-09-06 08:52:15] [FALLO] Mercado Livre (query: 'tomada inteligente wifi'): 403 Client Error: Forbidden for url: https://api.mercadolibre.com/sites/MLB/search?q=tomada+inteligente+wifi&limit=8&sort=price_asc
[2026-09-06 08:52:35] [FALLO] Shopee (query: 'tomada inteligente wifi'): 403 Client Error: Forbidden for url: https://shopee.com.br/api/v4/search/search_items?by=relevancy&keyword=tomada+inteligente+wifi&limit=5&newest=0&order=desc&page_type=search
[2026-09-06 13:29:26] [PELANDO] Scraping Amazon (https://www.pelando.com.br/cupons-de-descontos/amazon)
[2026-09-06 13:29:30] [PELANDO]   Falha ao acessar Amazon
[2026-09-06 13:29:32] [PELANDO] Scraping KaBuM! (https://www.pelando.com.br/cupons-de-descontos/kabum)
[2026-09-06 13:29:36] [PELANDO]   Falha ao acessar KaBuM!
[2026-09-06 13:29:38] [PELANDO] Scraping Mercado Livre (https://www.pelando.com.br/cupons-de-descontos/mercado-livre)
[2026-09-06 13:29:42] [PELANDO]   Falha ao acessar Mercado Livre
[2026-09-06 13:29:44] [PELANDO] Scraping Shopee (https://www.pelando.com.br/cupons-de-descontos/shopee)
[2026-09-06 13:29:49] [PELANDO]   Falha ao acessar Shopee
[2026-09-06 13:29:51] [PELANDO] Scraping Magazine Luiza (https://www.pelando.com.br/cupons-de-descontos/magalu)
[2026-09-06 13:29:55] [PELANDO]   Falha ao acessar Magazine Luiza
[2026-09-06 13:29:57] [PELANDO] Scraping AliExpress (https://www.pelando.com.br/cupons-de-descontos/aliexpress)
[2026-09-06 13:30:01] [PELANDO]   Falha ao acessar AliExpress
[2026-09-06 13:30:03] [PELANDO] Scraping Pichau (https://www.pelando.com.br/cupons-de-descontos/pichau)
[2026-09-06 13:30:07] [PELANDO]   Falha ao acessar Pichau
[2026-09-06 13:30:09] [PELANDO] Scraping Terabyte Shop (https://www.pelando.com.br/cupons-de-descontos/terabyte)
[2026-09-06 13:30:13] [PELANDO]   Falha ao acessar Terabyte Shop
[2026-09-06 13:30:15] [PELANDO] Completado: 0 Pelando + 5 manuales = 5 total
[2026-09-06 13:30:20] [ML] Fallback URL: Teclado Mecanico Redragon Kumara K552 RGB Switch B -> https://lista.mercadolivre.com.br/teclado-mecanico-redragon-kumar
[2026-09-06 13:30:23] [ML] Fallback URL: Teclado Mecanico Redragon Kumara K552 RGB -> https://lista.mercadolivre.com.br/teclado-mecanico-redragon-kumar
[2026-09-06 13:30:23] [ML] Fallback URL: Teclado Mecanico Redragon Kumara K552 RGB -> https://lista.mercadolivre.com.br/teclado-mecanico-redragon-kumar
[2026-09-06 13:30:26] [ML] Fallback URL: Teclado Mecanico Redragon Kumara K552 -> https://lista.mercadolivre.com.br/teclado-mecanico-redragon-kumar
[2026-09-06 13:30:30] [ML] Fallback URL: Headset Gamer HyperX Cloud Stinger 2 Core -> https://lista.mercadolivre.com.br/headset-gamer-hyperx-cloud-stin
[2026-09-06 13:30:33] [ML] Fallback URL: Headset HyperX Cloud Stinger 2 -> https://lista.mercadolivre.com.br/headset-hyperx-cloud-stinger-2#
[2026-09-06 13:30:33] [ML] Fallback URL: Headset HyperX Cloud Stinger 2 -> https://lista.mercadolivre.com.br/headset-hyperx-cloud-stinger-2#
[2026-09-06 13:30:33] [ML] Fallback URL: Headset HyperX Cloud Stinger 2 -> https://lista.mercadolivre.com.br/headset-hyperx-cloud-stinger-2#
[2026-09-06 13:30:37] [ML] Fallback URL: Mouse Gamer Logitech G305 LIGHTSPEED Sem Fio -> https://lista.mercadolivre.com.br/mouse-gamer-logitech-g305-light
[2026-09-06 13:30:40] [ML] Fallback URL: Mouse Logitech G305 LIGHTSPEED Wireless -> https://lista.mercadolivre.com.br/mouse-logitech-g305-lightspeed-
[2026-09-06 13:30:44] [ML] Fallback URL: Mouse Logitech G305 Wireless -> https://lista.mercadolivre.com.br/mouse-logitech-g305-wireless#D[
[2026-09-06 13:30:47] [ML] Fallback URL: SSD NVMe Kingston NV2 1TB PCIe 4.0 -> https://lista.mercadolivre.com.br/ssd-nvme-kingston-nv2-1tb-pcie-
[2026-09-06 13:30:51] [ML] Fallback URL: SSD Kingston NV2 1TB NVMe M.2 -> https://lista.mercadolivre.com.br/ssd-kingston-nv2-1tb-nvme-m2#D[
[2026-09-06 13:30:54] [ML] Fallback URL: SSD Kingston NV2 1TB NVMe -> https://lista.mercadolivre.com.br/ssd-kingston-nv2-1tb-nvme#D[A:j
[2026-09-06 13:30:58] [ML] Fallback URL: Fone Bluetooth QCY T13 ANC TWS -> https://lista.mercadolivre.com.br/fone-bluetooth-qcy-t13-anc-tws#
[2026-09-06 13:31:01] [ML] Fallback URL: Fone QCY T13 ANC Bluetooth -> https://lista.mercadolivre.com.br/fone-qcy-t13-anc-bluetooth#D[A:
[2026-09-06 13:31:01] [ML] Fallback URL: Fone QCY T13 ANC Bluetooth -> https://lista.mercadolivre.com.br/fone-qcy-t13-anc-bluetooth#D[A:
[2026-09-06 13:31:05] [ML] Fallback URL: Echo Dot 5a Geracao Alexa Smart Speaker -> https://lista.mercadolivre.com.br/echo-dot-5a-geracao-alexa-smart
[2026-09-06 13:31:08] [ML] Fallback URL: Echo Dot 5 Geracao com Alexa -> https://lista.mercadolivre.com.br/echo-dot-5-geracao-com-alexa#D[
[2026-09-06 13:31:11] [ML] Fallback URL: Teclado Mecanico Royal Kludge RK61 60% RGB Bluetoo -> https://lista.mercadolivre.com.br/teclado-mecanico-royal-kludge-r
[2026-09-06 13:31:15] [ML] Fallback URL: Royal Kludge RK61 Teclado 60% Mecanico RGB -> https://lista.mercadolivre.com.br/royal-kludge-rk61-teclado-60-me
[2026-09-06 13:31:18] [ML] Fallback URL: Monitor Gamer 24 144Hz IPS 1ms Acer Nitro QG241Y -> https://lista.mercadolivre.com.br/monitor-gamer-24-144hz-ips-1ms-
[2026-09-06 13:31:22] [ML] Fallback URL: Monitor 24 144Hz IPS Acer Nitro QG241Y -> https://lista.mercadolivre.com.br/monitor-24-144hz-ips-acer-nitro
[2026-09-06 13:31:26] [ML] Fallback URL: Cadeira Gamer ThunderX3 EC3 Preta -> https://lista.mercadolivre.com.br/cadeira-gamer-thunderx3-ec3-pre
[2026-09-06 13:31:29] [ML] Fallback URL: Cadeira Gamer ThunderX3 EC3 -> https://lista.mercadolivre.com.br/cadeira-gamer-thunderx3-ec3#D[A
[2026-09-06 13:31:33] [ML] Fallback URL: Memoria RAM Kingston Fury Beast 16GB DDR4 3200MHz -> https://lista.mercadolivre.com.br/memoria-ram-kingston-fury-beast
[2026-09-06 13:31:36] [ML] Fallback URL: Memoria Kingston Fury Beast 16GB DDR4 3200 -> https://lista.mercadolivre.com.br/memoria-kingston-fury-beast-16g
[2026-09-06 13:31:40] [ML] Fallback URL: Fonte Corsair CV650 650W 80 Plus Bronze -> https://lista.mercadolivre.com.br/fonte-corsair-cv650-650w-80-plu
[2026-09-06 13:31:43] [ML] Fallback URL: Fonte Corsair CV650 650W 80Plus Bronze -> https://lista.mercadolivre.com.br/fonte-corsair-cv650-650w-80plus
[2026-09-06 13:32:04] [FALLO] Mercado Livre (query: 'teclado mecanico redragon kumara'): 403 Client Error: Forbidden for url: https://api.mercadolibre.com/sites/MLB/search?q=teclado+mecanico+redragon+kumara&limit=8&sort=price_asc
[2026-09-06 13:32:24] [FALLO] Shopee (query: 'teclado mecanico redragon kumara'): 403 Client Error: Forbidden for url: https://shopee.com.br/api/v4/search/search_items?by=relevancy&keyword=teclado+mecanico+redragon+kumara&limit=5&newest=0&order=desc&page_type=search
[2026-09-06 13:32:46] [FALLO] Mercado Livre (query: 'teclado mecanico hyperx alloy origins'): 403 Client Error: Forbidden for url: https://api.mercadolibre.com/sites/MLB/search?q=teclado+mecanico+hyperx+alloy+origins&limit=8&sort=price_asc
[2026-09-06 13:33:06] [FALLO] Shopee (query: 'teclado mecanico hyperx alloy origins'): 403 Client Error: Forbidden for url: https://shopee.com.br/api/v4/search/search_items?by=relevancy&keyword=teclado+mecanico+hyperx+alloy+origins&limit=5&newest=0&order=desc&page_type=search
[2026-09-06 13:33:27] [FALLO] Mercado Livre (query: 'teclado mecanico logitech g pro'): 403 Client Error: Forbidden for url: https://api.mercadolibre.com/sites/MLB/search?q=teclado+mecanico+logitech+g+pro&limit=8&sort=price_asc
[2026-09-06 13:33:47] [FALLO] Shopee (query: 'teclado mecanico logitech g pro'): 403 Client Error: Forbidden for url: https://shopee.com.br/api/v4/search/search_items?by=relevancy&keyword=teclado+mecanico+logitech+g+pro&limit=5&newest=0&order=desc&page_type=search
[2026-09-06 13:34:08] [FALLO] Mercado Livre (query: 'teclado mecanico royal kludge rk61'): 403 Client Error: Forbidden for url: https://api.mercadolibre.com/sites/MLB/search?q=teclado+mecanico+royal+kludge+rk61&limit=8&sort=price_asc
[2026-09-06 13:34:28] [FALLO] Shopee (query: 'teclado mecanico royal kludge rk61'): 403 Client Error: Forbidden for url: https://shopee.com.br/api/v4/search/search_items?by=relevancy&keyword=teclado+mecanico+royal+kludge+rk61&limit=5&newest=0&order=desc&page_type=search
[2026-09-06 13:34:50] [FALLO] Mercado Livre (query: 'mouse logitech g305 lightspeed'): 403 Client Error: Forbidden for url: https://api.mercadolibre.com/sites/MLB/search?q=mouse+logitech+g305+lightspeed&limit=8&sort=price_asc
[2026-09-06 13:35:11] [FALLO] Shopee (query: 'mouse logitech g305 lightspeed'): 403 Client Error: Forbidden for url: https://shopee.com.br/api/v4/search/search_items?by=relevancy&keyword=mouse+logitech+g305+lightspeed&limit=5&newest=0&order=desc&page_type=search
[2026-09-06 13:35:32] [FALLO] Mercado Livre (query: 'mouse razer deathadder v3'): 403 Client Error: Forbidden for url: https://api.mercadolibre.com/sites/MLB/search?q=mouse+razer+deathadder+v3&limit=8&sort=price_asc
[2026-09-06 13:35:55] [FALLO] Shopee (query: 'mouse razer deathadder v3'): 403 Client Error: Forbidden for url: https://shopee.com.br/api/v4/search/search_items?by=relevancy&keyword=mouse+razer+deathadder+v3&limit=5&newest=0&order=desc&page_type=search
[2026-09-06 13:36:16] [FALLO] Mercado Livre (query: 'mouse redragon cobra'): ('Connection aborted.', ConnectionResetError(104, 'Connection reset by peer'))
[2026-09-06 13:36:37] [FALLO] Shopee (query: 'mouse redragon cobra'): 403 Client Error: Forbidden for url: https://shopee.com.br/api/v4/search/search_items?by=relevancy&keyword=mouse+redragon+cobra&limit=5&newest=0&order=desc&page_type=search
[2026-09-06 13:36:57] [FALLO] Mercado Livre (query: 'mousepad gamer grande 70x30'): 403 Client Error: Forbidden for url: https://api.mercadolibre.com/sites/MLB/search?q=mousepad+gamer+grande+70x30&limit=8&sort=price_asc
[2026-09-06 13:37:18] [FALLO] Shopee (query: 'mousepad gamer grande 70x30'): 403 Client Error: Forbidden for url: https://shopee.com.br/api/v4/search/search_items?by=relevancy&keyword=mousepad+gamer+grande+70x30&limit=5&newest=0&order=desc&page_type=search
[2026-09-06 13:37:38] [FALLO] Mercado Livre (query: 'headset hyperx cloud stinger 2'): 403 Client Error: Forbidden for url: https://api.mercadolibre.com/sites/MLB/search?q=headset+hyperx+cloud+stinger+2&limit=8&sort=price_asc
[2026-09-06 13:38:01] [FALLO] Shopee (query: 'headset hyperx cloud stinger 2'): 403 Client Error: Forbidden for url: https://shopee.com.br/api/v4/search/search_items?by=relevancy&keyword=headset+hyperx+cloud+stinger+2&limit=5&newest=0&order=desc&page_type=search
[2026-09-06 13:38:23] [FALLO] Mercado Livre (query: 'fone bluetooth edifier w820nb'): 403 Client Error: Forbidden for url: https://api.mercadolibre.com/sites/MLB/search?q=fone+bluetooth+edifier+w820nb&limit=8&sort=price_asc
[2026-09-06 13:38:43] [FALLO] Shopee (query: 'fone bluetooth edifier w820nb'): 403 Client Error: Forbidden for url: https://shopee.com.br/api/v4/search/search_items?by=relevancy&keyword=fone+bluetooth+edifier+w820nb&limit=5&newest=0&order=desc&page_type=search
[2026-09-06 13:39:04] [FALLO] Mercado Livre (query: 'fone bluetooth qcy t13'): 403 Client Error: Forbidden for url: https://api.mercadolibre.com/sites/MLB/search?q=fone+bluetooth+qcy+t13&limit=8&sort=price_asc
[2026-09-06 13:39:24] [FALLO] Shopee (query: 'fone bluetooth qcy t13'): 403 Client Error: Forbidden for url: https://shopee.com.br/api/v4/search/search_items?by=relevancy&keyword=fone+bluetooth+qcy+t13&limit=5&newest=0&order=desc&page_type=search
[2026-09-06 13:39:46] [FALLO] Mercado Livre (query: 'fone jbl tune 520bt'): 403 Client Error: Forbidden for url: https://api.mercadolibre.com/sites/MLB/search?q=fone+jbl+tune+520bt&limit=8&sort=price_asc
[2026-09-06 13:40:06] [FALLO] Shopee (query: 'fone jbl tune 520bt'): 403 Client Error: Forbidden for url: https://shopee.com.br/api/v4/search/search_items?by=relevancy&keyword=fone+jbl+tune+520bt&limit=5&newest=0&order=desc&page_type=search
[2026-09-06 13:40:27] [FALLO] Mercado Livre (query: 'caixa de som jbl flip 6'): 403 Client Error: Forbidden for url: https://api.mercadolibre.com/sites/MLB/search?q=caixa+de+som+jbl+flip+6&limit=8&sort=price_asc
[2026-09-06 13:40:48] [FALLO] Shopee (query: 'caixa de som jbl flip 6'): 403 Client Error: Forbidden for url: https://shopee.com.br/api/v4/search/search_items?by=relevancy&keyword=caixa+de+som+jbl+flip+6&limit=5&newest=0&order=desc&page_type=search
[2026-09-06 13:41:08] [FALLO] Mercado Livre (query: 'monitor gamer 24 144hz ips'): ('Connection aborted.', ConnectionResetError(104, 'Connection reset by peer'))
[2026-09-06 13:41:28] [FALLO] Shopee (query: 'monitor gamer 24 144hz ips'): 403 Client Error: Forbidden for url: https://shopee.com.br/api/v4/search/search_items?by=relevancy&keyword=monitor+gamer+24+144hz+ips&limit=5&newest=0&order=desc&page_type=search
[2026-09-06 13:41:50] [FALLO] Mercado Livre (query: 'monitor lg 24 ips full hd'): 403 Client Error: Forbidden for url: https://api.mercadolibre.com/sites/MLB/search?q=monitor+lg+24+ips+full+hd&limit=8&sort=price_asc
[2026-09-06 13:42:10] [FALLO] Shopee (query: 'monitor lg 24 ips full hd'): 403 Client Error: Forbidden for url: https://shopee.com.br/api/v4/search/search_items?by=relevancy&keyword=monitor+lg+24+ips+full+hd&limit=5&newest=0&order=desc&page_type=search
[2026-09-06 13:42:30] [FALLO] Mercado Livre (query: 'monitor samsung 27 curvo'): ('Connection aborted.', ConnectionResetError(104, 'Connection reset by peer'))
[2026-09-06 13:42:53] [FALLO] Shopee (query: 'monitor samsung 27 curvo'): 403 Client Error: Forbidden for url: https://shopee.com.br/api/v4/search/search_items?by=relevancy&keyword=monitor+samsung+27+curvo&limit=5&newest=0&order=desc&page_type=search
[2026-09-06 13:43:14] [FALLO] Mercado Livre (query: 'ssd nvme 1tb kingston nv2'): 403 Client Error: Forbidden for url: https://api.mercadolibre.com/sites/MLB/search?q=ssd+nvme+1tb+kingston+nv2&limit=8&sort=price_asc
[2026-09-06 13:43:36] [FALLO] Shopee (query: 'ssd nvme 1tb kingston nv2'): 403 Client Error: Forbidden for url: https://shopee.com.br/api/v4/search/search_items?by=relevancy&keyword=ssd+nvme+1tb+kingston+nv2&limit=5&newest=0&order=desc&page_type=search
[2026-09-06 13:43:56] [FALLO] Mercado Livre (query: 'ssd nvme 500gb wd black sn770'): 403 Client Error: Forbidden for url: https://api.mercadolibre.com/sites/MLB/search?q=ssd+nvme+500gb+wd+black+sn770&limit=8&sort=price_asc
[2026-09-06 13:44:16] [FALLO] Shopee (query: 'ssd nvme 500gb wd black sn770'): 403 Client Error: Forbidden for url: https://shopee.com.br/api/v4/search/search_items?by=relevancy&keyword=ssd+nvme+500gb+wd+black+sn770&limit=5&newest=0&order=desc&page_type=search
[2026-09-06 13:44:37] [FALLO] Mercado Livre (query: 'memoria ram 16gb ddr4 3200mhz'): 403 Client Error: Forbidden for url: https://api.mercadolibre.com/sites/MLB/search?q=memoria+ram+16gb+ddr4+3200mhz&limit=8&sort=price_asc
[2026-09-06 13:44:58] [FALLO] Shopee (query: 'memoria ram 16gb ddr4 3200mhz'): 403 Client Error: Forbidden for url: https://shopee.com.br/api/v4/search/search_items?by=relevancy&keyword=memoria+ram+16gb+ddr4+3200mhz&limit=5&newest=0&order=desc&page_type=search
[2026-09-06 13:45:18] [FALLO] Mercado Livre (query: 'fonte 650w 80 plus bronze'): 403 Client Error: Forbidden for url: https://api.mercadolibre.com/sites/MLB/search?q=fonte+650w+80+plus+bronze&limit=8&sort=price_asc
[2026-09-06 13:45:39] [FALLO] Shopee (query: 'fonte 650w 80 plus bronze'): 403 Client Error: Forbidden for url: https://shopee.com.br/api/v4/search/search_items?by=relevancy&keyword=fonte+650w+80+plus+bronze&limit=5&newest=0&order=desc&page_type=search
[2026-09-06 13:45:59] [FALLO] Mercado Livre (query: 'cadeira gamer thunderx3'): 403 Client Error: Forbidden for url: https://api.mercadolibre.com/sites/MLB/search?q=cadeira+gamer+thunderx3&limit=8&sort=price_asc
[2026-09-06 13:46:22] [FALLO] Shopee (query: 'cadeira gamer thunderx3'): 403 Client Error: Forbidden for url: https://shopee.com.br/api/v4/search/search_items?by=relevancy&keyword=cadeira+gamer+thunderx3&limit=5&newest=0&order=desc&page_type=search
[2026-09-06 13:46:44] [FALLO] Mercado Livre (query: 'suporte monitor articulado'): 403 Client Error: Forbidden for url: https://api.mercadolibre.com/sites/MLB/search?q=suporte+monitor+articulado&limit=8&sort=price_asc
[2026-09-06 13:47:04] [FALLO] Shopee (query: 'suporte monitor articulado'): 403 Client Error: Forbidden for url: https://shopee.com.br/api/v4/search/search_items?by=relevancy&keyword=suporte+monitor+articulado&limit=5&newest=0&order=desc&page_type=search
[2026-09-06 13:47:24] [FALLO] Mercado Livre (query: 'alexa echo dot 5 geracao'): 403 Client Error: Forbidden for url: https://api.mercadolibre.com/sites/MLB/search?q=alexa+echo+dot+5+geracao&limit=8&sort=price_asc
[2026-09-06 13:47:45] [FALLO] Shopee (query: 'alexa echo dot 5 geracao'): 403 Client Error: Forbidden for url: https://shopee.com.br/api/v4/search/search_items?by=relevancy&keyword=alexa+echo+dot+5+geracao&limit=5&newest=0&order=desc&page_type=search
[2026-09-06 13:48:05] [FALLO] Mercado Livre (query: 'lampada inteligente wifi rgb'): 403 Client Error: Forbidden for url: https://api.mercadolibre.com/sites/MLB/search?q=lampada+inteligente+wifi+rgb&limit=8&sort=price_asc
[2026-09-06 13:48:26] [FALLO] Shopee (query: 'lampada inteligente wifi rgb'): 403 Client Error: Forbidden for url: https://shopee.com.br/api/v4/search/search_items?by=relevancy&keyword=lampada+inteligente+wifi+rgb&limit=5&newest=0&order=desc&page_type=search
[2026-09-06 13:48:46] [FALLO] Mercado Livre (query: 'tomada inteligente wifi'): 403 Client Error: Forbidden for url: https://api.mercadolibre.com/sites/MLB/search?q=tomada+inteligente+wifi&limit=8&sort=price_asc
[2026-09-06 13:49:07] [FALLO] Shopee (query: 'tomada inteligente wifi'): 403 Client Error: Forbidden for url: https://shopee.com.br/api/v4/search/search_items?by=relevancy&keyword=tomada+inteligente+wifi&limit=5&newest=0&order=desc&page_type=search
[2026-09-06 16:47:27] [PELANDO] Scraping Amazon (https://www.pelando.com.br/cupons-de-descontos/amazon)
[2026-09-06 16:47:32] [PELANDO]   Falha ao acessar Amazon
[2026-09-06 16:47:34] [PELANDO] Scraping KaBuM! (https://www.pelando.com.br/cupons-de-descontos/kabum)
[2026-09-06 16:47:38] [PELANDO]   Falha ao acessar KaBuM!
[2026-09-06 16:47:40] [PELANDO] Scraping Mercado Livre (https://www.pelando.com.br/cupons-de-descontos/mercado-livre)
[2026-09-06 16:47:44] [PELANDO]   Falha ao acessar Mercado Livre
[2026-09-06 16:47:46] [PELANDO] Scraping Shopee (https://www.pelando.com.br/cupons-de-descontos/shopee)
[2026-09-06 16:47:50] [PELANDO]   Falha ao acessar Shopee
[2026-09-06 16:47:52] [PELANDO] Scraping Magazine Luiza (https://www.pelando.com.br/cupons-de-descontos/magalu)
[2026-09-06 16:47:57] [PELANDO]   Falha ao acessar Magazine Luiza
[2026-09-06 16:47:59] [PELANDO] Scraping AliExpress (https://www.pelando.com.br/cupons-de-descontos/aliexpress)
[2026-09-06 16:48:03] [PELANDO]   Falha ao acessar AliExpress
[2026-09-06 16:48:05] [PELANDO] Scraping Pichau (https://www.pelando.com.br/cupons-de-descontos/pichau)
[2026-09-06 16:48:09] [PELANDO]   Falha ao acessar Pichau
[2026-09-06 16:48:11] [PELANDO] Scraping Terabyte Shop (https://www.pelando.com.br/cupons-de-descontos/terabyte)
[2026-09-06 16:48:15] [PELANDO]   Falha ao acessar Terabyte Shop
[2026-09-06 16:48:17] [PELANDO] Completado: 0 Pelando + 5 manuales = 5 total
[2026-09-06 16:48:21] [ML] Fallback URL: Teclado Mecanico Redragon Kumara K552 RGB Switch B -> https://lista.mercadolivre.com.br/teclado-mecanico-redragon-kumar
[2026-09-06 16:48:25] [ML] Fallback URL: Teclado Mecanico Redragon Kumara K552 RGB -> https://lista.mercadolivre.com.br/teclado-mecanico-redragon-kumar
[2026-09-06 16:48:25] [ML] Fallback URL: Teclado Mecanico Redragon Kumara K552 RGB -> https://lista.mercadolivre.com.br/teclado-mecanico-redragon-kumar
[2026-09-06 16:48:28] [ML] Fallback URL: Teclado Mecanico Redragon Kumara K552 -> https://lista.mercadolivre.com.br/teclado-mecanico-redragon-kumar
[2026-09-06 16:48:32] [ML] Fallback URL: Headset Gamer HyperX Cloud Stinger 2 Core -> https://lista.mercadolivre.com.br/headset-gamer-hyperx-cloud-stin
[2026-09-06 16:48:35] [ML] Fallback URL: Headset HyperX Cloud Stinger 2 -> https://lista.mercadolivre.com.br/headset-hyperx-cloud-stinger-2#
[2026-09-06 16:48:35] [ML] Fallback URL: Headset HyperX Cloud Stinger 2 -> https://lista.mercadolivre.com.br/headset-hyperx-cloud-stinger-2#
[2026-09-06 16:48:35] [ML] Fallback URL: Headset HyperX Cloud Stinger 2 -> https://lista.mercadolivre.com.br/headset-hyperx-cloud-stinger-2#
[2026-09-06 16:48:39] [ML] Fallback URL: Mouse Gamer Logitech G305 LIGHTSPEED Sem Fio -> https://lista.mercadolivre.com.br/mouse-gamer-logitech-g305-light
[2026-09-06 16:48:42] [ML] Fallback URL: Mouse Logitech G305 LIGHTSPEED Wireless -> https://lista.mercadolivre.com.br/mouse-logitech-g305-lightspeed-
[2026-09-06 16:48:46] [ML] Fallback URL: Mouse Logitech G305 Wireless -> https://lista.mercadolivre.com.br/mouse-logitech-g305-wireless#D[
[2026-09-06 16:48:49] [ML] Fallback URL: SSD NVMe Kingston NV2 1TB PCIe 4.0 -> https://lista.mercadolivre.com.br/ssd-nvme-kingston-nv2-1tb-pcie-
[2026-09-06 16:48:53] [ML] Fallback URL: SSD Kingston NV2 1TB NVMe M.2 -> https://lista.mercadolivre.com.br/ssd-kingston-nv2-1tb-nvme-m2#D[
[2026-09-06 16:48:56] [ML] Fallback URL: SSD Kingston NV2 1TB NVMe -> https://lista.mercadolivre.com.br/ssd-kingston-nv2-1tb-nvme#D[A:j
[2026-09-06 16:49:00] [ML] Fallback URL: Fone Bluetooth QCY T13 ANC TWS -> https://lista.mercadolivre.com.br/fone-bluetooth-qcy-t13-anc-tws#
[2026-09-06 16:49:03] [ML] Fallback URL: Fone QCY T13 ANC Bluetooth -> https://lista.mercadolivre.com.br/fone-qcy-t13-anc-bluetooth#D[A:
[2026-09-06 16:49:03] [ML] Fallback URL: Fone QCY T13 ANC Bluetooth -> https://lista.mercadolivre.com.br/fone-qcy-t13-anc-bluetooth#D[A:
[2026-09-06 16:49:07] [ML] Fallback URL: Echo Dot 5a Geracao Alexa Smart Speaker -> https://lista.mercadolivre.com.br/echo-dot-5a-geracao-alexa-smart
[2026-09-06 16:49:10] [ML] Fallback URL: Echo Dot 5 Geracao com Alexa -> https://lista.mercadolivre.com.br/echo-dot-5-geracao-com-alexa#D[
[2026-09-06 16:49:14] [ML] Fallback URL: Teclado Mecanico Royal Kludge RK61 60% RGB Bluetoo -> https://lista.mercadolivre.com.br/teclado-mecanico-royal-kludge-r
[2026-09-06 16:49:17] [ML] Fallback URL: Royal Kludge RK61 Teclado 60% Mecanico RGB -> https://lista.mercadolivre.com.br/royal-kludge-rk61-teclado-60-me
[2026-09-06 16:49:21] [ML] Fallback URL: Monitor Gamer 24 144Hz IPS 1ms Acer Nitro QG241Y -> https://lista.mercadolivre.com.br/monitor-gamer-24-144hz-ips-1ms-
[2026-09-06 16:49:24] [ML] Fallback URL: Monitor 24 144Hz IPS Acer Nitro QG241Y -> https://lista.mercadolivre.com.br/monitor-24-144hz-ips-acer-nitro
[2026-09-06 16:49:28] [ML] Fallback URL: Cadeira Gamer ThunderX3 EC3 Preta -> https://lista.mercadolivre.com.br/cadeira-gamer-thunderx3-ec3-pre
[2026-09-06 16:49:31] [ML] Fallback URL: Cadeira Gamer ThunderX3 EC3 -> https://lista.mercadolivre.com.br/cadeira-gamer-thunderx3-ec3#D[A
[2026-09-06 16:49:35] [ML] Fallback URL: Memoria RAM Kingston Fury Beast 16GB DDR4 3200MHz -> https://lista.mercadolivre.com.br/memoria-ram-kingston-fury-beast
[2026-09-06 16:49:38] [ML] Fallback URL: Memoria Kingston Fury Beast 16GB DDR4 3200 -> https://lista.mercadolivre.com.br/memoria-kingston-fury-beast-16g
[2026-09-06 16:49:42] [ML] Fallback URL: Fonte Corsair CV650 650W 80 Plus Bronze -> https://lista.mercadolivre.com.br/fonte-corsair-cv650-650w-80-plu
[2026-09-06 16:49:45] [ML] Fallback URL: Fonte Corsair CV650 650W 80Plus Bronze -> https://lista.mercadolivre.com.br/fonte-corsair-cv650-650w-80plus
[2026-09-06 16:50:05] [FALLO] Mercado Livre (query: 'teclado mecanico redragon kumara'): 403 Client Error: Forbidden for url: https://api.mercadolibre.com/sites/MLB/search?q=teclado+mecanico+redragon+kumara&limit=8&sort=price_asc
[2026-09-06 16:50:28] [FALLO] Shopee (query: 'teclado mecanico redragon kumara'): 403 Client Error: Forbidden for url: https://shopee.com.br/api/v4/search/search_items?by=relevancy&keyword=teclado+mecanico+redragon+kumara&limit=5&newest=0&order=desc&page_type=search
[2026-09-06 16:50:50] [FALLO] Mercado Livre (query: 'teclado mecanico hyperx alloy origins'): 403 Client Error: Forbidden for url: https://api.mercadolibre.com/sites/MLB/search?q=teclado+mecanico+hyperx+alloy+origins&limit=8&sort=price_asc
[2026-09-06 16:51:13] [FALLO] Shopee (query: 'teclado mecanico hyperx alloy origins'): 403 Client Error: Forbidden for url: https://shopee.com.br/api/v4/search/search_items?by=relevancy&keyword=teclado+mecanico+hyperx+alloy+origins&limit=5&newest=0&order=desc&page_type=search
[2026-09-06 16:51:33] [FALLO] Mercado Livre (query: 'teclado mecanico logitech g pro'): 403 Client Error: Forbidden for url: https://api.mercadolibre.com/sites/MLB/search?q=teclado+mecanico+logitech+g+pro&limit=8&sort=price_asc
[2026-09-06 16:51:56] [FALLO] Shopee (query: 'teclado mecanico logitech g pro'): 403 Client Error: Forbidden for url: https://shopee.com.br/api/v4/search/search_items?by=relevancy&keyword=teclado+mecanico+logitech+g+pro&limit=5&newest=0&order=desc&page_type=search
[2026-09-06 16:52:16] [FALLO] Mercado Livre (query: 'teclado mecanico royal kludge rk61'): 403 Client Error: Forbidden for url: https://api.mercadolibre.com/sites/MLB/search?q=teclado+mecanico+royal+kludge+rk61&limit=8&sort=price_asc
[2026-09-06 16:52:39] [FALLO] Shopee (query: 'teclado mecanico royal kludge rk61'): 403 Client Error: Forbidden for url: https://shopee.com.br/api/v4/search/search_items?by=relevancy&keyword=teclado+mecanico+royal+kludge+rk61&limit=5&newest=0&order=desc&page_type=search
[2026-09-06 16:53:01] [FALLO] Mercado Livre (query: 'mouse logitech g305 lightspeed'): 403 Client Error: Forbidden for url: https://api.mercadolibre.com/sites/MLB/search?q=mouse+logitech+g305+lightspeed&limit=8&sort=price_asc
[2026-09-06 16:53:23] [FALLO] Shopee (query: 'mouse logitech g305 lightspeed'): 403 Client Error: Forbidden for url: https://shopee.com.br/api/v4/search/search_items?by=relevancy&keyword=mouse+logitech+g305+lightspeed&limit=5&newest=0&order=desc&page_type=search
[2026-09-06 16:53:45] [FALLO] Mercado Livre (query: 'mouse razer deathadder v3'): 403 Client Error: Forbidden for url: https://api.mercadolibre.com/sites/MLB/search?q=mouse+razer+deathadder+v3&limit=8&sort=price_asc
[2026-09-06 16:54:08] [FALLO] Shopee (query: 'mouse razer deathadder v3'): 403 Client Error: Forbidden for url: https://shopee.com.br/api/v4/search/search_items?by=relevancy&keyword=mouse+razer+deathadder+v3&limit=5&newest=0&order=desc&page_type=search
[2026-09-06 16:54:28] [FALLO] Mercado Livre (query: 'mouse redragon cobra'): 403 Client Error: Forbidden for url: https://api.mercadolibre.com/sites/MLB/search?q=mouse+redragon+cobra&limit=8&sort=price_asc
[2026-09-06 16:54:51] [FALLO] Shopee (query: 'mouse redragon cobra'): 403 Client Error: Forbidden for url: https://shopee.com.br/api/v4/search/search_items?by=relevancy&keyword=mouse+redragon+cobra&limit=5&newest=0&order=desc&page_type=search
[2026-09-06 16:55:11] [FALLO] Mercado Livre (query: 'mousepad gamer grande 70x30'): 403 Client Error: Forbidden for url: https://api.mercadolibre.com/sites/MLB/search?q=mousepad+gamer+grande+70x30&limit=8&sort=price_asc
[2026-09-06 16:55:34] [FALLO] Shopee (query: 'mousepad gamer grande 70x30'): 403 Client Error: Forbidden for url: https://shopee.com.br/api/v4/search/search_items?by=relevancy&keyword=mousepad+gamer+grande+70x30&limit=5&newest=0&order=desc&page_type=search
[2026-09-06 16:55:55] [FALLO] Mercado Livre (query: 'headset hyperx cloud stinger 2'): 403 Client Error: Forbidden for url: https://api.mercadolibre.com/sites/MLB/search?q=headset+hyperx+cloud+stinger+2&limit=8&sort=price_asc
[2026-09-06 16:56:18] [FALLO] Shopee (query: 'headset hyperx cloud stinger 2'): 403 Client Error: Forbidden for url: https://shopee.com.br/api/v4/search/search_items?by=relevancy&keyword=headset+hyperx+cloud+stinger+2&limit=5&newest=0&order=desc&page_type=search
[2026-09-06 16:56:39] [FALLO] Mercado Livre (query: 'fone bluetooth edifier w820nb'): 403 Client Error: Forbidden for url: https://api.mercadolibre.com/sites/MLB/search?q=fone+bluetooth+edifier+w820nb&limit=8&sort=price_asc
[2026-09-06 16:57:00] [FALLO] Shopee (query: 'fone bluetooth edifier w820nb'): 403 Client Error: Forbidden for url: https://shopee.com.br/api/v4/search/search_items?by=relevancy&keyword=fone+bluetooth+edifier+w820nb&limit=5&newest=0&order=desc&page_type=search
[2026-09-06 16:57:20] [FALLO] Mercado Livre (query: 'fone bluetooth qcy t13'): 403 Client Error: Forbidden for url: https://api.mercadolibre.com/sites/MLB/search?q=fone+bluetooth+qcy+t13&limit=8&sort=price_asc
[2026-09-06 16:57:42] [FALLO] Shopee (query: 'fone bluetooth qcy t13'): 403 Client Error: Forbidden for url: https://shopee.com.br/api/v4/search/search_items?by=relevancy&keyword=fone+bluetooth+qcy+t13&limit=5&newest=0&order=desc&page_type=search
[2026-09-06 16:58:03] [FALLO] Mercado Livre (query: 'fone jbl tune 520bt'): 403 Client Error: Forbidden for url: https://api.mercadolibre.com/sites/MLB/search?q=fone+jbl+tune+520bt&limit=8&sort=price_asc
[2026-09-06 16:58:26] [FALLO] Shopee (query: 'fone jbl tune 520bt'): 403 Client Error: Forbidden for url: https://shopee.com.br/api/v4/search/search_items?by=relevancy&keyword=fone+jbl+tune+520bt&limit=5&newest=0&order=desc&page_type=search
[2026-09-06 16:58:46] [FALLO] Mercado Livre (query: 'caixa de som jbl flip 6'): 403 Client Error: Forbidden for url: https://api.mercadolibre.com/sites/MLB/search?q=caixa+de+som+jbl+flip+6&limit=8&sort=price_asc
[2026-09-06 16:59:09] [FALLO] Shopee (query: 'caixa de som jbl flip 6'): 403 Client Error: Forbidden for url: https://shopee.com.br/api/v4/search/search_items?by=relevancy&keyword=caixa+de+som+jbl+flip+6&limit=5&newest=0&order=desc&page_type=search
[2026-09-06 16:59:30] [FALLO] Mercado Livre (query: 'monitor gamer 24 144hz ips'): 403 Client Error: Forbidden for url: https://api.mercadolibre.com/sites/MLB/search?q=monitor+gamer+24+144hz+ips&limit=8&sort=price_asc
[2026-09-06 16:59:52] [FALLO] Shopee (query: 'monitor gamer 24 144hz ips'): 403 Client Error: Forbidden for url: https://shopee.com.br/api/v4/search/search_items?by=relevancy&keyword=monitor+gamer+24+144hz+ips&limit=5&newest=0&order=desc&page_type=search
[2026-09-06 17:00:13] [FALLO] Mercado Livre (query: 'monitor lg 24 ips full hd'): 403 Client Error: Forbidden for url: https://api.mercadolibre.com/sites/MLB/search?q=monitor+lg+24+ips+full+hd&limit=8&sort=price_asc
[2026-09-06 17:00:34] [FALLO] Shopee (query: 'monitor lg 24 ips full hd'): 403 Client Error: Forbidden for url: https://shopee.com.br/api/v4/search/search_items?by=relevancy&keyword=monitor+lg+24+ips+full+hd&limit=5&newest=0&order=desc&page_type=search
[2026-09-06 17:00:54] [FALLO] Mercado Livre (query: 'monitor samsung 27 curvo'): 403 Client Error: Forbidden for url: https://api.mercadolibre.com/sites/MLB/search?q=monitor+samsung+27+curvo&limit=8&sort=price_asc
[2026-09-06 17:01:15] [FALLO] Shopee (query: 'monitor samsung 27 curvo'): 403 Client Error: Forbidden for url: https://shopee.com.br/api/v4/search/search_items?by=relevancy&keyword=monitor+samsung+27+curvo&limit=5&newest=0&order=desc&page_type=search
[2026-09-06 17:01:35] [FALLO] Mercado Livre (query: 'ssd nvme 1tb kingston nv2'): 403 Client Error: Forbidden for url: https://api.mercadolibre.com/sites/MLB/search?q=ssd+nvme+1tb+kingston+nv2&limit=8&sort=price_asc
[2026-09-06 17:01:56] [FALLO] Shopee (query: 'ssd nvme 1tb kingston nv2'): 403 Client Error: Forbidden for url: https://shopee.com.br/api/v4/search/search_items?by=relevancy&keyword=ssd+nvme+1tb+kingston+nv2&limit=5&newest=0&order=desc&page_type=search
[2026-09-06 17:02:16] [FALLO] Mercado Livre (query: 'ssd nvme 500gb wd black sn770'): 403 Client Error: Forbidden for url: https://api.mercadolibre.com/sites/MLB/search?q=ssd+nvme+500gb+wd+black+sn770&limit=8&sort=price_asc
[2026-09-06 17:02:37] [FALLO] Shopee (query: 'ssd nvme 500gb wd black sn770'): 403 Client Error: Forbidden for url: https://shopee.com.br/api/v4/search/search_items?by=relevancy&keyword=ssd+nvme+500gb+wd+black+sn770&limit=5&newest=0&order=desc&page_type=search
[2026-09-06 17:02:57] [FALLO] Mercado Livre (query: 'memoria ram 16gb ddr4 3200mhz'): 403 Client Error: Forbidden for url: https://api.mercadolibre.com/sites/MLB/search?q=memoria+ram+16gb+ddr4+3200mhz&limit=8&sort=price_asc
[2026-09-06 17:03:18] [FALLO] Shopee (query: 'memoria ram 16gb ddr4 3200mhz'): 403 Client Error: Forbidden for url: https://shopee.com.br/api/v4/search/search_items?by=relevancy&keyword=memoria+ram+16gb+ddr4+3200mhz&limit=5&newest=0&order=desc&page_type=search
[2026-09-06 17:03:38] [FALLO] Mercado Livre (query: 'fonte 650w 80 plus bronze'): 403 Client Error: Forbidden for url: https://api.mercadolibre.com/sites/MLB/search?q=fonte+650w+80+plus+bronze&limit=8&sort=price_asc
[2026-09-06 17:03:59] [FALLO] Shopee (query: 'fonte 650w 80 plus bronze'): 403 Client Error: Forbidden for url: https://shopee.com.br/api/v4/search/search_items?by=relevancy&keyword=fonte+650w+80+plus+bronze&limit=5&newest=0&order=desc&page_type=search
[2026-09-06 17:04:19] [FALLO] Mercado Livre (query: 'cadeira gamer thunderx3'): 403 Client Error: Forbidden for url: https://api.mercadolibre.com/sites/MLB/search?q=cadeira+gamer+thunderx3&limit=8&sort=price_asc
[2026-09-06 17:04:40] [FALLO] Shopee (query: 'cadeira gamer thunderx3'): 403 Client Error: Forbidden for url: https://shopee.com.br/api/v4/search/search_items?by=relevancy&keyword=cadeira+gamer+thunderx3&limit=5&newest=0&order=desc&page_type=search
[2026-09-06 17:05:01] [FALLO] Mercado Livre (query: 'suporte monitor articulado'): 403 Client Error: Forbidden for url: https://api.mercadolibre.com/sites/MLB/search?q=suporte+monitor+articulado&limit=8&sort=price_asc
[2026-09-06 17:05:24] [FALLO] Shopee (query: 'suporte monitor articulado'): 403 Client Error: Forbidden for url: https://shopee.com.br/api/v4/search/search_items?by=relevancy&keyword=suporte+monitor+articulado&limit=5&newest=0&order=desc&page_type=search
[2026-09-06 17:05:45] [FALLO] Mercado Livre (query: 'alexa echo dot 5 geracao'): 403 Client Error: Forbidden for url: https://api.mercadolibre.com/sites/MLB/search?q=alexa+echo+dot+5+geracao&limit=8&sort=price_asc
[2026-09-06 17:06:07] [FALLO] Shopee (query: 'alexa echo dot 5 geracao'): 403 Client Error: Forbidden for url: https://shopee.com.br/api/v4/search/search_items?by=relevancy&keyword=alexa+echo+dot+5+geracao&limit=5&newest=0&order=desc&page_type=search
[2026-09-06 17:06:27] [FALLO] Mercado Livre (query: 'lampada inteligente wifi rgb'): 403 Client Error: Forbidden for url: https://api.mercadolibre.com/sites/MLB/search?q=lampada+inteligente+wifi+rgb&limit=8&sort=price_asc
[2026-09-06 17:06:47] [FALLO] Shopee (query: 'lampada inteligente wifi rgb'): 403 Client Error: Forbidden for url: https://shopee.com.br/api/v4/search/search_items?by=relevancy&keyword=lampada+inteligente+wifi+rgb&limit=5&newest=0&order=desc&page_type=search
[2026-09-06 17:07:08] [FALLO] Mercado Livre (query: 'tomada inteligente wifi'): 403 Client Error: Forbidden for url: https://api.mercadolibre.com/sites/MLB/search?q=tomada+inteligente+wifi&limit=8&sort=price_asc
[2026-09-06 17:07:28] [FALLO] Shopee (query: 'tomada inteligente wifi'): 403 Client Error: Forbidden for url: https://shopee.com.br/api/v4/search/search_items?by=relevancy&keyword=tomada+inteligente+wifi&limit=5&newest=0&order=desc&page_type=search
[2026-09-06 20:13:53] [PELANDO] Scraping Amazon (https://www.pelando.com.br/cupons-de-descontos/amazon)
[2026-09-06 20:13:57] [PELANDO]   Falha ao acessar Amazon
[2026-09-06 20:13:59] [PELANDO] Scraping KaBuM! (https://www.pelando.com.br/cupons-de-descontos/kabum)
[2026-09-06 20:14:03] [PELANDO]   Falha ao acessar KaBuM!
[2026-09-06 20:14:05] [PELANDO] Scraping Mercado Livre (https://www.pelando.com.br/cupons-de-descontos/mercado-livre)
[2026-09-06 20:14:09] [PELANDO]   Falha ao acessar Mercado Livre
[2026-09-06 20:14:11] [PELANDO] Scraping Shopee (https://www.pelando.com.br/cupons-de-descontos/shopee)
[2026-09-06 20:14:15] [PELANDO]   Falha ao acessar Shopee
[2026-09-06 20:14:17] [PELANDO] Scraping Magazine Luiza (https://www.pelando.com.br/cupons-de-descontos/magalu)
[2026-09-06 20:14:21] [PELANDO]   Falha ao acessar Magazine Luiza
[2026-09-06 20:14:23] [PELANDO] Scraping AliExpress (https://www.pelando.com.br/cupons-de-descontos/aliexpress)
[2026-09-06 20:14:27] [PELANDO]   Falha ao acessar AliExpress
[2026-09-06 20:14:29] [PELANDO] Scraping Pichau (https://www.pelando.com.br/cupons-de-descontos/pichau)
[2026-09-06 20:14:34] [PELANDO]   Falha ao acessar Pichau
[2026-09-06 20:14:36] [PELANDO] Scraping Terabyte Shop (https://www.pelando.com.br/cupons-de-descontos/terabyte)
[2026-09-06 20:14:40] [PELANDO]   Falha ao acessar Terabyte Shop
[2026-09-06 20:14:42] [PELANDO] Completado: 0 Pelando + 5 manuales = 5 total
[2026-09-06 20:14:45] [ML] Fallback URL: Teclado Mecanico Redragon Kumara K552 RGB Switch B -> https://lista.mercadolivre.com.br/teclado-mecanico-redragon-kumar
[2026-09-06 20:14:49] [ML] Fallback URL: Teclado Mecanico Redragon Kumara K552 RGB -> https://lista.mercadolivre.com.br/teclado-mecanico-redragon-kumar
[2026-09-06 20:14:49] [ML] Fallback URL: Teclado Mecanico Redragon Kumara K552 RGB -> https://lista.mercadolivre.com.br/teclado-mecanico-redragon-kumar
[2026-09-06 20:14:52] [ML] Fallback URL: Teclado Mecanico Redragon Kumara K552 -> https://lista.mercadolivre.com.br/teclado-mecanico-redragon-kumar
[2026-09-06 20:14:55] [ML] Fallback URL: Headset Gamer HyperX Cloud Stinger 2 Core -> https://lista.mercadolivre.com.br/headset-gamer-hyperx-cloud-stin
[2026-09-06 20:14:58] [ML] Fallback URL: Headset HyperX Cloud Stinger 2 -> https://lista.mercadolivre.com.br/headset-hyperx-cloud-stinger-2#
[2026-09-06 20:14:58] [ML] Fallback URL: Headset HyperX Cloud Stinger 2 -> https://lista.mercadolivre.com.br/headset-hyperx-cloud-stinger-2#
[2026-09-06 20:14:58] [ML] Fallback URL: Headset HyperX Cloud Stinger 2 -> https://lista.mercadolivre.com.br/headset-hyperx-cloud-stinger-2#
[2026-09-06 20:15:02] [ML] Fallback URL: Mouse Gamer Logitech G305 LIGHTSPEED Sem Fio -> https://lista.mercadolivre.com.br/mouse-gamer-logitech-g305-light
[2026-09-06 20:15:05] [ML] Fallback URL: Mouse Logitech G305 LIGHTSPEED Wireless -> https://lista.mercadolivre.com.br/mouse-logitech-g305-lightspeed-
[2026-09-06 20:15:08] [ML] Fallback URL: Mouse Logitech G305 Wireless -> https://lista.mercadolivre.com.br/mouse-logitech-g305-wireless#D[
[2026-09-06 20:15:11] [ML] Fallback URL: SSD NVMe Kingston NV2 1TB PCIe 4.0 -> https://lista.mercadolivre.com.br/ssd-nvme-kingston-nv2-1tb-pcie-
[2026-09-06 20:15:15] [ML] Fallback URL: SSD Kingston NV2 1TB NVMe M.2 -> https://lista.mercadolivre.com.br/ssd-kingston-nv2-1tb-nvme-m2#D[
[2026-09-06 20:15:18] [ML] Fallback URL: SSD Kingston NV2 1TB NVMe -> https://lista.mercadolivre.com.br/ssd-kingston-nv2-1tb-nvme#D[A:j
[2026-09-06 20:15:21] [ML] Fallback URL: Fone Bluetooth QCY T13 ANC TWS -> https://lista.mercadolivre.com.br/fone-bluetooth-qcy-t13-anc-tws#
[2026-09-06 20:15:25] [ML] Fallback URL: Fone QCY T13 ANC Bluetooth -> https://lista.mercadolivre.com.br/fone-qcy-t13-anc-bluetooth#D[A:
[2026-09-06 20:15:25] [ML] Fallback URL: Fone QCY T13 ANC Bluetooth -> https://lista.mercadolivre.com.br/fone-qcy-t13-anc-bluetooth#D[A:
[2026-09-06 20:15:28] [ML] Fallback URL: Echo Dot 5a Geracao Alexa Smart Speaker -> https://lista.mercadolivre.com.br/echo-dot-5a-geracao-alexa-smart
[2026-09-06 20:15:31] [ML] Fallback URL: Echo Dot 5 Geracao com Alexa -> https://lista.mercadolivre.com.br/echo-dot-5-geracao-com-alexa#D[
[2026-09-06 20:15:34] [ML] Fallback URL: Teclado Mecanico Royal Kludge RK61 60% RGB Bluetoo -> https://lista.mercadolivre.com.br/teclado-mecanico-royal-kludge-r
[2026-09-06 20:15:39] [ML] Fallback URL: Royal Kludge RK61 Teclado 60% Mecanico RGB -> https://lista.mercadolivre.com.br/royal-kludge-rk61-teclado-60-me
[2026-09-06 20:15:42] [ML] Fallback URL: Monitor Gamer 24 144Hz IPS 1ms Acer Nitro QG241Y -> https://lista.mercadolivre.com.br/monitor-gamer-24-144hz-ips-1ms-
[2026-09-06 20:15:46] [ML] Fallback URL: Monitor 24 144Hz IPS Acer Nitro QG241Y -> https://lista.mercadolivre.com.br/monitor-24-144hz-ips-acer-nitro
[2026-09-06 20:15:49] [ML] Fallback URL: Cadeira Gamer ThunderX3 EC3 Preta -> https://lista.mercadolivre.com.br/cadeira-gamer-thunderx3-ec3-pre
[2026-09-06 20:15:53] [ML] Fallback URL: Cadeira Gamer ThunderX3 EC3 -> https://lista.mercadolivre.com.br/cadeira-gamer-thunderx3-ec3#D[A
[2026-09-06 20:15:56] [ML] Fallback URL: Memoria RAM Kingston Fury Beast 16GB DDR4 3200MHz -> https://lista.mercadolivre.com.br/memoria-ram-kingston-fury-beast
[2026-09-06 20:15:59] [ML] Fallback URL: Memoria Kingston Fury Beast 16GB DDR4 3200 -> https://lista.mercadolivre.com.br/memoria-kingston-fury-beast-16g
[2026-09-06 20:16:03] [ML] Fallback URL: Fonte Corsair CV650 650W 80 Plus Bronze -> https://lista.mercadolivre.com.br/fonte-corsair-cv650-650w-80-plu
[2026-09-06 20:16:06] [ML] Fallback URL: Fonte Corsair CV650 650W 80Plus Bronze -> https://lista.mercadolivre.com.br/fonte-corsair-cv650-650w-80plus
[2026-09-06 20:16:26] [FALLO] Mercado Livre (query: 'teclado mecanico redragon kumara'): 403 Client Error: Forbidden for url: https://api.mercadolibre.com/sites/MLB/search?q=teclado+mecanico+redragon+kumara&limit=8&sort=price_asc
[2026-09-06 20:16:47] [FALLO] Shopee (query: 'teclado mecanico redragon kumara'): 403 Client Error: Forbidden for url: https://shopee.com.br/api/v4/search/search_items?by=relevancy&keyword=teclado+mecanico+redragon+kumara&limit=5&newest=0&order=desc&page_type=search
[2026-09-06 20:17:08] [FALLO] Mercado Livre (query: 'teclado mecanico hyperx alloy origins'): 403 Client Error: Forbidden for url: https://api.mercadolibre.com/sites/MLB/search?q=teclado+mecanico+hyperx+alloy+origins&limit=8&sort=price_asc
[2026-09-06 20:17:29] [FALLO] Shopee (query: 'teclado mecanico hyperx alloy origins'): 403 Client Error: Forbidden for url: https://shopee.com.br/api/v4/search/search_items?by=relevancy&keyword=teclado+mecanico+hyperx+alloy+origins&limit=5&newest=0&order=desc&page_type=search
[2026-09-06 20:17:49] [FALLO] Mercado Livre (query: 'teclado mecanico logitech g pro'): 403 Client Error: Forbidden for url: https://api.mercadolibre.com/sites/MLB/search?q=teclado+mecanico+logitech+g+pro&limit=8&sort=price_asc
[2026-09-06 20:18:12] [FALLO] Shopee (query: 'teclado mecanico logitech g pro'): 403 Client Error: Forbidden for url: https://shopee.com.br/api/v4/search/search_items?by=relevancy&keyword=teclado+mecanico+logitech+g+pro&limit=5&newest=0&order=desc&page_type=search
[2026-09-06 20:18:32] [FALLO] Mercado Livre (query: 'teclado mecanico royal kludge rk61'): 403 Client Error: Forbidden for url: https://api.mercadolibre.com/sites/MLB/search?q=teclado+mecanico+royal+kludge+rk61&limit=8&sort=price_asc
[2026-09-06 20:18:54] [FALLO] Shopee (query: 'teclado mecanico royal kludge rk61'): 403 Client Error: Forbidden for url: https://shopee.com.br/api/v4/search/search_items?by=relevancy&keyword=teclado+mecanico+royal+kludge+rk61&limit=5&newest=0&order=desc&page_type=search
[2026-09-06 20:19:15] [FALLO] Mercado Livre (query: 'mouse logitech g305 lightspeed'): 403 Client Error: Forbidden for url: https://api.mercadolibre.com/sites/MLB/search?q=mouse+logitech+g305+lightspeed&limit=8&sort=price_asc
[2026-09-06 20:19:38] [FALLO] Shopee (query: 'mouse logitech g305 lightspeed'): 403 Client Error: Forbidden for url: https://shopee.com.br/api/v4/search/search_items?by=relevancy&keyword=mouse+logitech+g305+lightspeed&limit=5&newest=0&order=desc&page_type=search
[2026-09-06 20:19:59] [FALLO] Mercado Livre (query: 'mouse razer deathadder v3'): 403 Client Error: Forbidden for url: https://api.mercadolibre.com/sites/MLB/search?q=mouse+razer+deathadder+v3&limit=8&sort=price_asc
[2026-09-06 20:20:22] [FALLO] Shopee (query: 'mouse razer deathadder v3'): 403 Client Error: Forbidden for url: https://shopee.com.br/api/v4/search/search_items?by=relevancy&keyword=mouse+razer+deathadder+v3&limit=5&newest=0&order=desc&page_type=search
[2026-09-06 20:20:42] [FALLO] Mercado Livre (query: 'mouse redragon cobra'): 403 Client Error: Forbidden for url: https://api.mercadolibre.com/sites/MLB/search?q=mouse+redragon+cobra&limit=8&sort=price_asc
[2026-09-06 20:21:03] [FALLO] Shopee (query: 'mouse redragon cobra'): 403 Client Error: Forbidden for url: https://shopee.com.br/api/v4/search/search_items?by=relevancy&keyword=mouse+redragon+cobra&limit=5&newest=0&order=desc&page_type=search
[2026-09-06 20:21:23] [FALLO] Mercado Livre (query: 'mousepad gamer grande 70x30'): 403 Client Error: Forbidden for url: https://api.mercadolibre.com/sites/MLB/search?q=mousepad+gamer+grande+70x30&limit=8&sort=price_asc
[2026-09-06 20:21:44] [FALLO] Shopee (query: 'mousepad gamer grande 70x30'): 403 Client Error: Forbidden for url: https://shopee.com.br/api/v4/search/search_items?by=relevancy&keyword=mousepad+gamer+grande+70x30&limit=5&newest=0&order=desc&page_type=search
[2026-09-06 20:22:04] [FALLO] Mercado Livre (query: 'headset hyperx cloud stinger 2'): 403 Client Error: Forbidden for url: https://api.mercadolibre.com/sites/MLB/search?q=headset+hyperx+cloud+stinger+2&limit=8&sort=price_asc
[2026-09-06 20:22:27] [FALLO] Shopee (query: 'headset hyperx cloud stinger 2'): 403 Client Error: Forbidden for url: https://shopee.com.br/api/v4/search/search_items?by=relevancy&keyword=headset+hyperx+cloud+stinger+2&limit=5&newest=0&order=desc&page_type=search
[2026-09-06 20:22:48] [FALLO] Mercado Livre (query: 'fone bluetooth edifier w820nb'): 403 Client Error: Forbidden for url: https://api.mercadolibre.com/sites/MLB/search?q=fone+bluetooth+edifier+w820nb&limit=8&sort=price_asc
[2026-09-06 20:23:09] [FALLO] Shopee (query: 'fone bluetooth edifier w820nb'): 403 Client Error: Forbidden for url: https://shopee.com.br/api/v4/search/search_items?by=relevancy&keyword=fone+bluetooth+edifier+w820nb&limit=5&newest=0&order=desc&page_type=search
[2026-09-06 20:23:29] [FALLO] Mercado Livre (query: 'fone bluetooth qcy t13'): 403 Client Error: Forbidden for url: https://api.mercadolibre.com/sites/MLB/search?q=fone+bluetooth+qcy+t13&limit=8&sort=price_asc
[2026-09-06 20:23:50] [FALLO] Shopee (query: 'fone bluetooth qcy t13'): 403 Client Error: Forbidden for url: https://shopee.com.br/api/v4/search/search_items?by=relevancy&keyword=fone+bluetooth+qcy+t13&limit=5&newest=0&order=desc&page_type=search
[2026-09-06 20:24:11] [FALLO] Mercado Livre (query: 'fone jbl tune 520bt'): 403 Client Error: Forbidden for url: https://api.mercadolibre.com/sites/MLB/search?q=fone+jbl+tune+520bt&limit=8&sort=price_asc
[2026-09-06 20:24:32] [FALLO] Shopee (query: 'fone jbl tune 520bt'): 403 Client Error: Forbidden for url: https://shopee.com.br/api/v4/search/search_items?by=relevancy&keyword=fone+jbl+tune+520bt&limit=5&newest=0&order=desc&page_type=search
[2026-09-06 20:24:52] [FALLO] Mercado Livre (query: 'caixa de som jbl flip 6'): 403 Client Error: Forbidden for url: https://api.mercadolibre.com/sites/MLB/search?q=caixa+de+som+jbl+flip+6&limit=8&sort=price_asc
[2026-09-06 20:25:13] [FALLO] Shopee (query: 'caixa de som jbl flip 6'): 403 Client Error: Forbidden for url: https://shopee.com.br/api/v4/search/search_items?by=relevancy&keyword=caixa+de+som+jbl+flip+6&limit=5&newest=0&order=desc&page_type=search
[2026-09-06 20:25:33] [FALLO] Mercado Livre (query: 'monitor gamer 24 144hz ips'): 403 Client Error: Forbidden for url: https://api.mercadolibre.com/sites/MLB/search?q=monitor+gamer+24+144hz+ips&limit=8&sort=price_asc
[2026-09-06 20:25:54] [FALLO] Shopee (query: 'monitor gamer 24 144hz ips'): 403 Client Error: Forbidden for url: https://shopee.com.br/api/v4/search/search_items?by=relevancy&keyword=monitor+gamer+24+144hz+ips&limit=5&newest=0&order=desc&page_type=search
[2026-09-06 20:26:15] [FALLO] Mercado Livre (query: 'monitor lg 24 ips full hd'): 403 Client Error: Forbidden for url: https://api.mercadolibre.com/sites/MLB/search?q=monitor+lg+24+ips+full+hd&limit=8&sort=price_asc
[2026-09-06 20:26:38] [FALLO] Shopee (query: 'monitor lg 24 ips full hd'): 403 Client Error: Forbidden for url: https://shopee.com.br/api/v4/search/search_items?by=relevancy&keyword=monitor+lg+24+ips+full+hd&limit=5&newest=0&order=desc&page_type=search
[2026-09-06 20:26:58] [FALLO] Mercado Livre (query: 'monitor samsung 27 curvo'): 403 Client Error: Forbidden for url: https://api.mercadolibre.com/sites/MLB/search?q=monitor+samsung+27+curvo&limit=8&sort=price_asc
[2026-09-06 20:27:18] [FALLO] Shopee (query: 'monitor samsung 27 curvo'): 403 Client Error: Forbidden for url: https://shopee.com.br/api/v4/search/search_items?by=relevancy&keyword=monitor+samsung+27+curvo&limit=5&newest=0&order=desc&page_type=search
[2026-09-06 20:27:39] [FALLO] Mercado Livre (query: 'ssd nvme 1tb kingston nv2'): 403 Client Error: Forbidden for url: https://api.mercadolibre.com/sites/MLB/search?q=ssd+nvme+1tb+kingston+nv2&limit=8&sort=price_asc
[2026-09-06 20:27:59] [FALLO] Shopee (query: 'ssd nvme 1tb kingston nv2'): 403 Client Error: Forbidden for url: https://shopee.com.br/api/v4/search/search_items?by=relevancy&keyword=ssd+nvme+1tb+kingston+nv2&limit=5&newest=0&order=desc&page_type=search
[2026-09-06 20:28:20] [FALLO] Mercado Livre (query: 'ssd nvme 500gb wd black sn770'): 403 Client Error: Forbidden for url: https://api.mercadolibre.com/sites/MLB/search?q=ssd+nvme+500gb+wd+black+sn770&limit=8&sort=price_asc
[2026-09-06 20:28:40] [FALLO] Shopee (query: 'ssd nvme 500gb wd black sn770'): 403 Client Error: Forbidden for url: https://shopee.com.br/api/v4/search/search_items?by=relevancy&keyword=ssd+nvme+500gb+wd+black+sn770&limit=5&newest=0&order=desc&page_type=search
[2026-09-06 20:29:00] [FALLO] Mercado Livre (query: 'memoria ram 16gb ddr4 3200mhz'): 403 Client Error: Forbidden for url: https://api.mercadolibre.com/sites/MLB/search?q=memoria+ram+16gb+ddr4+3200mhz&limit=8&sort=price_asc
[2026-09-06 20:29:21] [FALLO] Shopee (query: 'memoria ram 16gb ddr4 3200mhz'): 403 Client Error: Forbidden for url: https://shopee.com.br/api/v4/search/search_items?by=relevancy&keyword=memoria+ram+16gb+ddr4+3200mhz&limit=5&newest=0&order=desc&page_type=search
[2026-09-06 20:29:41] [FALLO] Mercado Livre (query: 'fonte 650w 80 plus bronze'): 403 Client Error: Forbidden for url: https://api.mercadolibre.com/sites/MLB/search?q=fonte+650w+80+plus+bronze&limit=8&sort=price_asc
[2026-09-06 20:30:02] [FALLO] Shopee (query: 'fonte 650w 80 plus bronze'): 403 Client Error: Forbidden for url: https://shopee.com.br/api/v4/search/search_items?by=relevancy&keyword=fonte+650w+80+plus+bronze&limit=5&newest=0&order=desc&page_type=search
[2026-09-06 20:30:22] [FALLO] Mercado Livre (query: 'cadeira gamer thunderx3'): 403 Client Error: Forbidden for url: https://api.mercadolibre.com/sites/MLB/search?q=cadeira+gamer+thunderx3&limit=8&sort=price_asc
[2026-09-06 20:30:43] [FALLO] Shopee (query: 'cadeira gamer thunderx3'): 403 Client Error: Forbidden for url: https://shopee.com.br/api/v4/search/search_items?by=relevancy&keyword=cadeira+gamer+thunderx3&limit=5&newest=0&order=desc&page_type=search
[2026-09-06 20:31:04] [FALLO] Mercado Livre (query: 'suporte monitor articulado'): 403 Client Error: Forbidden for url: https://api.mercadolibre.com/sites/MLB/search?q=suporte+monitor+articulado&limit=8&sort=price_asc
[2026-09-06 20:31:27] [FALLO] Shopee (query: 'suporte monitor articulado'): 403 Client Error: Forbidden for url: https://shopee.com.br/api/v4/search/search_items?by=relevancy&keyword=suporte+monitor+articulado&limit=5&newest=0&order=desc&page_type=search
[2026-09-06 20:31:47] [FALLO] Mercado Livre (query: 'alexa echo dot 5 geracao'): 403 Client Error: Forbidden for url: https://api.mercadolibre.com/sites/MLB/search?q=alexa+echo+dot+5+geracao&limit=8&sort=price_asc
[2026-09-06 20:32:09] [FALLO] Shopee (query: 'alexa echo dot 5 geracao'): 403 Client Error: Forbidden for url: https://shopee.com.br/api/v4/search/search_items?by=relevancy&keyword=alexa+echo+dot+5+geracao&limit=5&newest=0&order=desc&page_type=search
[2026-09-06 20:32:29] [FALLO] Mercado Livre (query: 'lampada inteligente wifi rgb'): 403 Client Error: Forbidden for url: https://api.mercadolibre.com/sites/MLB/search?q=lampada+inteligente+wifi+rgb&limit=8&sort=price_asc
[2026-09-06 20:32:49] [FALLO] Shopee (query: 'lampada inteligente wifi rgb'): 403 Client Error: Forbidden for url: https://shopee.com.br/api/v4/search/search_items?by=relevancy&keyword=lampada+inteligente+wifi+rgb&limit=5&newest=0&order=desc&page_type=search
[2026-09-06 20:33:09] [FALLO] Mercado Livre (query: 'tomada inteligente wifi'): 403 Client Error: Forbidden for url: https://api.mercadolibre.com/sites/MLB/search?q=tomada+inteligente+wifi&limit=8&sort=price_asc
[2026-09-06 20:33:30] [FALLO] Shopee (query: 'tomada inteligente wifi'): 403 Client Error: Forbidden for url: https://shopee.com.br/api/v4/search/search_items?by=relevancy&keyword=tomada+inteligente+wifi&limit=5&newest=0&order=desc&page_type=search
[2026-09-06 23:39:08] [PELANDO] Scraping Amazon (https://www.pelando.com.br/cupons-de-descontos/amazon)
[2026-09-06 23:39:12] [PELANDO]   Falha ao acessar Amazon
[2026-09-06 23:39:14] [PELANDO] Scraping KaBuM! (https://www.pelando.com.br/cupons-de-descontos/kabum)
[2026-09-06 23:39:19] [PELANDO]   Falha ao acessar KaBuM!
[2026-09-06 23:39:21] [PELANDO] Scraping Mercado Livre (https://www.pelando.com.br/cupons-de-descontos/mercado-livre)
[2026-09-06 23:39:25] [PELANDO]   Falha ao acessar Mercado Livre
[2026-09-06 23:39:27] [PELANDO] Scraping Shopee (https://www.pelando.com.br/cupons-de-descontos/shopee)
[2026-09-06 23:39:31] [PELANDO]   Falha ao acessar Shopee
[2026-09-06 23:39:33] [PELANDO] Scraping Magazine Luiza (https://www.pelando.com.br/cupons-de-descontos/magalu)
[2026-09-06 23:39:37] [PELANDO]   Falha ao acessar Magazine Luiza
[2026-09-06 23:39:39] [PELANDO] Scraping AliExpress (https://www.pelando.com.br/cupons-de-descontos/aliexpress)
[2026-09-06 23:39:43] [PELANDO]   Falha ao acessar AliExpress
[2026-09-06 23:39:45] [PELANDO] Scraping Pichau (https://www.pelando.com.br/cupons-de-descontos/pichau)
[2026-09-06 23:39:49] [PELANDO]   Falha ao acessar Pichau
[2026-09-06 23:39:51] [PELANDO] Scraping Terabyte Shop (https://www.pelando.com.br/cupons-de-descontos/terabyte)
[2026-09-06 23:39:55] [PELANDO]   Falha ao acessar Terabyte Shop
[2026-09-06 23:39:57] [PELANDO] Completado: 0 Pelando + 5 manuales = 5 total
[2026-09-06 23:40:01] [ML] Fallback URL: Teclado Mecanico Redragon Kumara K552 RGB Switch B -> https://lista.mercadolivre.com.br/teclado-mecanico-redragon-kumar
[2026-09-06 23:40:04] [ML] Fallback URL: Teclado Mecanico Redragon Kumara K552 RGB -> https://lista.mercadolivre.com.br/teclado-mecanico-redragon-kumar
[2026-09-06 23:40:04] [ML] Fallback URL: Teclado Mecanico Redragon Kumara K552 RGB -> https://lista.mercadolivre.com.br/teclado-mecanico-redragon-kumar
[2026-09-06 23:40:07] [ML] Fallback URL: Teclado Mecanico Redragon Kumara K552 -> https://lista.mercadolivre.com.br/teclado-mecanico-redragon-kumar
[2026-09-06 23:40:11] [ML] Fallback URL: Headset Gamer HyperX Cloud Stinger 2 Core -> https://lista.mercadolivre.com.br/headset-gamer-hyperx-cloud-stin
[2026-09-06 23:40:14] [ML] Fallback URL: Headset HyperX Cloud Stinger 2 -> https://lista.mercadolivre.com.br/headset-hyperx-cloud-stinger-2#
[2026-09-06 23:40:14] [ML] Fallback URL: Headset HyperX Cloud Stinger 2 -> https://lista.mercadolivre.com.br/headset-hyperx-cloud-stinger-2#
[2026-09-06 23:40:14] [ML] Fallback URL: Headset HyperX Cloud Stinger 2 -> https://lista.mercadolivre.com.br/headset-hyperx-cloud-stinger-2#
[2026-09-06 23:40:17] [ML] Fallback URL: Mouse Gamer Logitech G305 LIGHTSPEED Sem Fio -> https://lista.mercadolivre.com.br/mouse-gamer-logitech-g305-light
[2026-09-06 23:40:20] [ML] Fallback URL: Mouse Logitech G305 LIGHTSPEED Wireless -> https://lista.mercadolivre.com.br/mouse-logitech-g305-lightspeed-
[2026-09-06 23:40:24] [ML] Fallback URL: Mouse Logitech G305 Wireless -> https://lista.mercadolivre.com.br/mouse-logitech-g305-wireless#D[
[2026-09-06 23:40:27] [ML] Fallback URL: SSD NVMe Kingston NV2 1TB PCIe 4.0 -> https://lista.mercadolivre.com.br/ssd-nvme-kingston-nv2-1tb-pcie-
[2026-09-06 23:40:30] [ML] Fallback URL: SSD Kingston NV2 1TB NVMe M.2 -> https://lista.mercadolivre.com.br/ssd-kingston-nv2-1tb-nvme-m2#D[
[2026-09-06 23:40:33] [ML] Fallback URL: SSD Kingston NV2 1TB NVMe -> https://lista.mercadolivre.com.br/ssd-kingston-nv2-1tb-nvme#D[A:j
[2026-09-06 23:40:36] [ML] Fallback URL: Fone Bluetooth QCY T13 ANC TWS -> https://lista.mercadolivre.com.br/fone-bluetooth-qcy-t13-anc-tws#
[2026-09-06 23:40:40] [ML] Fallback URL: Fone QCY T13 ANC Bluetooth -> https://lista.mercadolivre.com.br/fone-qcy-t13-anc-bluetooth#D[A:
[2026-09-06 23:40:40] [ML] Fallback URL: Fone QCY T13 ANC Bluetooth -> https://lista.mercadolivre.com.br/fone-qcy-t13-anc-bluetooth#D[A:
[2026-09-06 23:40:43] [ML] Fallback URL: Echo Dot 5a Geracao Alexa Smart Speaker -> https://lista.mercadolivre.com.br/echo-dot-5a-geracao-alexa-smart
[2026-09-06 23:40:46] [ML] Fallback URL: Echo Dot 5 Geracao com Alexa -> https://lista.mercadolivre.com.br/echo-dot-5-geracao-com-alexa#D[
[2026-09-06 23:40:50] [ML] Fallback URL: Teclado Mecanico Royal Kludge RK61 60% RGB Bluetoo -> https://lista.mercadolivre.com.br/teclado-mecanico-royal-kludge-r
[2026-09-06 23:40:53] [ML] Fallback URL: Royal Kludge RK61 Teclado 60% Mecanico RGB -> https://lista.mercadolivre.com.br/royal-kludge-rk61-teclado-60-me
[2026-09-06 23:40:56] [ML] Fallback URL: Monitor Gamer 24 144Hz IPS 1ms Acer Nitro QG241Y -> https://lista.mercadolivre.com.br/monitor-gamer-24-144hz-ips-1ms-
[2026-09-06 23:41:00] [ML] Fallback URL: Monitor 24 144Hz IPS Acer Nitro QG241Y -> https://lista.mercadolivre.com.br/monitor-24-144hz-ips-acer-nitro
[2026-09-06 23:41:03] [ML] Fallback URL: Cadeira Gamer ThunderX3 EC3 Preta -> https://lista.mercadolivre.com.br/cadeira-gamer-thunderx3-ec3-pre
[2026-09-06 23:41:07] [ML] Fallback URL: Cadeira Gamer ThunderX3 EC3 -> https://lista.mercadolivre.com.br/cadeira-gamer-thunderx3-ec3#D[A
[2026-09-06 23:41:10] [ML] Fallback URL: Memoria RAM Kingston Fury Beast 16GB DDR4 3200MHz -> https://lista.mercadolivre.com.br/memoria-ram-kingston-fury-beast
[2026-09-06 23:41:13] [ML] Fallback URL: Memoria Kingston Fury Beast 16GB DDR4 3200 -> https://lista.mercadolivre.com.br/memoria-kingston-fury-beast-16g
[2026-09-06 23:41:17] [ML] Fallback URL: Fonte Corsair CV650 650W 80 Plus Bronze -> https://lista.mercadolivre.com.br/fonte-corsair-cv650-650w-80-plu
[2026-09-06 23:41:20] [ML] Fallback URL: Fonte Corsair CV650 650W 80Plus Bronze -> https://lista.mercadolivre.com.br/fonte-corsair-cv650-650w-80plus
[2026-09-06 23:41:40] [FALLO] Mercado Livre (query: 'teclado mecanico redragon kumara'): 403 Client Error: Forbidden for url: https://api.mercadolibre.com/sites/MLB/search?q=teclado+mecanico+redragon+kumara&limit=8&sort=price_asc
[2026-09-06 23:42:00] [FALLO] Shopee (query: 'teclado mecanico redragon kumara'): 403 Client Error: Forbidden for url: https://shopee.com.br/api/v4/search/search_items?by=relevancy&keyword=teclado+mecanico+redragon+kumara&limit=5&newest=0&order=desc&page_type=search
[2026-09-06 23:42:22] [FALLO] Mercado Livre (query: 'teclado mecanico hyperx alloy origins'): 403 Client Error: Forbidden for url: https://api.mercadolibre.com/sites/MLB/search?q=teclado+mecanico+hyperx+alloy+origins&limit=8&sort=price_asc
[2026-09-06 23:42:42] [FALLO] Shopee (query: 'teclado mecanico hyperx alloy origins'): 403 Client Error: Forbidden for url: https://shopee.com.br/api/v4/search/search_items?by=relevancy&keyword=teclado+mecanico+hyperx+alloy+origins&limit=5&newest=0&order=desc&page_type=search
[2026-09-06 23:43:02] [FALLO] Mercado Livre (query: 'teclado mecanico logitech g pro'): 403 Client Error: Forbidden for url: https://api.mercadolibre.com/sites/MLB/search?q=teclado+mecanico+logitech+g+pro&limit=8&sort=price_asc
[2026-09-06 23:43:23] [FALLO] Shopee (query: 'teclado mecanico logitech g pro'): 403 Client Error: Forbidden for url: https://shopee.com.br/api/v4/search/search_items?by=relevancy&keyword=teclado+mecanico+logitech+g+pro&limit=5&newest=0&order=desc&page_type=search
[2026-09-06 23:43:43] [FALLO] Mercado Livre (query: 'teclado mecanico royal kludge rk61'): 403 Client Error: Forbidden for url: https://api.mercadolibre.com/sites/MLB/search?q=teclado+mecanico+royal+kludge+rk61&limit=8&sort=price_asc
[2026-09-06 23:44:04] [FALLO] Shopee (query: 'teclado mecanico royal kludge rk61'): 403 Client Error: Forbidden for url: https://shopee.com.br/api/v4/search/search_items?by=relevancy&keyword=teclado+mecanico+royal+kludge+rk61&limit=5&newest=0&order=desc&page_type=search
[2026-09-06 23:44:25] [FALLO] Mercado Livre (query: 'mouse logitech g305 lightspeed'): 403 Client Error: Forbidden for url: https://api.mercadolibre.com/sites/MLB/search?q=mouse+logitech+g305+lightspeed&limit=8&sort=price_asc
[2026-09-06 23:44:45] [FALLO] Shopee (query: 'mouse logitech g305 lightspeed'): 403 Client Error: Forbidden for url: https://shopee.com.br/api/v4/search/search_items?by=relevancy&keyword=mouse+logitech+g305+lightspeed&limit=5&newest=0&order=desc&page_type=search
[2026-09-06 23:45:07] [FALLO] Mercado Livre (query: 'mouse razer deathadder v3'): 403 Client Error: Forbidden for url: https://api.mercadolibre.com/sites/MLB/search?q=mouse+razer+deathadder+v3&limit=8&sort=price_asc
[2026-09-06 23:45:27] [FALLO] Shopee (query: 'mouse razer deathadder v3'): 403 Client Error: Forbidden for url: https://shopee.com.br/api/v4/search/search_items?by=relevancy&keyword=mouse+razer+deathadder+v3&limit=5&newest=0&order=desc&page_type=search
[2026-09-06 23:45:47] [FALLO] Mercado Livre (query: 'mouse redragon cobra'): 403 Client Error: Forbidden for url: https://api.mercadolibre.com/sites/MLB/search?q=mouse+redragon+cobra&limit=8&sort=price_asc
[2026-09-06 23:46:10] [FALLO] Shopee (query: 'mouse redragon cobra'): 403 Client Error: Forbidden for url: https://shopee.com.br/api/v4/search/search_items?by=relevancy&keyword=mouse+redragon+cobra&limit=5&newest=0&order=desc&page_type=search
[2026-09-06 23:46:30] [FALLO] Mercado Livre (query: 'mousepad gamer grande 70x30'): 403 Client Error: Forbidden for url: https://api.mercadolibre.com/sites/MLB/search?q=mousepad+gamer+grande+70x30&limit=8&sort=price_asc
[2026-09-06 23:46:52] [FALLO] Shopee (query: 'mousepad gamer grande 70x30'): 403 Client Error: Forbidden for url: https://shopee.com.br/api/v4/search/search_items?by=relevancy&keyword=mousepad+gamer+grande+70x30&limit=5&newest=0&order=desc&page_type=search
[2026-09-06 23:47:13] [FALLO] Mercado Livre (query: 'headset hyperx cloud stinger 2'): 403 Client Error: Forbidden for url: https://api.mercadolibre.com/sites/MLB/search?q=headset+hyperx+cloud+stinger+2&limit=8&sort=price_asc
[2026-09-06 23:47:35] [FALLO] Shopee (query: 'headset hyperx cloud stinger 2'): 403 Client Error: Forbidden for url: https://shopee.com.br/api/v4/search/search_items?by=relevancy&keyword=headset+hyperx+cloud+stinger+2&limit=5&newest=0&order=desc&page_type=search
[2026-09-06 23:47:56] [FALLO] Mercado Livre (query: 'fone bluetooth edifier w820nb'): 403 Client Error: Forbidden for url: https://api.mercadolibre.com/sites/MLB/search?q=fone+bluetooth+edifier+w820nb&limit=8&sort=price_asc
[2026-09-06 23:48:19] [FALLO] Shopee (query: 'fone bluetooth edifier w820nb'): 403 Client Error: Forbidden for url: https://shopee.com.br/api/v4/search/search_items?by=relevancy&keyword=fone+bluetooth+edifier+w820nb&limit=5&newest=0&order=desc&page_type=search
[2026-09-06 23:48:39] [FALLO] Mercado Livre (query: 'fone bluetooth qcy t13'): 403 Client Error: Forbidden for url: https://api.mercadolibre.com/sites/MLB/search?q=fone+bluetooth+qcy+t13&limit=8&sort=price_asc
[2026-09-06 23:49:01] [FALLO] Shopee (query: 'fone bluetooth qcy t13'): 403 Client Error: Forbidden for url: https://shopee.com.br/api/v4/search/search_items?by=relevancy&keyword=fone+bluetooth+qcy+t13&limit=5&newest=0&order=desc&page_type=search
[2026-09-06 23:49:23] [FALLO] Mercado Livre (query: 'fone jbl tune 520bt'): 403 Client Error: Forbidden for url: https://api.mercadolibre.com/sites/MLB/search?q=fone+jbl+tune+520bt&limit=8&sort=price_asc
[2026-09-06 23:49:43] [FALLO] Shopee (query: 'fone jbl tune 520bt'): 403 Client Error: Forbidden for url: https://shopee.com.br/api/v4/search/search_items?by=relevancy&keyword=fone+jbl+tune+520bt&limit=5&newest=0&order=desc&page_type=search
[2026-09-06 23:50:03] [FALLO] Mercado Livre (query: 'caixa de som jbl flip 6'): 403 Client Error: Forbidden for url: https://api.mercadolibre.com/sites/MLB/search?q=caixa+de+som+jbl+flip+6&limit=8&sort=price_asc
[2026-09-06 23:50:26] [FALLO] Shopee (query: 'caixa de som jbl flip 6'): 403 Client Error: Forbidden for url: https://shopee.com.br/api/v4/search/search_items?by=relevancy&keyword=caixa+de+som+jbl+flip+6&limit=5&newest=0&order=desc&page_type=search
[2026-09-06 23:50:46] [FALLO] Mercado Livre (query: 'monitor gamer 24 144hz ips'): 403 Client Error: Forbidden for url: https://api.mercadolibre.com/sites/MLB/search?q=monitor+gamer+24+144hz+ips&limit=8&sort=price_asc
[2026-09-06 23:51:08] [FALLO] Shopee (query: 'monitor gamer 24 144hz ips'): 403 Client Error: Forbidden for url: https://shopee.com.br/api/v4/search/search_items?by=relevancy&keyword=monitor+gamer+24+144hz+ips&limit=5&newest=0&order=desc&page_type=search
[2026-09-06 23:51:30] [FALLO] Mercado Livre (query: 'monitor lg 24 ips full hd'): 403 Client Error: Forbidden for url: https://api.mercadolibre.com/sites/MLB/search?q=monitor+lg+24+ips+full+hd&limit=8&sort=price_asc
[2026-09-06 23:51:52] [FALLO] Shopee (query: 'monitor lg 24 ips full hd'): 403 Client Error: Forbidden for url: https://shopee.com.br/api/v4/search/search_items?by=relevancy&keyword=monitor+lg+24+ips+full+hd&limit=5&newest=0&order=desc&page_type=search
[2026-09-06 23:52:12] [FALLO] Mercado Livre (query: 'monitor samsung 27 curvo'): 403 Client Error: Forbidden for url: https://api.mercadolibre.com/sites/MLB/search?q=monitor+samsung+27+curvo&limit=8&sort=price_asc
[2026-09-06 23:52:33] [FALLO] Shopee (query: 'monitor samsung 27 curvo'): 403 Client Error: Forbidden for url: https://shopee.com.br/api/v4/search/search_items?by=relevancy&keyword=monitor+samsung+27+curvo&limit=5&newest=0&order=desc&page_type=search
[2026-09-06 23:52:53] [FALLO] Mercado Livre (query: 'ssd nvme 1tb kingston nv2'): 403 Client Error: Forbidden for url: https://api.mercadolibre.com/sites/MLB/search?q=ssd+nvme+1tb+kingston+nv2&limit=8&sort=price_asc
[2026-09-06 23:53:14] [FALLO] Shopee (query: 'ssd nvme 1tb kingston nv2'): 403 Client Error: Forbidden for url: https://shopee.com.br/api/v4/search/search_items?by=relevancy&keyword=ssd+nvme+1tb+kingston+nv2&limit=5&newest=0&order=desc&page_type=search
[2026-09-06 23:53:34] [FALLO] Mercado Livre (query: 'ssd nvme 500gb wd black sn770'): 403 Client Error: Forbidden for url: https://api.mercadolibre.com/sites/MLB/search?q=ssd+nvme+500gb+wd+black+sn770&limit=8&sort=price_asc
[2026-09-06 23:53:57] [FALLO] Shopee (query: 'ssd nvme 500gb wd black sn770'): 403 Client Error: Forbidden for url: https://shopee.com.br/api/v4/search/search_items?by=relevancy&keyword=ssd+nvme+500gb+wd+black+sn770&limit=5&newest=0&order=desc&page_type=search
[2026-09-06 23:54:17] [FALLO] Mercado Livre (query: 'memoria ram 16gb ddr4 3200mhz'): 403 Client Error: Forbidden for url: https://api.mercadolibre.com/sites/MLB/search?q=memoria+ram+16gb+ddr4+3200mhz&limit=8&sort=price_asc
[2026-09-06 23:54:39] [FALLO] Shopee (query: 'memoria ram 16gb ddr4 3200mhz'): 403 Client Error: Forbidden for url: https://shopee.com.br/api/v4/search/search_items?by=relevancy&keyword=memoria+ram+16gb+ddr4+3200mhz&limit=5&newest=0&order=desc&page_type=search
[2026-09-06 23:55:00] [FALLO] Mercado Livre (query: 'fonte 650w 80 plus bronze'): 403 Client Error: Forbidden for url: https://api.mercadolibre.com/sites/MLB/search?q=fonte+650w+80+plus+bronze&limit=8&sort=price_asc
[2026-09-06 23:55:22] [FALLO] Shopee (query: 'fonte 650w 80 plus bronze'): 403 Client Error: Forbidden for url: https://shopee.com.br/api/v4/search/search_items?by=relevancy&keyword=fonte+650w+80+plus+bronze&limit=5&newest=0&order=desc&page_type=search
[2026-09-06 23:55:42] [FALLO] Mercado Livre (query: 'cadeira gamer thunderx3'): 403 Client Error: Forbidden for url: https://api.mercadolibre.com/sites/MLB/search?q=cadeira+gamer+thunderx3&limit=8&sort=price_asc
[2026-09-06 23:56:05] [FALLO] Shopee (query: 'cadeira gamer thunderx3'): 403 Client Error: Forbidden for url: https://shopee.com.br/api/v4/search/search_items?by=relevancy&keyword=cadeira+gamer+thunderx3&limit=5&newest=0&order=desc&page_type=search
[2026-09-06 23:56:26] [FALLO] Mercado Livre (query: 'suporte monitor articulado'): 403 Client Error: Forbidden for url: https://api.mercadolibre.com/sites/MLB/search?q=suporte+monitor+articulado&limit=8&sort=price_asc
[2026-09-06 23:56:46] [FALLO] Shopee (query: 'suporte monitor articulado'): 403 Client Error: Forbidden for url: https://shopee.com.br/api/v4/search/search_items?by=relevancy&keyword=suporte+monitor+articulado&limit=5&newest=0&order=desc&page_type=search
[2026-09-06 23:57:06] [FALLO] Mercado Livre (query: 'alexa echo dot 5 geracao'): 403 Client Error: Forbidden for url: https://api.mercadolibre.com/sites/MLB/search?q=alexa+echo+dot+5+geracao&limit=8&sort=price_asc
[2026-09-06 23:57:27] [FALLO] Shopee (query: 'alexa echo dot 5 geracao'): 403 Client Error: Forbidden for url: https://shopee.com.br/api/v4/search/search_items?by=relevancy&keyword=alexa+echo+dot+5+geracao&limit=5&newest=0&order=desc&page_type=search
[2026-09-06 23:57:47] [FALLO] Mercado Livre (query: 'lampada inteligente wifi rgb'): 403 Client Error: Forbidden for url: https://api.mercadolibre.com/sites/MLB/search?q=lampada+inteligente+wifi+rgb&limit=8&sort=price_asc
[2026-09-06 23:58:07] [FALLO] Shopee (query: 'lampada inteligente wifi rgb'): 403 Client Error: Forbidden for url: https://shopee.com.br/api/v4/search/search_items?by=relevancy&keyword=lampada+inteligente+wifi+rgb&limit=5&newest=0&order=desc&page_type=search
[2026-09-06 23:58:28] [FALLO] Mercado Livre (query: 'tomada inteligente wifi'): 403 Client Error: Forbidden for url: https://api.mercadolibre.com/sites/MLB/search?q=tomada+inteligente+wifi&limit=8&sort=price_asc
[2026-09-06 23:58:48] [FALLO] Shopee (query: 'tomada inteligente wifi'): 403 Client Error: Forbidden for url: https://shopee.com.br/api/v4/search/search_items?by=relevancy&keyword=tomada+inteligente+wifi&limit=5&newest=0&order=desc&page_type=search
[2026-09-07 03:53:31] [PELANDO] Scraping Amazon (https://www.pelando.com.br/cupons-de-descontos/amazon)
[2026-09-07 03:53:35] [PELANDO]   Falha ao acessar Amazon
[2026-09-07 03:53:37] [PELANDO] Scraping KaBuM! (https://www.pelando.com.br/cupons-de-descontos/kabum)
[2026-09-07 03:53:41] [PELANDO]   Falha ao acessar KaBuM!
[2026-09-07 03:53:43] [PELANDO] Scraping Mercado Livre (https://www.pelando.com.br/cupons-de-descontos/mercado-livre)
[2026-09-07 03:53:47] [PELANDO]   Falha ao acessar Mercado Livre
[2026-09-07 03:53:49] [PELANDO] Scraping Shopee (https://www.pelando.com.br/cupons-de-descontos/shopee)
[2026-09-07 03:53:53] [PELANDO]   Falha ao acessar Shopee
[2026-09-07 03:53:55] [PELANDO] Scraping Magazine Luiza (https://www.pelando.com.br/cupons-de-descontos/magalu)
[2026-09-07 03:53:59] [PELANDO]   Falha ao acessar Magazine Luiza
[2026-09-07 03:54:01] [PELANDO] Scraping AliExpress (https://www.pelando.com.br/cupons-de-descontos/aliexpress)
[2026-09-07 03:54:06] [PELANDO]   Falha ao acessar AliExpress
[2026-09-07 03:54:08] [PELANDO] Scraping Pichau (https://www.pelando.com.br/cupons-de-descontos/pichau)
[2026-09-07 03:54:12] [PELANDO]   Falha ao acessar Pichau
[2026-09-07 03:54:14] [PELANDO] Scraping Terabyte Shop (https://www.pelando.com.br/cupons-de-descontos/terabyte)
[2026-09-07 03:54:18] [PELANDO]   Falha ao acessar Terabyte Shop
[2026-09-07 03:54:20] [PELANDO] Completado: 0 Pelando + 5 manuales = 5 total
[2026-09-07 03:54:24] [ML] Fallback URL: Teclado Mecanico Redragon Kumara K552 RGB Switch B -> https://lista.mercadolivre.com.br/teclado-mecanico-redragon-kumar
[2026-09-07 03:54:27] [ML] Fallback URL: Teclado Mecanico Redragon Kumara K552 RGB -> https://lista.mercadolivre.com.br/teclado-mecanico-redragon-kumar
[2026-09-07 03:54:27] [ML] Fallback URL: Teclado Mecanico Redragon Kumara K552 RGB -> https://lista.mercadolivre.com.br/teclado-mecanico-redragon-kumar
[2026-09-07 03:54:31] [ML] Fallback URL: Teclado Mecanico Redragon Kumara K552 -> https://lista.mercadolivre.com.br/teclado-mecanico-redragon-kumar
[2026-09-07 03:54:34] [ML] Fallback URL: Headset Gamer HyperX Cloud Stinger 2 Core -> https://lista.mercadolivre.com.br/headset-gamer-hyperx-cloud-stin
[2026-09-07 03:54:37] [ML] Fallback URL: Headset HyperX Cloud Stinger 2 -> https://lista.mercadolivre.com.br/headset-hyperx-cloud-stinger-2#
[2026-09-07 03:54:37] [ML] Fallback URL: Headset HyperX Cloud Stinger 2 -> https://lista.mercadolivre.com.br/headset-hyperx-cloud-stinger-2#
[2026-09-07 03:54:37] [ML] Fallback URL: Headset HyperX Cloud Stinger 2 -> https://lista.mercadolivre.com.br/headset-hyperx-cloud-stinger-2#
[2026-09-07 03:54:41] [ML] Fallback URL: Mouse Gamer Logitech G305 LIGHTSPEED Sem Fio -> https://lista.mercadolivre.com.br/mouse-gamer-logitech-g305-light
[2026-09-07 03:54:44] [ML] Fallback URL: Mouse Logitech G305 LIGHTSPEED Wireless -> https://lista.mercadolivre.com.br/mouse-logitech-g305-lightspeed-
[2026-09-07 03:54:48] [ML] Fallback URL: Mouse Logitech G305 Wireless -> https://lista.mercadolivre.com.br/mouse-logitech-g305-wireless#D[
[2026-09-07 03:54:51] [ML] Fallback URL: SSD NVMe Kingston NV2 1TB PCIe 4.0 -> https://lista.mercadolivre.com.br/ssd-nvme-kingston-nv2-1tb-pcie-
[2026-09-07 03:54:55] [ML] Fallback URL: SSD Kingston NV2 1TB NVMe M.2 -> https://lista.mercadolivre.com.br/ssd-kingston-nv2-1tb-nvme-m2#D[
[2026-09-07 03:54:58] [ML] Fallback URL: SSD Kingston NV2 1TB NVMe -> https://lista.mercadolivre.com.br/ssd-kingston-nv2-1tb-nvme#D[A:j
[2026-09-07 03:55:01] [ML] Fallback URL: Fone Bluetooth QCY T13 ANC TWS -> https://lista.mercadolivre.com.br/fone-bluetooth-qcy-t13-anc-tws#
[2026-09-07 03:55:05] [ML] Fallback URL: Fone QCY T13 ANC Bluetooth -> https://lista.mercadolivre.com.br/fone-qcy-t13-anc-bluetooth#D[A:
[2026-09-07 03:55:05] [ML] Fallback URL: Fone QCY T13 ANC Bluetooth -> https://lista.mercadolivre.com.br/fone-qcy-t13-anc-bluetooth#D[A:
[2026-09-07 03:55:08] [ML] Fallback URL: Echo Dot 5a Geracao Alexa Smart Speaker -> https://lista.mercadolivre.com.br/echo-dot-5a-geracao-alexa-smart
[2026-09-07 03:55:12] [ML] Fallback URL: Echo Dot 5 Geracao com Alexa -> https://lista.mercadolivre.com.br/echo-dot-5-geracao-com-alexa#D[
[2026-09-07 03:55:15] [ML] Fallback URL: Teclado Mecanico Royal Kludge RK61 60% RGB Bluetoo -> https://lista.mercadolivre.com.br/teclado-mecanico-royal-kludge-r
[2026-09-07 03:55:18] [ML] Fallback URL: Royal Kludge RK61 Teclado 60% Mecanico RGB -> https://lista.mercadolivre.com.br/royal-kludge-rk61-teclado-60-me
[2026-09-07 03:55:22] [ML] Fallback URL: Monitor Gamer 24 144Hz IPS 1ms Acer Nitro QG241Y -> https://lista.mercadolivre.com.br/monitor-gamer-24-144hz-ips-1ms-
[2026-09-07 03:55:25] [ML] Fallback URL: Monitor 24 144Hz IPS Acer Nitro QG241Y -> https://lista.mercadolivre.com.br/monitor-24-144hz-ips-acer-nitro
[2026-09-07 03:55:29] [ML] Fallback URL: Cadeira Gamer ThunderX3 EC3 Preta -> https://lista.mercadolivre.com.br/cadeira-gamer-thunderx3-ec3-pre
[2026-09-07 03:55:32] [ML] Fallback URL: Cadeira Gamer ThunderX3 EC3 -> https://lista.mercadolivre.com.br/cadeira-gamer-thunderx3-ec3#D[A
[2026-09-07 03:55:35] [ML] Fallback URL: Memoria RAM Kingston Fury Beast 16GB DDR4 3200MHz -> https://lista.mercadolivre.com.br/memoria-ram-kingston-fury-beast
[2026-09-07 03:55:39] [ML] Fallback URL: Memoria Kingston Fury Beast 16GB DDR4 3200 -> https://lista.mercadolivre.com.br/memoria-kingston-fury-beast-16g
[2026-09-07 03:55:42] [ML] Fallback URL: Fonte Corsair CV650 650W 80 Plus Bronze -> https://lista.mercadolivre.com.br/fonte-corsair-cv650-650w-80-plu
[2026-09-07 03:55:46] [ML] Fallback URL: Fonte Corsair CV650 650W 80Plus Bronze -> https://lista.mercadolivre.com.br/fonte-corsair-cv650-650w-80plus
[2026-09-07 03:56:06] [FALLO] Mercado Livre (query: 'teclado mecanico redragon kumara'): 403 Client Error: Forbidden for url: https://api.mercadolibre.com/sites/MLB/search?q=teclado+mecanico+redragon+kumara&limit=8&sort=price_asc
[2026-09-07 03:56:27] [FALLO] Shopee (query: 'teclado mecanico redragon kumara'): 403 Client Error: Forbidden for url: https://shopee.com.br/api/v4/search/search_items?by=relevancy&keyword=teclado+mecanico+redragon+kumara&limit=5&newest=0&order=desc&page_type=search
[2026-09-07 03:56:48] [FALLO] Mercado Livre (query: 'teclado mecanico hyperx alloy origins'): 403 Client Error: Forbidden for url: https://api.mercadolibre.com/sites/MLB/search?q=teclado+mecanico+hyperx+alloy+origins&limit=8&sort=price_asc
[2026-09-07 03:57:09] [FALLO] Shopee (query: 'teclado mecanico hyperx alloy origins'): 403 Client Error: Forbidden for url: https://shopee.com.br/api/v4/search/search_items?by=relevancy&keyword=teclado+mecanico+hyperx+alloy+origins&limit=5&newest=0&order=desc&page_type=search
[2026-09-07 03:57:29] [FALLO] Mercado Livre (query: 'teclado mecanico logitech g pro'): 403 Client Error: Forbidden for url: https://api.mercadolibre.com/sites/MLB/search?q=teclado+mecanico+logitech+g+pro&limit=8&sort=price_asc
[2026-09-07 03:57:52] [FALLO] Shopee (query: 'teclado mecanico logitech g pro'): 403 Client Error: Forbidden for url: https://shopee.com.br/api/v4/search/search_items?by=relevancy&keyword=teclado+mecanico+logitech+g+pro&limit=5&newest=0&order=desc&page_type=search
[2026-09-07 03:58:12] [FALLO] Mercado Livre (query: 'teclado mecanico royal kludge rk61'): 403 Client Error: Forbidden for url: https://api.mercadolibre.com/sites/MLB/search?q=teclado+mecanico+royal+kludge+rk61&limit=8&sort=price_asc
[2026-09-07 03:58:35] [FALLO] Shopee (query: 'teclado mecanico royal kludge rk61'): 403 Client Error: Forbidden for url: https://shopee.com.br/api/v4/search/search_items?by=relevancy&keyword=teclado+mecanico+royal+kludge+rk61&limit=5&newest=0&order=desc&page_type=search
[2026-09-07 03:58:57] [FALLO] Mercado Livre (query: 'mouse logitech g305 lightspeed'): 403 Client Error: Forbidden for url: https://api.mercadolibre.com/sites/MLB/search?q=mouse+logitech+g305+lightspeed&limit=8&sort=price_asc
[2026-09-07 03:59:19] [FALLO] Shopee (query: 'mouse logitech g305 lightspeed'): 403 Client Error: Forbidden for url: https://shopee.com.br/api/v4/search/search_items?by=relevancy&keyword=mouse+logitech+g305+lightspeed&limit=5&newest=0&order=desc&page_type=search
[2026-09-07 03:59:40] [FALLO] Mercado Livre (query: 'mouse razer deathadder v3'): 403 Client Error: Forbidden for url: https://api.mercadolibre.com/sites/MLB/search?q=mouse+razer+deathadder+v3&limit=8&sort=price_asc
[2026-09-07 04:00:01] [FALLO] Shopee (query: 'mouse razer deathadder v3'): 403 Client Error: Forbidden for url: https://shopee.com.br/api/v4/search/search_items?by=relevancy&keyword=mouse+razer+deathadder+v3&limit=5&newest=0&order=desc&page_type=search
[2026-09-07 04:00:21] [FALLO] Mercado Livre (query: 'mouse redragon cobra'): 403 Client Error: Forbidden for url: https://api.mercadolibre.com/sites/MLB/search?q=mouse+redragon+cobra&limit=8&sort=price_asc
[2026-09-07 04:00:44] [FALLO] Shopee (query: 'mouse redragon cobra'): 403 Client Error: Forbidden for url: https://shopee.com.br/api/v4/search/search_items?by=relevancy&keyword=mouse+redragon+cobra&limit=5&newest=0&order=desc&page_type=search
[2026-09-07 04:01:04] [FALLO] Mercado Livre (query: 'mousepad gamer grande 70x30'): 403 Client Error: Forbidden for url: https://api.mercadolibre.com/sites/MLB/search?q=mousepad+gamer+grande+70x30&limit=8&sort=price_asc
[2026-09-07 04:01:26] [FALLO] Shopee (query: 'mousepad gamer grande 70x30'): 403 Client Error: Forbidden for url: https://shopee.com.br/api/v4/search/search_items?by=relevancy&keyword=mousepad+gamer+grande+70x30&limit=5&newest=0&order=desc&page_type=search
[2026-09-07 04:01:46] [FALLO] Mercado Livre (query: 'headset hyperx cloud stinger 2'): 403 Client Error: Forbidden for url: https://api.mercadolibre.com/sites/MLB/search?q=headset+hyperx+cloud+stinger+2&limit=8&sort=price_asc
[2026-09-07 04:02:07] [FALLO] Shopee (query: 'headset hyperx cloud stinger 2'): 403 Client Error: Forbidden for url: https://shopee.com.br/api/v4/search/search_items?by=relevancy&keyword=headset+hyperx+cloud+stinger+2&limit=5&newest=0&order=desc&page_type=search
[2026-09-07 04:02:28] [FALLO] Mercado Livre (query: 'fone bluetooth edifier w820nb'): 403 Client Error: Forbidden for url: https://api.mercadolibre.com/sites/MLB/search?q=fone+bluetooth+edifier+w820nb&limit=8&sort=price_asc
[2026-09-07 04:02:48] [FALLO] Shopee (query: 'fone bluetooth edifier w820nb'): 403 Client Error: Forbidden for url: https://shopee.com.br/api/v4/search/search_items?by=relevancy&keyword=fone+bluetooth+edifier+w820nb&limit=5&newest=0&order=desc&page_type=search
[2026-09-07 04:03:09] [FALLO] Mercado Livre (query: 'fone bluetooth qcy t13'): 403 Client Error: Forbidden for url: https://api.mercadolibre.com/sites/MLB/search?q=fone+bluetooth+qcy+t13&limit=8&sort=price_asc
[2026-09-07 04:03:29] [FALLO] Shopee (query: 'fone bluetooth qcy t13'): 403 Client Error: Forbidden for url: https://shopee.com.br/api/v4/search/search_items?by=relevancy&keyword=fone+bluetooth+qcy+t13&limit=5&newest=0&order=desc&page_type=search
[2026-09-07 04:03:51] [FALLO] Mercado Livre (query: 'fone jbl tune 520bt'): 403 Client Error: Forbidden for url: https://api.mercadolibre.com/sites/MLB/search?q=fone+jbl+tune+520bt&limit=8&sort=price_asc
[2026-09-07 04:04:11] [FALLO] Shopee (query: 'fone jbl tune 520bt'): 403 Client Error: Forbidden for url: https://shopee.com.br/api/v4/search/search_items?by=relevancy&keyword=fone+jbl+tune+520bt&limit=5&newest=0&order=desc&page_type=search
[2026-09-07 04:04:31] [FALLO] Mercado Livre (query: 'caixa de som jbl flip 6'): 403 Client Error: Forbidden for url: https://api.mercadolibre.com/sites/MLB/search?q=caixa+de+som+jbl+flip+6&limit=8&sort=price_asc
[2026-09-07 04:04:52] [FALLO] Shopee (query: 'caixa de som jbl flip 6'): 403 Client Error: Forbidden for url: https://shopee.com.br/api/v4/search/search_items?by=relevancy&keyword=caixa+de+som+jbl+flip+6&limit=5&newest=0&order=desc&page_type=search
[2026-09-07 04:05:12] [FALLO] Mercado Livre (query: 'monitor gamer 24 144hz ips'): 403 Client Error: Forbidden for url: https://api.mercadolibre.com/sites/MLB/search?q=monitor+gamer+24+144hz+ips&limit=8&sort=price_asc
[2026-09-07 04:05:33] [FALLO] Shopee (query: 'monitor gamer 24 144hz ips'): 403 Client Error: Forbidden for url: https://shopee.com.br/api/v4/search/search_items?by=relevancy&keyword=monitor+gamer+24+144hz+ips&limit=5&newest=0&order=desc&page_type=search
[2026-09-07 04:05:54] [FALLO] Mercado Livre (query: 'monitor lg 24 ips full hd'): 403 Client Error: Forbidden for url: https://api.mercadolibre.com/sites/MLB/search?q=monitor+lg+24+ips+full+hd&limit=8&sort=price_asc
[2026-09-07 04:06:17] [FALLO] Shopee (query: 'monitor lg 24 ips full hd'): 403 Client Error: Forbidden for url: https://shopee.com.br/api/v4/search/search_items?by=relevancy&keyword=monitor+lg+24+ips+full+hd&limit=5&newest=0&order=desc&page_type=search
[2026-09-07 04:06:38] [FALLO] Mercado Livre (query: 'monitor samsung 27 curvo'): 403 Client Error: Forbidden for url: https://api.mercadolibre.com/sites/MLB/search?q=monitor+samsung+27+curvo&limit=8&sort=price_asc
[2026-09-07 04:06:58] [FALLO] Shopee (query: 'monitor samsung 27 curvo'): 403 Client Error: Forbidden for url: https://shopee.com.br/api/v4/search/search_items?by=relevancy&keyword=monitor+samsung+27+curvo&limit=5&newest=0&order=desc&page_type=search
[2026-09-07 04:07:19] [FALLO] Mercado Livre (query: 'ssd nvme 1tb kingston nv2'): 403 Client Error: Forbidden for url: https://api.mercadolibre.com/sites/MLB/search?q=ssd+nvme+1tb+kingston+nv2&limit=8&sort=price_asc
[2026-09-07 04:07:40] [FALLO] Shopee (query: 'ssd nvme 1tb kingston nv2'): 403 Client Error: Forbidden for url: https://shopee.com.br/api/v4/search/search_items?by=relevancy&keyword=ssd+nvme+1tb+kingston+nv2&limit=5&newest=0&order=desc&page_type=search
[2026-09-07 04:08:00] [FALLO] Mercado Livre (query: 'ssd nvme 500gb wd black sn770'): 403 Client Error: Forbidden for url: https://api.mercadolibre.com/sites/MLB/search?q=ssd+nvme+500gb+wd+black+sn770&limit=8&sort=price_asc
[2026-09-07 04:08:23] [FALLO] Shopee (query: 'ssd nvme 500gb wd black sn770'): 403 Client Error: Forbidden for url: https://shopee.com.br/api/v4/search/search_items?by=relevancy&keyword=ssd+nvme+500gb+wd+black+sn770&limit=5&newest=0&order=desc&page_type=search
[2026-09-07 04:08:43] [FALLO] Mercado Livre (query: 'memoria ram 16gb ddr4 3200mhz'): 403 Client Error: Forbidden for url: https://api.mercadolibre.com/sites/MLB/search?q=memoria+ram+16gb+ddr4+3200mhz&limit=8&sort=price_asc
[2026-09-07 04:09:06] [FALLO] Shopee (query: 'memoria ram 16gb ddr4 3200mhz'): 403 Client Error: Forbidden for url: https://shopee.com.br/api/v4/search/search_items?by=relevancy&keyword=memoria+ram+16gb+ddr4+3200mhz&limit=5&newest=0&order=desc&page_type=search
[2026-09-07 04:09:26] [FALLO] Mercado Livre (query: 'fonte 650w 80 plus bronze'): 403 Client Error: Forbidden for url: https://api.mercadolibre.com/sites/MLB/search?q=fonte+650w+80+plus+bronze&limit=8&sort=price_asc
[2026-09-07 04:09:48] [FALLO] Shopee (query: 'fonte 650w 80 plus bronze'): 403 Client Error: Forbidden for url: https://shopee.com.br/api/v4/search/search_items?by=relevancy&keyword=fonte+650w+80+plus+bronze&limit=5&newest=0&order=desc&page_type=search
[2026-09-07 04:10:09] [FALLO] Mercado Livre (query: 'cadeira gamer thunderx3'): 403 Client Error: Forbidden for url: https://api.mercadolibre.com/sites/MLB/search?q=cadeira+gamer+thunderx3&limit=8&sort=price_asc
[2026-09-07 04:10:31] [FALLO] Shopee (query: 'cadeira gamer thunderx3'): 403 Client Error: Forbidden for url: https://shopee.com.br/api/v4/search/search_items?by=relevancy&keyword=cadeira+gamer+thunderx3&limit=5&newest=0&order=desc&page_type=search
[2026-09-07 04:10:53] [FALLO] Mercado Livre (query: 'suporte monitor articulado'): 403 Client Error: Forbidden for url: https://api.mercadolibre.com/sites/MLB/search?q=suporte+monitor+articulado&limit=8&sort=price_asc
[2026-09-07 04:11:13] [FALLO] Shopee (query: 'suporte monitor articulado'): 403 Client Error: Forbidden for url: https://shopee.com.br/api/v4/search/search_items?by=relevancy&keyword=suporte+monitor+articulado&limit=5&newest=0&order=desc&page_type=search
[2026-09-07 04:11:34] [FALLO] Mercado Livre (query: 'alexa echo dot 5 geracao'): 403 Client Error: Forbidden for url: https://api.mercadolibre.com/sites/MLB/search?q=alexa+echo+dot+5+geracao&limit=8&sort=price_asc
[2026-09-07 04:11:55] [FALLO] Shopee (query: 'alexa echo dot 5 geracao'): 403 Client Error: Forbidden for url: https://shopee.com.br/api/v4/search/search_items?by=relevancy&keyword=alexa+echo+dot+5+geracao&limit=5&newest=0&order=desc&page_type=search
[2026-09-07 04:12:15] [FALLO] Mercado Livre (query: 'lampada inteligente wifi rgb'): 403 Client Error: Forbidden for url: https://api.mercadolibre.com/sites/MLB/search?q=lampada+inteligente+wifi+rgb&limit=8&sort=price_asc
[2026-09-07 04:12:38] [FALLO] Shopee (query: 'lampada inteligente wifi rgb'): 403 Client Error: Forbidden for url: https://shopee.com.br/api/v4/search/search_items?by=relevancy&keyword=lampada+inteligente+wifi+rgb&limit=5&newest=0&order=desc&page_type=search
[2026-09-07 04:12:58] [FALLO] Mercado Livre (query: 'tomada inteligente wifi'): 403 Client Error: Forbidden for url: https://api.mercadolibre.com/sites/MLB/search?q=tomada+inteligente+wifi&limit=8&sort=price_asc
[2026-09-07 04:13:18] [FALLO] Shopee (query: 'tomada inteligente wifi'): 403 Client Error: Forbidden for url: https://shopee.com.br/api/v4/search/search_items?by=relevancy&keyword=tomada+inteligente+wifi&limit=5&newest=0&order=desc&page_type=search
[2026-09-07 09:10:37] [PELANDO] Scraping Amazon (https://www.pelando.com.br/cupons-de-descontos/amazon)
[2026-09-07 09:10:42] [PELANDO]   Falha ao acessar Amazon
[2026-09-07 09:10:44] [PELANDO] Scraping KaBuM! (https://www.pelando.com.br/cupons-de-descontos/kabum)
[2026-09-07 09:10:48] [PELANDO]   Falha ao acessar KaBuM!
[2026-09-07 09:10:50] [PELANDO] Scraping Mercado Livre (https://www.pelando.com.br/cupons-de-descontos/mercado-livre)
[2026-09-07 09:10:54] [PELANDO]   Falha ao acessar Mercado Livre
[2026-09-07 09:10:56] [PELANDO] Scraping Shopee (https://www.pelando.com.br/cupons-de-descontos/shopee)
[2026-09-07 09:11:00] [PELANDO]   Falha ao acessar Shopee
[2026-09-07 09:11:02] [PELANDO] Scraping Magazine Luiza (https://www.pelando.com.br/cupons-de-descontos/magalu)
[2026-09-07 09:11:06] [PELANDO]   Falha ao acessar Magazine Luiza
[2026-09-07 09:11:08] [PELANDO] Scraping AliExpress (https://www.pelando.com.br/cupons-de-descontos/aliexpress)
[2026-09-07 09:11:12] [PELANDO]   Falha ao acessar AliExpress
[2026-09-07 09:11:14] [PELANDO] Scraping Pichau (https://www.pelando.com.br/cupons-de-descontos/pichau)
[2026-09-07 09:11:18] [PELANDO]   Falha ao acessar Pichau
[2026-09-07 09:11:20] [PELANDO] Scraping Terabyte Shop (https://www.pelando.com.br/cupons-de-descontos/terabyte)
[2026-09-07 09:11:24] [PELANDO]   Falha ao acessar Terabyte Shop
[2026-09-07 09:11:26] [PELANDO] Completado: 0 Pelando + 5 manuales = 5 total
[2026-09-07 09:11:30] [ML] Fallback URL: Teclado Mecanico Redragon Kumara K552 RGB Switch B -> https://lista.mercadolivre.com.br/teclado-mecanico-redragon-kumar
[2026-09-07 09:11:34] [ML] Fallback URL: Teclado Mecanico Redragon Kumara K552 RGB -> https://lista.mercadolivre.com.br/teclado-mecanico-redragon-kumar
[2026-09-07 09:11:34] [ML] Fallback URL: Teclado Mecanico Redragon Kumara K552 RGB -> https://lista.mercadolivre.com.br/teclado-mecanico-redragon-kumar
[2026-09-07 09:11:37] [ML] Fallback URL: Teclado Mecanico Redragon Kumara K552 -> https://lista.mercadolivre.com.br/teclado-mecanico-redragon-kumar
[2026-09-07 09:11:41] [ML] Fallback URL: Headset Gamer HyperX Cloud Stinger 2 Core -> https://lista.mercadolivre.com.br/headset-gamer-hyperx-cloud-stin
[2026-09-07 09:11:44] [ML] Fallback URL: Headset HyperX Cloud Stinger 2 -> https://lista.mercadolivre.com.br/headset-hyperx-cloud-stinger-2#
[2026-09-07 09:11:44] [ML] Fallback URL: Headset HyperX Cloud Stinger 2 -> https://lista.mercadolivre.com.br/headset-hyperx-cloud-stinger-2#
[2026-09-07 09:11:44] [ML] Fallback URL: Headset HyperX Cloud Stinger 2 -> https://lista.mercadolivre.com.br/headset-hyperx-cloud-stinger-2#
[2026-09-07 09:11:48] [ML] Fallback URL: Mouse Gamer Logitech G305 LIGHTSPEED Sem Fio -> https://lista.mercadolivre.com.br/mouse-gamer-logitech-g305-light
[2026-09-07 09:11:51] [ML] Fallback URL: Mouse Logitech G305 LIGHTSPEED Wireless -> https://lista.mercadolivre.com.br/mouse-logitech-g305-lightspeed-
[2026-09-07 09:11:55] [ML] Fallback URL: Mouse Logitech G305 Wireless -> https://lista.mercadolivre.com.br/mouse-logitech-g305-wireless#D[
[2026-09-07 09:11:58] [ML] Fallback URL: SSD NVMe Kingston NV2 1TB PCIe 4.0 -> https://lista.mercadolivre.com.br/ssd-nvme-kingston-nv2-1tb-pcie-
[2026-09-07 09:12:02] [ML] Fallback URL: SSD Kingston NV2 1TB NVMe M.2 -> https://lista.mercadolivre.com.br/ssd-kingston-nv2-1tb-nvme-m2#D[
[2026-09-07 09:12:05] [ML] Fallback URL: SSD Kingston NV2 1TB NVMe -> https://lista.mercadolivre.com.br/ssd-kingston-nv2-1tb-nvme#D[A:j
[2026-09-07 09:12:08] [ML] Fallback URL: Fone Bluetooth QCY T13 ANC TWS -> https://lista.mercadolivre.com.br/fone-bluetooth-qcy-t13-anc-tws#
[2026-09-07 09:12:12] [ML] Fallback URL: Fone QCY T13 ANC Bluetooth -> https://lista.mercadolivre.com.br/fone-qcy-t13-anc-bluetooth#D[A:
[2026-09-07 09:12:12] [ML] Fallback URL: Fone QCY T13 ANC Bluetooth -> https://lista.mercadolivre.com.br/fone-qcy-t13-anc-bluetooth#D[A:
[2026-09-07 09:12:15] [ML] Fallback URL: Echo Dot 5a Geracao Alexa Smart Speaker -> https://lista.mercadolivre.com.br/echo-dot-5a-geracao-alexa-smart
[2026-09-07 09:12:20] [ML] Fallback URL: Echo Dot 5 Geracao com Alexa -> https://lista.mercadolivre.com.br/echo-dot-5-geracao-com-alexa#D[
[2026-09-07 09:12:23] [ML] Fallback URL: Teclado Mecanico Royal Kludge RK61 60% RGB Bluetoo -> https://lista.mercadolivre.com.br/teclado-mecanico-royal-kludge-r
[2026-09-07 09:12:26] [ML] Fallback URL: Royal Kludge RK61 Teclado 60% Mecanico RGB -> https://lista.mercadolivre.com.br/royal-kludge-rk61-teclado-60-me
[2026-09-07 09:12:30] [ML] Fallback URL: Monitor Gamer 24 144Hz IPS 1ms Acer Nitro QG241Y -> https://lista.mercadolivre.com.br/monitor-gamer-24-144hz-ips-1ms-
[2026-09-07 09:12:34] [ML] Fallback URL: Monitor 24 144Hz IPS Acer Nitro QG241Y -> https://lista.mercadolivre.com.br/monitor-24-144hz-ips-acer-nitro
[2026-09-07 09:12:37] [ML] Fallback URL: Cadeira Gamer ThunderX3 EC3 Preta -> https://lista.mercadolivre.com.br/cadeira-gamer-thunderx3-ec3-pre
[2026-09-07 09:12:41] [ML] Fallback URL: Cadeira Gamer ThunderX3 EC3 -> https://lista.mercadolivre.com.br/cadeira-gamer-thunderx3-ec3#D[A
[2026-09-07 09:12:44] [ML] Fallback URL: Memoria RAM Kingston Fury Beast 16GB DDR4 3200MHz -> https://lista.mercadolivre.com.br/memoria-ram-kingston-fury-beast
[2026-09-07 09:12:47] [ML] Fallback URL: Memoria Kingston Fury Beast 16GB DDR4 3200 -> https://lista.mercadolivre.com.br/memoria-kingston-fury-beast-16g
[2026-09-07 09:12:51] [ML] Fallback URL: Fonte Corsair CV650 650W 80 Plus Bronze -> https://lista.mercadolivre.com.br/fonte-corsair-cv650-650w-80-plu
[2026-09-07 09:12:54] [ML] Fallback URL: Fonte Corsair CV650 650W 80Plus Bronze -> https://lista.mercadolivre.com.br/fonte-corsair-cv650-650w-80plus
[2026-09-07 09:13:15] [FALLO] Mercado Livre (query: 'teclado mecanico redragon kumara'): 403 Client Error: Forbidden for url: https://api.mercadolibre.com/sites/MLB/search?q=teclado+mecanico+redragon+kumara&limit=8&sort=price_asc
[2026-09-07 09:13:38] [FALLO] Shopee (query: 'teclado mecanico redragon kumara'): 403 Client Error: Forbidden for url: https://shopee.com.br/api/v4/search/search_items?by=relevancy&keyword=teclado+mecanico+redragon+kumara&limit=5&newest=0&order=desc&page_type=search
[2026-09-07 09:13:59] [FALLO] Mercado Livre (query: 'teclado mecanico hyperx alloy origins'): 403 Client Error: Forbidden for url: https://api.mercadolibre.com/sites/MLB/search?q=teclado+mecanico+hyperx+alloy+origins&limit=8&sort=price_asc
[2026-09-07 09:14:21] [FALLO] Shopee (query: 'teclado mecanico hyperx alloy origins'): 403 Client Error: Forbidden for url: https://shopee.com.br/api/v4/search/search_items?by=relevancy&keyword=teclado+mecanico+hyperx+alloy+origins&limit=5&newest=0&order=desc&page_type=search
[2026-09-07 09:14:42] [FALLO] Mercado Livre (query: 'teclado mecanico logitech g pro'): 403 Client Error: Forbidden for url: https://api.mercadolibre.com/sites/MLB/search?q=teclado+mecanico+logitech+g+pro&limit=8&sort=price_asc
[2026-09-07 09:15:02] [FALLO] Shopee (query: 'teclado mecanico logitech g pro'): 403 Client Error: Forbidden for url: https://shopee.com.br/api/v4/search/search_items?by=relevancy&keyword=teclado+mecanico+logitech+g+pro&limit=5&newest=0&order=desc&page_type=search
[2026-09-07 09:15:23] [FALLO] Mercado Livre (query: 'teclado mecanico royal kludge rk61'): 403 Client Error: Forbidden for url: https://api.mercadolibre.com/sites/MLB/search?q=teclado+mecanico+royal+kludge+rk61&limit=8&sort=price_asc
[2026-09-07 09:15:43] [FALLO] Shopee (query: 'teclado mecanico royal kludge rk61'): 403 Client Error: Forbidden for url: https://shopee.com.br/api/v4/search/search_items?by=relevancy&keyword=teclado+mecanico+royal+kludge+rk61&limit=5&newest=0&order=desc&page_type=search
[2026-09-07 09:16:05] [FALLO] Mercado Livre (query: 'mouse logitech g305 lightspeed'): 403 Client Error: Forbidden for url: https://api.mercadolibre.com/sites/MLB/search?q=mouse+logitech+g305+lightspeed&limit=8&sort=price_asc
[2026-09-07 09:16:25] [FALLO] Shopee (query: 'mouse logitech g305 lightspeed'): 403 Client Error: Forbidden for url: https://shopee.com.br/api/v4/search/search_items?by=relevancy&keyword=mouse+logitech+g305+lightspeed&limit=5&newest=0&order=desc&page_type=search
[2026-09-07 09:16:46] [FALLO] Mercado Livre (query: 'mouse razer deathadder v3'): 403 Client Error: Forbidden for url: https://api.mercadolibre.com/sites/MLB/search?q=mouse+razer+deathadder+v3&limit=8&sort=price_asc
[2026-09-07 09:17:07] [FALLO] Shopee (query: 'mouse razer deathadder v3'): 403 Client Error: Forbidden for url: https://shopee.com.br/api/v4/search/search_items?by=relevancy&keyword=mouse+razer+deathadder+v3&limit=5&newest=0&order=desc&page_type=search
[2026-09-07 09:17:27] [FALLO] Mercado Livre (query: 'mouse redragon cobra'): 403 Client Error: Forbidden for url: https://api.mercadolibre.com/sites/MLB/search?q=mouse+redragon+cobra&limit=8&sort=price_asc
[2026-09-07 09:17:48] [FALLO] Shopee (query: 'mouse redragon cobra'): 403 Client Error: Forbidden for url: https://shopee.com.br/api/v4/search/search_items?by=relevancy&keyword=mouse+redragon+cobra&limit=5&newest=0&order=desc&page_type=search
[2026-09-07 09:18:08] [FALLO] Mercado Livre (query: 'mousepad gamer grande 70x30'): 403 Client Error: Forbidden for url: https://api.mercadolibre.com/sites/MLB/search?q=mousepad+gamer+grande+70x30&limit=8&sort=price_asc
[2026-09-07 09:18:30] [FALLO] Shopee (query: 'mousepad gamer grande 70x30'): 403 Client Error: Forbidden for url: https://shopee.com.br/api/v4/search/search_items?by=relevancy&keyword=mousepad+gamer+grande+70x30&limit=5&newest=0&order=desc&page_type=search
[2026-09-07 09:18:50] [FALLO] Mercado Livre (query: 'headset hyperx cloud stinger 2'): 403 Client Error: Forbidden for url: https://api.mercadolibre.com/sites/MLB/search?q=headset+hyperx+cloud+stinger+2&limit=8&sort=price_asc
[2026-09-07 09:19:13] [FALLO] Shopee (query: 'headset hyperx cloud stinger 2'): 403 Client Error: Forbidden for url: https://shopee.com.br/api/v4/search/search_items?by=relevancy&keyword=headset+hyperx+cloud+stinger+2&limit=5&newest=0&order=desc&page_type=search
[2026-09-07 09:19:35] [FALLO] Mercado Livre (query: 'fone bluetooth edifier w820nb'): 403 Client Error: Forbidden for url: https://api.mercadolibre.com/sites/MLB/search?q=fone+bluetooth+edifier+w820nb&limit=8&sort=price_asc
[2026-09-07 09:19:58] [FALLO] Shopee (query: 'fone bluetooth edifier w820nb'): 403 Client Error: Forbidden for url: https://shopee.com.br/api/v4/search/search_items?by=relevancy&keyword=fone+bluetooth+edifier+w820nb&limit=5&newest=0&order=desc&page_type=search
[2026-09-07 09:20:18] [FALLO] Mercado Livre (query: 'fone bluetooth qcy t13'): 403 Client Error: Forbidden for url: https://api.mercadolibre.com/sites/MLB/search?q=fone+bluetooth+qcy+t13&limit=8&sort=price_asc
[2026-09-07 09:20:41] [FALLO] Shopee (query: 'fone bluetooth qcy t13'): 403 Client Error: Forbidden for url: https://shopee.com.br/api/v4/search/search_items?by=relevancy&keyword=fone+bluetooth+qcy+t13&limit=5&newest=0&order=desc&page_type=search
[2026-09-07 09:21:02] [FALLO] Mercado Livre (query: 'fone jbl tune 520bt'): 403 Client Error: Forbidden for url: https://api.mercadolibre.com/sites/MLB/search?q=fone+jbl+tune+520bt&limit=8&sort=price_asc
[2026-09-07 09:21:25] [FALLO] Shopee (query: 'fone jbl tune 520bt'): 403 Client Error: Forbidden for url: https://shopee.com.br/api/v4/search/search_items?by=relevancy&keyword=fone+jbl+tune+520bt&limit=5&newest=0&order=desc&page_type=search
[2026-09-07 09:21:46] [FALLO] Mercado Livre (query: 'caixa de som jbl flip 6'): 403 Client Error: Forbidden for url: https://api.mercadolibre.com/sites/MLB/search?q=caixa+de+som+jbl+flip+6&limit=8&sort=price_asc
[2026-09-07 09:22:08] [FALLO] Shopee (query: 'caixa de som jbl flip 6'): 403 Client Error: Forbidden for url: https://shopee.com.br/api/v4/search/search_items?by=relevancy&keyword=caixa+de+som+jbl+flip+6&limit=5&newest=0&order=desc&page_type=search
[2026-09-07 09:22:29] [FALLO] Mercado Livre (query: 'monitor gamer 24 144hz ips'): 403 Client Error: Forbidden for url: https://api.mercadolibre.com/sites/MLB/search?q=monitor+gamer+24+144hz+ips&limit=8&sort=price_asc
[2026-09-07 09:22:51] [FALLO] Shopee (query: 'monitor gamer 24 144hz ips'): 403 Client Error: Forbidden for url: https://shopee.com.br/api/v4/search/search_items?by=relevancy&keyword=monitor+gamer+24+144hz+ips&limit=5&newest=0&order=desc&page_type=search
[2026-09-07 09:23:12] [FALLO] Mercado Livre (query: 'monitor lg 24 ips full hd'): 403 Client Error: Forbidden for url: https://api.mercadolibre.com/sites/MLB/search?q=monitor+lg+24+ips+full+hd&limit=8&sort=price_asc
[2026-09-07 09:23:33] [FALLO] Shopee (query: 'monitor lg 24 ips full hd'): 403 Client Error: Forbidden for url: https://shopee.com.br/api/v4/search/search_items?by=relevancy&keyword=monitor+lg+24+ips+full+hd&limit=5&newest=0&order=desc&page_type=search
[2026-09-07 09:23:53] [FALLO] Mercado Livre (query: 'monitor samsung 27 curvo'): 403 Client Error: Forbidden for url: https://api.mercadolibre.com/sites/MLB/search?q=monitor+samsung+27+curvo&limit=8&sort=price_asc
[2026-09-07 09:24:14] [FALLO] Shopee (query: 'monitor samsung 27 curvo'): 403 Client Error: Forbidden for url: https://shopee.com.br/api/v4/search/search_items?by=relevancy&keyword=monitor+samsung+27+curvo&limit=5&newest=0&order=desc&page_type=search
[2026-09-07 09:24:34] [FALLO] Mercado Livre (query: 'ssd nvme 1tb kingston nv2'): 403 Client Error: Forbidden for url: https://api.mercadolibre.com/sites/MLB/search?q=ssd+nvme+1tb+kingston+nv2&limit=8&sort=price_asc
[2026-09-07 09:24:55] [FALLO] Shopee (query: 'ssd nvme 1tb kingston nv2'): 403 Client Error: Forbidden for url: https://shopee.com.br/api/v4/search/search_items?by=relevancy&keyword=ssd+nvme+1tb+kingston+nv2&limit=5&newest=0&order=desc&page_type=search
[2026-09-07 09:25:15] [FALLO] Mercado Livre (query: 'ssd nvme 500gb wd black sn770'): 403 Client Error: Forbidden for url: https://api.mercadolibre.com/sites/MLB/search?q=ssd+nvme+500gb+wd+black+sn770&limit=8&sort=price_asc
[2026-09-07 09:25:36] [FALLO] Shopee (query: 'ssd nvme 500gb wd black sn770'): 403 Client Error: Forbidden for url: https://shopee.com.br/api/v4/search/search_items?by=relevancy&keyword=ssd+nvme+500gb+wd+black+sn770&limit=5&newest=0&order=desc&page_type=search
[2026-09-07 09:25:56] [FALLO] Mercado Livre (query: 'memoria ram 16gb ddr4 3200mhz'): 403 Client Error: Forbidden for url: https://api.mercadolibre.com/sites/MLB/search?q=memoria+ram+16gb+ddr4+3200mhz&limit=8&sort=price_asc
[2026-09-07 09:26:17] [FALLO] Shopee (query: 'memoria ram 16gb ddr4 3200mhz'): 403 Client Error: Forbidden for url: https://shopee.com.br/api/v4/search/search_items?by=relevancy&keyword=memoria+ram+16gb+ddr4+3200mhz&limit=5&newest=0&order=desc&page_type=search
[2026-09-07 09:26:37] [FALLO] Mercado Livre (query: 'fonte 650w 80 plus bronze'): 403 Client Error: Forbidden for url: https://api.mercadolibre.com/sites/MLB/search?q=fonte+650w+80+plus+bronze&limit=8&sort=price_asc
[2026-09-07 09:26:58] [FALLO] Shopee (query: 'fonte 650w 80 plus bronze'): 403 Client Error: Forbidden for url: https://shopee.com.br/api/v4/search/search_items?by=relevancy&keyword=fonte+650w+80+plus+bronze&limit=5&newest=0&order=desc&page_type=search
[2026-09-07 09:27:18] [FALLO] Mercado Livre (query: 'cadeira gamer thunderx3'): 403 Client Error: Forbidden for url: https://api.mercadolibre.com/sites/MLB/search?q=cadeira+gamer+thunderx3&limit=8&sort=price_asc
[2026-09-07 09:27:39] [FALLO] Shopee (query: 'cadeira gamer thunderx3'): 403 Client Error: Forbidden for url: https://shopee.com.br/api/v4/search/search_items?by=relevancy&keyword=cadeira+gamer+thunderx3&limit=5&newest=0&order=desc&page_type=search
[2026-09-07 09:28:00] [FALLO] Mercado Livre (query: 'suporte monitor articulado'): 403 Client Error: Forbidden for url: https://api.mercadolibre.com/sites/MLB/search?q=suporte+monitor+articulado&limit=8&sort=price_asc
[2026-09-07 09:28:21] [FALLO] Shopee (query: 'suporte monitor articulado'): 403 Client Error: Forbidden for url: https://shopee.com.br/api/v4/search/search_items?by=relevancy&keyword=suporte+monitor+articulado&limit=5&newest=0&order=desc&page_type=search
[2026-09-07 09:28:41] [FALLO] Mercado Livre (query: 'alexa echo dot 5 geracao'): 403 Client Error: Forbidden for url: https://api.mercadolibre.com/sites/MLB/search?q=alexa+echo+dot+5+geracao&limit=8&sort=price_asc
[2026-09-07 09:29:02] [FALLO] Shopee (query: 'alexa echo dot 5 geracao'): 403 Client Error: Forbidden for url: https://shopee.com.br/api/v4/search/search_items?by=relevancy&keyword=alexa+echo+dot+5+geracao&limit=5&newest=0&order=desc&page_type=search
[2026-09-07 09:29:22] [FALLO] Mercado Livre (query: 'lampada inteligente wifi rgb'): 403 Client Error: Forbidden for url: https://api.mercadolibre.com/sites/MLB/search?q=lampada+inteligente+wifi+rgb&limit=8&sort=price_asc
[2026-09-07 09:29:43] [FALLO] Shopee (query: 'lampada inteligente wifi rgb'): 403 Client Error: Forbidden for url: https://shopee.com.br/api/v4/search/search_items?by=relevancy&keyword=lampada+inteligente+wifi+rgb&limit=5&newest=0&order=desc&page_type=search
[2026-09-07 09:30:03] [FALLO] Mercado Livre (query: 'tomada inteligente wifi'): 403 Client Error: Forbidden for url: https://api.mercadolibre.com/sites/MLB/search?q=tomada+inteligente+wifi&limit=8&sort=price_asc
[2026-09-07 09:30:24] [FALLO] Shopee (query: 'tomada inteligente wifi'): 403 Client Error: Forbidden for url: https://shopee.com.br/api/v4/search/search_items?by=relevancy&keyword=tomada+inteligente+wifi&limit=5&newest=0&order=desc&page_type=search
[2026-09-07 15:39:29] [PELANDO] Scraping Amazon (https://www.pelando.com.br/cupons-de-descontos/amazon)
[2026-09-07 15:39:33] [PELANDO]   Falha ao acessar Amazon
[2026-09-07 15:39:35] [PELANDO] Scraping KaBuM! (https://www.pelando.com.br/cupons-de-descontos/kabum)
[2026-09-07 15:39:40] [PELANDO]   Falha ao acessar KaBuM!
[2026-09-07 15:39:42] [PELANDO] Scraping Mercado Livre (https://www.pelando.com.br/cupons-de-descontos/mercado-livre)
[2026-09-07 15:39:46] [PELANDO]   Falha ao acessar Mercado Livre
[2026-09-07 15:39:48] [PELANDO] Scraping Shopee (https://www.pelando.com.br/cupons-de-descontos/shopee)
[2026-09-07 15:39:52] [PELANDO]   Falha ao acessar Shopee
[2026-09-07 15:39:54] [PELANDO] Scraping Magazine Luiza (https://www.pelando.com.br/cupons-de-descontos/magalu)
[2026-09-07 15:39:58] [PELANDO]   Falha ao acessar Magazine Luiza
[2026-09-07 15:40:00] [PELANDO] Scraping AliExpress (https://www.pelando.com.br/cupons-de-descontos/aliexpress)
[2026-09-07 15:40:04] [PELANDO]   Falha ao acessar AliExpress
[2026-09-07 15:40:06] [PELANDO] Scraping Pichau (https://www.pelando.com.br/cupons-de-descontos/pichau)
[2026-09-07 15:40:11] [PELANDO]   Falha ao acessar Pichau
[2026-09-07 15:40:13] [PELANDO] Scraping Terabyte Shop (https://www.pelando.com.br/cupons-de-descontos/terabyte)
[2026-09-07 15:40:17] [PELANDO]   Falha ao acessar Terabyte Shop
[2026-09-07 15:40:19] [PELANDO] Completado: 0 Pelando + 5 manuales = 5 total
[2026-09-07 15:40:23] [ML] Fallback URL: Teclado Mecanico Redragon Kumara K552 RGB Switch B -> https://lista.mercadolivre.com.br/teclado-mecanico-redragon-kumar
[2026-09-07 15:40:26] [ML] Fallback URL: Teclado Mecanico Redragon Kumara K552 RGB -> https://lista.mercadolivre.com.br/teclado-mecanico-redragon-kumar
[2026-09-07 15:40:26] [ML] Fallback URL: Teclado Mecanico Redragon Kumara K552 RGB -> https://lista.mercadolivre.com.br/teclado-mecanico-redragon-kumar
[2026-09-07 15:40:30] [ML] Fallback URL: Teclado Mecanico Redragon Kumara K552 -> https://lista.mercadolivre.com.br/teclado-mecanico-redragon-kumar
[2026-09-07 15:40:33] [ML] Fallback URL: Headset Gamer HyperX Cloud Stinger 2 Core -> https://lista.mercadolivre.com.br/headset-gamer-hyperx-cloud-stin
[2026-09-07 15:40:37] [ML] Fallback URL: Headset HyperX Cloud Stinger 2 -> https://lista.mercadolivre.com.br/headset-hyperx-cloud-stinger-2#
[2026-09-07 15:40:37] [ML] Fallback URL: Headset HyperX Cloud Stinger 2 -> https://lista.mercadolivre.com.br/headset-hyperx-cloud-stinger-2#
[2026-09-07 15:40:37] [ML] Fallback URL: Headset HyperX Cloud Stinger 2 -> https://lista.mercadolivre.com.br/headset-hyperx-cloud-stinger-2#
[2026-09-07 15:40:40] [ML] Fallback URL: Mouse Gamer Logitech G305 LIGHTSPEED Sem Fio -> https://lista.mercadolivre.com.br/mouse-gamer-logitech-g305-light
[2026-09-07 15:40:44] [ML] Fallback URL: Mouse Logitech G305 LIGHTSPEED Wireless -> https://lista.mercadolivre.com.br/mouse-logitech-g305-lightspeed-
[2026-09-07 15:40:47] [ML] Fallback URL: Mouse Logitech G305 Wireless -> https://lista.mercadolivre.com.br/mouse-logitech-g305-wireless#D[
[2026-09-07 15:40:51] [ML] Fallback URL: SSD NVMe Kingston NV2 1TB PCIe 4.0 -> https://lista.mercadolivre.com.br/ssd-nvme-kingston-nv2-1tb-pcie-
[2026-09-07 15:40:54] [ML] Fallback URL: SSD Kingston NV2 1TB NVMe M.2 -> https://lista.mercadolivre.com.br/ssd-kingston-nv2-1tb-nvme-m2#D[
[2026-09-07 15:40:58] [ML] Fallback URL: SSD Kingston NV2 1TB NVMe -> https://lista.mercadolivre.com.br/ssd-kingston-nv2-1tb-nvme#D[A:j
[2026-09-07 15:41:01] [ML] Fallback URL: Fone Bluetooth QCY T13 ANC TWS -> https://lista.mercadolivre.com.br/fone-bluetooth-qcy-t13-anc-tws#
[2026-09-07 15:41:05] [ML] Fallback URL: Fone QCY T13 ANC Bluetooth -> https://lista.mercadolivre.com.br/fone-qcy-t13-anc-bluetooth#D[A:
[2026-09-07 15:41:05] [ML] Fallback URL: Fone QCY T13 ANC Bluetooth -> https://lista.mercadolivre.com.br/fone-qcy-t13-anc-bluetooth#D[A:
[2026-09-07 15:41:08] [ML] Fallback URL: Echo Dot 5a Geracao Alexa Smart Speaker -> https://lista.mercadolivre.com.br/echo-dot-5a-geracao-alexa-smart
[2026-09-07 15:41:12] [ML] Fallback URL: Echo Dot 5 Geracao com Alexa -> https://lista.mercadolivre.com.br/echo-dot-5-geracao-com-alexa#D[
[2026-09-07 15:41:15] [ML] Fallback URL: Teclado Mecanico Royal Kludge RK61 60% RGB Bluetoo -> https://lista.mercadolivre.com.br/teclado-mecanico-royal-kludge-r
[2026-09-07 15:41:18] [ML] Fallback URL: Royal Kludge RK61 Teclado 60% Mecanico RGB -> https://lista.mercadolivre.com.br/royal-kludge-rk61-teclado-60-me
[2026-09-07 15:41:22] [ML] Fallback URL: Monitor Gamer 24 144Hz IPS 1ms Acer Nitro QG241Y -> https://lista.mercadolivre.com.br/monitor-gamer-24-144hz-ips-1ms-
[2026-09-07 15:41:25] [ML] Fallback URL: Monitor 24 144Hz IPS Acer Nitro QG241Y -> https://lista.mercadolivre.com.br/monitor-24-144hz-ips-acer-nitro
[2026-09-07 15:41:29] [ML] Fallback URL: Cadeira Gamer ThunderX3 EC3 Preta -> https://lista.mercadolivre.com.br/cadeira-gamer-thunderx3-ec3-pre
[2026-09-07 15:41:33] [ML] Fallback URL: Cadeira Gamer ThunderX3 EC3 -> https://lista.mercadolivre.com.br/cadeira-gamer-thunderx3-ec3#D[A
[2026-09-07 15:41:36] [ML] Fallback URL: Memoria RAM Kingston Fury Beast 16GB DDR4 3200MHz -> https://lista.mercadolivre.com.br/memoria-ram-kingston-fury-beast
[2026-09-07 15:41:40] [ML] Fallback URL: Memoria Kingston Fury Beast 16GB DDR4 3200 -> https://lista.mercadolivre.com.br/memoria-kingston-fury-beast-16g
[2026-09-07 15:41:43] [ML] Fallback URL: Fonte Corsair CV650 650W 80 Plus Bronze -> https://lista.mercadolivre.com.br/fonte-corsair-cv650-650w-80-plu
[2026-09-07 15:41:46] [ML] Fallback URL: Fonte Corsair CV650 650W 80Plus Bronze -> https://lista.mercadolivre.com.br/fonte-corsair-cv650-650w-80plus
[2026-09-07 15:42:07] [FALLO] Mercado Livre (query: 'teclado mecanico redragon kumara'): 403 Client Error: Forbidden for url: https://api.mercadolibre.com/sites/MLB/search?q=teclado+mecanico+redragon+kumara&limit=8&sort=price_asc
[2026-09-07 15:42:28] [FALLO] Shopee (query: 'teclado mecanico redragon kumara'): 403 Client Error: Forbidden for url: https://shopee.com.br/api/v4/search/search_items?by=relevancy&keyword=teclado+mecanico+redragon+kumara&limit=5&newest=0&order=desc&page_type=search
[2026-09-07 15:42:49] [FALLO] Mercado Livre (query: 'teclado mecanico hyperx alloy origins'): 403 Client Error: Forbidden for url: https://api.mercadolibre.com/sites/MLB/search?q=teclado+mecanico+hyperx+alloy+origins&limit=8&sort=price_asc
[2026-09-07 15:43:10] [FALLO] Shopee (query: 'teclado mecanico hyperx alloy origins'): 403 Client Error: Forbidden for url: https://shopee.com.br/api/v4/search/search_items?by=relevancy&keyword=teclado+mecanico+hyperx+alloy+origins&limit=5&newest=0&order=desc&page_type=search
[2026-09-07 15:43:32] [FALLO] Mercado Livre (query: 'teclado mecanico logitech g pro'): 403 Client Error: Forbidden for url: https://api.mercadolibre.com/sites/MLB/search?q=teclado+mecanico+logitech+g+pro&limit=8&sort=price_asc
[2026-09-07 15:43:52] [FALLO] Shopee (query: 'teclado mecanico logitech g pro'): 403 Client Error: Forbidden for url: https://shopee.com.br/api/v4/search/search_items?by=relevancy&keyword=teclado+mecanico+logitech+g+pro&limit=5&newest=0&order=desc&page_type=search
[2026-09-07 15:44:13] [FALLO] Mercado Livre (query: 'teclado mecanico royal kludge rk61'): 403 Client Error: Forbidden for url: https://api.mercadolibre.com/sites/MLB/search?q=teclado+mecanico+royal+kludge+rk61&limit=8&sort=price_asc
[2026-09-07 15:44:33] [FALLO] Shopee (query: 'teclado mecanico royal kludge rk61'): 403 Client Error: Forbidden for url: https://shopee.com.br/api/v4/search/search_items?by=relevancy&keyword=teclado+mecanico+royal+kludge+rk61&limit=5&newest=0&order=desc&page_type=search
[2026-09-07 15:44:54] [FALLO] Mercado Livre (query: 'mouse logitech g305 lightspeed'): 403 Client Error: Forbidden for url: https://api.mercadolibre.com/sites/MLB/search?q=mouse+logitech+g305+lightspeed&limit=8&sort=price_asc
[2026-09-07 15:45:15] [FALLO] Shopee (query: 'mouse logitech g305 lightspeed'): 403 Client Error: Forbidden for url: https://shopee.com.br/api/v4/search/search_items?by=relevancy&keyword=mouse+logitech+g305+lightspeed&limit=5&newest=0&order=desc&page_type=search
[2026-09-07 15:45:36] [FALLO] Mercado Livre (query: 'mouse razer deathadder v3'): 403 Client Error: Forbidden for url: https://api.mercadolibre.com/sites/MLB/search?q=mouse+razer+deathadder+v3&limit=8&sort=price_asc
[2026-09-07 15:45:57] [FALLO] Shopee (query: 'mouse razer deathadder v3'): 403 Client Error: Forbidden for url: https://shopee.com.br/api/v4/search/search_items?by=relevancy&keyword=mouse+razer+deathadder+v3&limit=5&newest=0&order=desc&page_type=search
[2026-09-07 15:46:17] [FALLO] Mercado Livre (query: 'mouse redragon cobra'): 403 Client Error: Forbidden for url: https://api.mercadolibre.com/sites/MLB/search?q=mouse+redragon+cobra&limit=8&sort=price_asc
[2026-09-07 15:46:40] [FALLO] Shopee (query: 'mouse redragon cobra'): 403 Client Error: Forbidden for url: https://shopee.com.br/api/v4/search/search_items?by=relevancy&keyword=mouse+redragon+cobra&limit=5&newest=0&order=desc&page_type=search
[2026-09-07 15:47:01] [FALLO] Mercado Livre (query: 'mousepad gamer grande 70x30'): 403 Client Error: Forbidden for url: https://api.mercadolibre.com/sites/MLB/search?q=mousepad+gamer+grande+70x30&limit=8&sort=price_asc
[2026-09-07 15:47:23] [FALLO] Shopee (query: 'mousepad gamer grande 70x30'): 403 Client Error: Forbidden for url: https://shopee.com.br/api/v4/search/search_items?by=relevancy&keyword=mousepad+gamer+grande+70x30&limit=5&newest=0&order=desc&page_type=search
[2026-09-07 15:47:43] [FALLO] Mercado Livre (query: 'headset hyperx cloud stinger 2'): 403 Client Error: Forbidden for url: https://api.mercadolibre.com/sites/MLB/search?q=headset+hyperx+cloud+stinger+2&limit=8&sort=price_asc
[2026-09-07 15:48:04] [FALLO] Shopee (query: 'headset hyperx cloud stinger 2'): 403 Client Error: Forbidden for url: https://shopee.com.br/api/v4/search/search_items?by=relevancy&keyword=headset+hyperx+cloud+stinger+2&limit=5&newest=0&order=desc&page_type=search
[2026-09-07 15:48:25] [FALLO] Mercado Livre (query: 'fone bluetooth edifier w820nb'): 403 Client Error: Forbidden for url: https://api.mercadolibre.com/sites/MLB/search?q=fone+bluetooth+edifier+w820nb&limit=8&sort=price_asc
[2026-09-07 15:48:45] [FALLO] Shopee (query: 'fone bluetooth edifier w820nb'): 403 Client Error: Forbidden for url: https://shopee.com.br/api/v4/search/search_items?by=relevancy&keyword=fone+bluetooth+edifier+w820nb&limit=5&newest=0&order=desc&page_type=search
[2026-09-07 15:49:06] [FALLO] Mercado Livre (query: 'fone bluetooth qcy t13'): 403 Client Error: Forbidden for url: https://api.mercadolibre.com/sites/MLB/search?q=fone+bluetooth+qcy+t13&limit=8&sort=price_asc
[2026-09-07 15:49:27] [FALLO] Shopee (query: 'fone bluetooth qcy t13'): 403 Client Error: Forbidden for url: https://shopee.com.br/api/v4/search/search_items?by=relevancy&keyword=fone+bluetooth+qcy+t13&limit=5&newest=0&order=desc&page_type=search
[2026-09-07 15:49:48] [FALLO] Mercado Livre (query: 'fone jbl tune 520bt'): 403 Client Error: Forbidden for url: https://api.mercadolibre.com/sites/MLB/search?q=fone+jbl+tune+520bt&limit=8&sort=price_asc
[2026-09-07 15:50:09] [FALLO] Shopee (query: 'fone jbl tune 520bt'): 403 Client Error: Forbidden for url: https://shopee.com.br/api/v4/search/search_items?by=relevancy&keyword=fone+jbl+tune+520bt&limit=5&newest=0&order=desc&page_type=search
[2026-09-07 15:50:29] [FALLO] Mercado Livre (query: 'caixa de som jbl flip 6'): 403 Client Error: Forbidden for url: https://api.mercadolibre.com/sites/MLB/search?q=caixa+de+som+jbl+flip+6&limit=8&sort=price_asc
[2026-09-07 15:50:49] [FALLO] Shopee (query: 'caixa de som jbl flip 6'): 403 Client Error: Forbidden for url: https://shopee.com.br/api/v4/search/search_items?by=relevancy&keyword=caixa+de+som+jbl+flip+6&limit=5&newest=0&order=desc&page_type=search
[2026-09-07 15:51:10] [FALLO] Mercado Livre (query: 'monitor gamer 24 144hz ips'): 403 Client Error: Forbidden for url: https://api.mercadolibre.com/sites/MLB/search?q=monitor+gamer+24+144hz+ips&limit=8&sort=price_asc
[2026-09-07 15:51:31] [FALLO] Shopee (query: 'monitor gamer 24 144hz ips'): 403 Client Error: Forbidden for url: https://shopee.com.br/api/v4/search/search_items?by=relevancy&keyword=monitor+gamer+24+144hz+ips&limit=5&newest=0&order=desc&page_type=search
[2026-09-07 15:51:52] [FALLO] Mercado Livre (query: 'monitor lg 24 ips full hd'): 403 Client Error: Forbidden for url: https://api.mercadolibre.com/sites/MLB/search?q=monitor+lg+24+ips+full+hd&limit=8&sort=price_asc
[2026-09-07 15:52:15] [FALLO] Shopee (query: 'monitor lg 24 ips full hd'): 403 Client Error: Forbidden for url: https://shopee.com.br/api/v4/search/search_items?by=relevancy&keyword=monitor+lg+24+ips+full+hd&limit=5&newest=0&order=desc&page_type=search
[2026-09-07 15:52:35] [FALLO] Mercado Livre (query: 'monitor samsung 27 curvo'): 403 Client Error: Forbidden for url: https://api.mercadolibre.com/sites/MLB/search?q=monitor+samsung+27+curvo&limit=8&sort=price_asc
[2026-09-07 15:52:56] [FALLO] Shopee (query: 'monitor samsung 27 curvo'): 403 Client Error: Forbidden for url: https://shopee.com.br/api/v4/search/search_items?by=relevancy&keyword=monitor+samsung+27+curvo&limit=5&newest=0&order=desc&page_type=search
[2026-09-07 15:53:16] [FALLO] Mercado Livre (query: 'ssd nvme 1tb kingston nv2'): 403 Client Error: Forbidden for url: https://api.mercadolibre.com/sites/MLB/search?q=ssd+nvme+1tb+kingston+nv2&limit=8&sort=price_asc
[2026-09-07 15:53:37] [FALLO] Shopee (query: 'ssd nvme 1tb kingston nv2'): 403 Client Error: Forbidden for url: https://shopee.com.br/api/v4/search/search_items?by=relevancy&keyword=ssd+nvme+1tb+kingston+nv2&limit=5&newest=0&order=desc&page_type=search
[2026-09-07 15:53:57] [FALLO] Mercado Livre (query: 'ssd nvme 500gb wd black sn770'): 403 Client Error: Forbidden for url: https://api.mercadolibre.com/sites/MLB/search?q=ssd+nvme+500gb+wd+black+sn770&limit=8&sort=price_asc
[2026-09-07 15:54:18] [FALLO] Shopee (query: 'ssd nvme 500gb wd black sn770'): 403 Client Error: Forbidden for url: https://shopee.com.br/api/v4/search/search_items?by=relevancy&keyword=ssd+nvme+500gb+wd+black+sn770&limit=5&newest=0&order=desc&page_type=search
[2026-09-07 15:54:38] [FALLO] Mercado Livre (query: 'memoria ram 16gb ddr4 3200mhz'): 403 Client Error: Forbidden for url: https://api.mercadolibre.com/sites/MLB/search?q=memoria+ram+16gb+ddr4+3200mhz&limit=8&sort=price_asc
[2026-09-07 15:55:01] [FALLO] Shopee (query: 'memoria ram 16gb ddr4 3200mhz'): 403 Client Error: Forbidden for url: https://shopee.com.br/api/v4/search/search_items?by=relevancy&keyword=memoria+ram+16gb+ddr4+3200mhz&limit=5&newest=0&order=desc&page_type=search
[2026-09-07 15:55:21] [FALLO] Mercado Livre (query: 'fonte 650w 80 plus bronze'): 403 Client Error: Forbidden for url: https://api.mercadolibre.com/sites/MLB/search?q=fonte+650w+80+plus+bronze&limit=8&sort=price_asc
[2026-09-07 15:55:43] [FALLO] Shopee (query: 'fonte 650w 80 plus bronze'): 403 Client Error: Forbidden for url: https://shopee.com.br/api/v4/search/search_items?by=relevancy&keyword=fonte+650w+80+plus+bronze&limit=5&newest=0&order=desc&page_type=search
[2026-09-07 15:56:04] [FALLO] Mercado Livre (query: 'cadeira gamer thunderx3'): 403 Client Error: Forbidden for url: https://api.mercadolibre.com/sites/MLB/search?q=cadeira+gamer+thunderx3&limit=8&sort=price_asc
[2026-09-07 15:56:24] [FALLO] Shopee (query: 'cadeira gamer thunderx3'): 403 Client Error: Forbidden for url: https://shopee.com.br/api/v4/search/search_items?by=relevancy&keyword=cadeira+gamer+thunderx3&limit=5&newest=0&order=desc&page_type=search
[2026-09-07 15:56:45] [FALLO] Mercado Livre (query: 'suporte monitor articulado'): 403 Client Error: Forbidden for url: https://api.mercadolibre.com/sites/MLB/search?q=suporte+monitor+articulado&limit=8&sort=price_asc
[2026-09-07 15:57:06] [FALLO] Shopee (query: 'suporte monitor articulado'): 403 Client Error: Forbidden for url: https://shopee.com.br/api/v4/search/search_items?by=relevancy&keyword=suporte+monitor+articulado&limit=5&newest=0&order=desc&page_type=search
[2026-09-07 15:57:26] [FALLO] Mercado Livre (query: 'alexa echo dot 5 geracao'): 403 Client Error: Forbidden for url: https://api.mercadolibre.com/sites/MLB/search?q=alexa+echo+dot+5+geracao&limit=8&sort=price_asc
[2026-09-07 15:57:47] [FALLO] Shopee (query: 'alexa echo dot 5 geracao'): 403 Client Error: Forbidden for url: https://shopee.com.br/api/v4/search/search_items?by=relevancy&keyword=alexa+echo+dot+5+geracao&limit=5&newest=0&order=desc&page_type=search
[2026-09-07 15:58:07] [FALLO] Mercado Livre (query: 'lampada inteligente wifi rgb'): 403 Client Error: Forbidden for url: https://api.mercadolibre.com/sites/MLB/search?q=lampada+inteligente+wifi+rgb&limit=8&sort=price_asc
[2026-09-07 15:58:28] [FALLO] Shopee (query: 'lampada inteligente wifi rgb'): 403 Client Error: Forbidden for url: https://shopee.com.br/api/v4/search/search_items?by=relevancy&keyword=lampada+inteligente+wifi+rgb&limit=5&newest=0&order=desc&page_type=search
[2026-09-07 15:58:48] [FALLO] Mercado Livre (query: 'tomada inteligente wifi'): 403 Client Error: Forbidden for url: https://api.mercadolibre.com/sites/MLB/search?q=tomada+inteligente+wifi&limit=8&sort=price_asc
[2026-09-07 15:59:09] [FALLO] Shopee (query: 'tomada inteligente wifi'): 403 Client Error: Forbidden for url: https://shopee.com.br/api/v4/search/search_items?by=relevancy&keyword=tomada+inteligente+wifi&limit=5&newest=0&order=desc&page_type=search
[2026-09-07 16:13:31] [ML] Fallback URL: Teclado Mecanico Redragon Kumara K552 RGB Switch B -> https://lista.mercadolivre.com.br/teclado-mecanico-redragon-kumar
[2026-09-07 16:13:34] [ML] Fallback URL: Teclado Mecanico Redragon Kumara K552 RGB -> https://lista.mercadolivre.com.br/teclado-mecanico-redragon-kumar
[2026-09-07 16:13:34] [ML] Fallback URL: Teclado Mecanico Redragon Kumara K552 RGB -> https://lista.mercadolivre.com.br/teclado-mecanico-redragon-kumar
[2026-09-07 16:13:38] [ML] Fallback URL: Teclado Mecanico Redragon Kumara K552 -> https://lista.mercadolivre.com.br/teclado-mecanico-redragon-kumar
[2026-09-07 16:13:42] [ML] Fallback URL: Headset Gamer HyperX Cloud Stinger 2 Core -> https://lista.mercadolivre.com.br/headset-gamer-hyperx-cloud-stin
[2026-09-07 16:13:46] [ML] Fallback URL: Headset HyperX Cloud Stinger 2 -> https://lista.mercadolivre.com.br/headset-hyperx-cloud-stinger-2#
[2026-09-07 16:13:46] [ML] Fallback URL: Headset HyperX Cloud Stinger 2 -> https://lista.mercadolivre.com.br/headset-hyperx-cloud-stinger-2#
[2026-09-07 16:13:46] [ML] Fallback URL: Headset HyperX Cloud Stinger 2 -> https://lista.mercadolivre.com.br/headset-hyperx-cloud-stinger-2#
[2026-09-07 16:13:50] [ML] Fallback URL: Mouse Gamer Logitech G305 LIGHTSPEED Sem Fio -> https://lista.mercadolivre.com.br/mouse-gamer-logitech-g305-light
[2026-09-07 16:13:53] [ML] Fallback URL: Mouse Logitech G305 LIGHTSPEED Wireless -> https://lista.mercadolivre.com.br/mouse-logitech-g305-lightspeed-
[2026-09-07 16:13:57] [ML] Fallback URL: Mouse Logitech G305 Wireless -> https://lista.mercadolivre.com.br/mouse-logitech-g305-wireless#D[
[2026-09-07 16:14:01] [ML] Fallback URL: SSD NVMe Kingston NV2 1TB PCIe 4.0 -> https://lista.mercadolivre.com.br/ssd-nvme-kingston-nv2-1tb-pcie-
[2026-09-07 16:14:04] [ML] Fallback URL: SSD Kingston NV2 1TB NVMe M.2 -> https://lista.mercadolivre.com.br/ssd-kingston-nv2-1tb-nvme-m2#D[
[2026-09-07 16:14:08] [ML] Fallback URL: SSD Kingston NV2 1TB NVMe -> https://lista.mercadolivre.com.br/ssd-kingston-nv2-1tb-nvme#D[A:j
[2026-09-07 16:14:12] [ML] Fallback URL: Fone Bluetooth QCY T13 ANC TWS -> https://lista.mercadolivre.com.br/fone-bluetooth-qcy-t13-anc-tws#
[2026-09-07 16:14:15] [ML] Fallback URL: Fone QCY T13 ANC Bluetooth -> https://lista.mercadolivre.com.br/fone-qcy-t13-anc-bluetooth#D[A:
[2026-09-07 16:14:15] [ML] Fallback URL: Fone QCY T13 ANC Bluetooth -> https://lista.mercadolivre.com.br/fone-qcy-t13-anc-bluetooth#D[A:
[2026-09-07 16:14:19] [ML] Fallback URL: Echo Dot 5a Geracao Alexa Smart Speaker -> https://lista.mercadolivre.com.br/echo-dot-5a-geracao-alexa-smart
[2026-09-07 16:14:23] [ML] Fallback URL: Echo Dot 5 Geracao com Alexa -> https://lista.mercadolivre.com.br/echo-dot-5-geracao-com-alexa#D[
[2026-09-07 16:14:27] [ML] Fallback URL: Teclado Mecanico Royal Kludge RK61 60% RGB Bluetoo -> https://lista.mercadolivre.com.br/teclado-mecanico-royal-kludge-r
[2026-09-07 16:14:30] [ML] Fallback URL: Royal Kludge RK61 Teclado 60% Mecanico RGB -> https://lista.mercadolivre.com.br/royal-kludge-rk61-teclado-60-me
[2026-09-07 16:14:34] [ML] Fallback URL: Monitor Gamer 24 144Hz IPS 1ms Acer Nitro QG241Y -> https://lista.mercadolivre.com.br/monitor-gamer-24-144hz-ips-1ms-
[2026-09-07 16:14:38] [ML] Fallback URL: Monitor 24 144Hz IPS Acer Nitro QG241Y -> https://lista.mercadolivre.com.br/monitor-24-144hz-ips-acer-nitro
[2026-09-07 16:14:41] [ML] Fallback URL: Cadeira Gamer ThunderX3 EC3 Preta -> https://lista.mercadolivre.com.br/cadeira-gamer-thunderx3-ec3-pre
[2026-09-07 16:14:45] [ML] Fallback URL: Cadeira Gamer ThunderX3 EC3 -> https://lista.mercadolivre.com.br/cadeira-gamer-thunderx3-ec3#D[A
[2026-09-07 16:14:49] [ML] Fallback URL: Memoria RAM Kingston Fury Beast 16GB DDR4 3200MHz -> https://lista.mercadolivre.com.br/memoria-ram-kingston-fury-beast
[2026-09-07 16:14:53] [ML] Fallback URL: Memoria Kingston Fury Beast 16GB DDR4 3200 -> https://lista.mercadolivre.com.br/memoria-kingston-fury-beast-16g
[2026-09-07 16:14:57] [ML] Fallback URL: Fonte Corsair CV650 650W 80 Plus Bronze -> https://lista.mercadolivre.com.br/fonte-corsair-cv650-650w-80-plu
[2026-09-07 16:15:00] [ML] Fallback URL: Fonte Corsair CV650 650W 80Plus Bronze -> https://lista.mercadolivre.com.br/fonte-corsair-cv650-650w-80plus
[2026-09-07 16:15:42] [ML] Fallback URL: Teclado Mecanico Redragon Kumara K552 RGB Switch B -> https://lista.mercadolivre.com.br/teclado-mecanico-redragon-kumar
[2026-09-07 16:15:46] [ML] Fallback URL: Teclado Mecanico Redragon Kumara K552 RGB -> https://lista.mercadolivre.com.br/teclado-mecanico-redragon-kumar
[2026-09-07 16:15:46] [ML] Fallback URL: Teclado Mecanico Redragon Kumara K552 RGB -> https://lista.mercadolivre.com.br/teclado-mecanico-redragon-kumar
[2026-09-07 16:15:50] [ML] Fallback URL: Teclado Mecanico Redragon Kumara K552 -> https://lista.mercadolivre.com.br/teclado-mecanico-redragon-kumar
[2026-09-07 16:15:54] [ML] Fallback URL: Headset Gamer HyperX Cloud Stinger 2 Core -> https://lista.mercadolivre.com.br/headset-gamer-hyperx-cloud-stin
[2026-09-07 16:15:57] [ML] Fallback URL: Headset HyperX Cloud Stinger 2 -> https://lista.mercadolivre.com.br/headset-hyperx-cloud-stinger-2#
[2026-09-07 16:15:57] [ML] Fallback URL: Headset HyperX Cloud Stinger 2 -> https://lista.mercadolivre.com.br/headset-hyperx-cloud-stinger-2#
[2026-09-07 16:15:57] [ML] Fallback URL: Headset HyperX Cloud Stinger 2 -> https://lista.mercadolivre.com.br/headset-hyperx-cloud-stinger-2#
[2026-09-07 16:16:01] [ML] Fallback URL: Mouse Gamer Logitech G305 LIGHTSPEED Sem Fio -> https://lista.mercadolivre.com.br/mouse-gamer-logitech-g305-light
[2026-09-07 16:16:05] [ML] Fallback URL: Mouse Logitech G305 LIGHTSPEED Wireless -> https://lista.mercadolivre.com.br/mouse-logitech-g305-lightspeed-
[2026-09-07 16:16:09] [ML] Fallback URL: Mouse Logitech G305 Wireless -> https://lista.mercadolivre.com.br/mouse-logitech-g305-wireless#D[
[2026-09-07 16:16:13] [ML] Fallback URL: SSD NVMe Kingston NV2 1TB PCIe 4.0 -> https://lista.mercadolivre.com.br/ssd-nvme-kingston-nv2-1tb-pcie-
[2026-09-07 16:16:17] [ML] Fallback URL: SSD Kingston NV2 1TB NVMe M.2 -> https://lista.mercadolivre.com.br/ssd-kingston-nv2-1tb-nvme-m2#D[
[2026-09-07 16:16:20] [ML] Fallback URL: SSD Kingston NV2 1TB NVMe -> https://lista.mercadolivre.com.br/ssd-kingston-nv2-1tb-nvme#D[A:j
[2026-09-07 16:16:24] [ML] Fallback URL: Fone Bluetooth QCY T13 ANC TWS -> https://lista.mercadolivre.com.br/fone-bluetooth-qcy-t13-anc-tws#
[2026-09-07 16:16:28] [ML] Fallback URL: Fone QCY T13 ANC Bluetooth -> https://lista.mercadolivre.com.br/fone-qcy-t13-anc-bluetooth#D[A:
[2026-09-07 16:16:28] [ML] Fallback URL: Fone QCY T13 ANC Bluetooth -> https://lista.mercadolivre.com.br/fone-qcy-t13-anc-bluetooth#D[A:
[2026-09-07 16:16:32] [ML] Fallback URL: Echo Dot 5a Geracao Alexa Smart Speaker -> https://lista.mercadolivre.com.br/echo-dot-5a-geracao-alexa-smart
[2026-09-07 16:16:57] [ML] Fallback URL: Teclado Mecanico Redragon Kumara K552 RGB Switch B -> https://lista.mercadolivre.com.br/teclado-mecanico-redragon-kumar
[2026-09-07 16:17:01] [ML] Fallback URL: Teclado Mecanico Redragon Kumara K552 RGB -> https://lista.mercadolivre.com.br/teclado-mecanico-redragon-kumar
[2026-09-07 16:17:01] [ML] Fallback URL: Teclado Mecanico Redragon Kumara K552 RGB -> https://lista.mercadolivre.com.br/teclado-mecanico-redragon-kumar
[2026-09-07 16:17:06] [ML] Encontrado: Teclado Mecanico Redragon Kumara K552 -> https://www.mercadolivre.com.br/teclado-mecanico-gamer-redragon-k @ R$599.0
[2026-09-07 16:17:10] [ML] Fallback URL: Headset Gamer HyperX Cloud Stinger 2 Core -> https://lista.mercadolivre.com.br/headset-gamer-hyperx-cloud-stin
[2026-09-07 16:17:14] [ML] Fallback URL: Headset HyperX Cloud Stinger 2 -> https://lista.mercadolivre.com.br/headset-hyperx-cloud-stinger-2#
[2026-09-07 16:17:14] [ML] Fallback URL: Headset HyperX Cloud Stinger 2 -> https://lista.mercadolivre.com.br/headset-hyperx-cloud-stinger-2#
[2026-09-07 16:17:14] [ML] Fallback URL: Headset HyperX Cloud Stinger 2 -> https://lista.mercadolivre.com.br/headset-hyperx-cloud-stinger-2#
[2026-09-07 16:17:17] [ML] Fallback URL: Mouse Gamer Logitech G305 LIGHTSPEED Sem Fio -> https://lista.mercadolivre.com.br/mouse-gamer-logitech-g305-light
[2026-09-07 16:17:21] [ML] Fallback URL: Mouse Logitech G305 LIGHTSPEED Wireless -> https://lista.mercadolivre.com.br/mouse-logitech-g305-lightspeed-
[2026-09-07 16:17:26] [ML] Encontrado: Mouse Logitech G305 Wireless -> https://www.mercadolivre.com.br/mouse-gamer-sem-fio-logitech-g305 @ R$257.0
[2026-09-07 16:17:30] [ML] Fallback URL: SSD NVMe Kingston NV2 1TB PCIe 4.0 -> https://lista.mercadolivre.com.br/ssd-nvme-kingston-nv2-1tb-pcie-
[2026-09-07 16:17:33] [ML] Fallback URL: SSD Kingston NV2 1TB NVMe M.2 -> https://lista.mercadolivre.com.br/ssd-kingston-nv2-1tb-nvme-m2#D[
[2026-09-07 16:17:37] [ML] Fallback URL: SSD Kingston NV2 1TB NVMe -> https://lista.mercadolivre.com.br/ssd-kingston-nv2-1tb-nvme#D[A:j
[2026-09-07 16:17:41] [ML] Fallback URL: Fone Bluetooth QCY T13 ANC TWS -> https://lista.mercadolivre.com.br/fone-bluetooth-qcy-t13-anc-tws#
[2026-09-07 16:17:45] [ML] Fallback URL: Fone QCY T13 ANC Bluetooth -> https://lista.mercadolivre.com.br/fone-qcy-t13-anc-bluetooth#D[A:
[2026-09-07 16:17:45] [ML] Fallback URL: Fone QCY T13 ANC Bluetooth -> https://lista.mercadolivre.com.br/fone-qcy-t13-anc-bluetooth#D[A:
[2026-09-07 16:17:48] [ML] Fallback URL: Echo Dot 5a Geracao Alexa Smart Speaker -> https://lista.mercadolivre.com.br/echo-dot-5a-geracao-alexa-smart
[2026-09-07 16:17:52] [ML] Fallback URL: Echo Dot 5 Geracao com Alexa -> https://lista.mercadolivre.com.br/echo-dot-5-geracao-com-alexa#D[
[2026-09-07 16:17:56] [ML] Fallback URL: Teclado Mecanico Royal Kludge RK61 60% RGB Bluetoo -> https://lista.mercadolivre.com.br/teclado-mecanico-royal-kludge-r
[2026-09-07 16:17:59] [ML] Fallback URL: Royal Kludge RK61 Teclado 60% Mecanico RGB -> https://lista.mercadolivre.com.br/royal-kludge-rk61-teclado-60-me
[2026-09-07 16:18:03] [ML] Fallback URL: Monitor Gamer 24 144Hz IPS 1ms Acer Nitro QG241Y -> https://lista.mercadolivre.com.br/monitor-gamer-24-144hz-ips-1ms-
[2026-09-07 16:18:07] [ML] Fallback URL: Monitor 24 144Hz IPS Acer Nitro QG241Y -> https://lista.mercadolivre.com.br/monitor-24-144hz-ips-acer-nitro
[2026-09-07 19:44:12] [PELANDO] Scraping Amazon (https://www.pelando.com.br/cupons-de-descontos/amazon)
[2026-09-07 19:44:16] [PELANDO]   Falha ao acessar Amazon
[2026-09-07 19:44:18] [PELANDO] Scraping KaBuM! (https://www.pelando.com.br/cupons-de-descontos/kabum)
[2026-09-07 19:44:22] [PELANDO]   Falha ao acessar KaBuM!
[2026-09-07 19:44:24] [PELANDO] Scraping Mercado Livre (https://www.pelando.com.br/cupons-de-descontos/mercado-livre)
[2026-09-07 19:44:28] [PELANDO]   Falha ao acessar Mercado Livre
[2026-09-07 19:44:30] [PELANDO] Scraping Shopee (https://www.pelando.com.br/cupons-de-descontos/shopee)
[2026-09-07 19:44:35] [PELANDO]   Falha ao acessar Shopee
[2026-09-07 19:44:37] [PELANDO] Scraping Magazine Luiza (https://www.pelando.com.br/cupons-de-descontos/magalu)
[2026-09-07 19:44:41] [PELANDO]   Falha ao acessar Magazine Luiza
[2026-09-07 19:44:43] [PELANDO] Scraping AliExpress (https://www.pelando.com.br/cupons-de-descontos/aliexpress)
[2026-09-07 19:44:47] [PELANDO]   Falha ao acessar AliExpress
[2026-09-07 19:44:49] [PELANDO] Scraping Pichau (https://www.pelando.com.br/cupons-de-descontos/pichau)
[2026-09-07 19:44:53] [PELANDO]   Falha ao acessar Pichau
[2026-09-07 19:44:55] [PELANDO] Scraping Terabyte Shop (https://www.pelando.com.br/cupons-de-descontos/terabyte)
[2026-09-07 19:45:00] [PELANDO]   Falha ao acessar Terabyte Shop
[2026-09-07 19:45:02] [PELANDO] Completado: 0 Pelando + 5 manuales = 5 total
[2026-09-07 17:38:52] [CACA-OFERTAS] Iniciando cosecha en Mercado Livre...
[2026-09-07 17:39:20] [CACA-OFERTAS] Mercado Livre: 421 ofertas cosechadas con descuento >= 15%
[2026-09-07 17:39:20] [CACA-OFERTAS] Iniciando cosecha en Pelando...
[2026-09-07 17:39:25] [CACA-OFERTAS] Pelando: 98 ofertas cosechadas con descuento >= 15%
[2026-09-07 17:39:25] [CACA-OFERTAS] Iniciando cosecha en Amazon Brasil...
[2026-09-07 17:39:34] [CACA-OFERTAS] Amazon: 90 ofertas cosechadas con descuento >= 15%
[2026-09-07 17:39:34] [CACA-OFERTAS] Guardados 60 achados frescos en achados.json
[2026-09-07 17:47:18] [AGENTE-ML] Consultando scraping de ofertas en Mercado Livre...
[2026-09-07 17:47:57] [AGENTE-ML] Scraping ML: 658 ofertas obtenidas
[2026-09-07 17:47:57] [AGENTE-ML] Guardados 40 achados en achados_ml.json
[2026-09-07 17:48:06] [AGENTE-AMAZON] Cosechando Bestsellers y ofertas de categorías Amazon...
[2026-09-07 17:48:22] [AGENTE-AMAZON] Amazon direct: 89 ofertas cosechadas
[2026-09-07 17:48:22] [AGENTE-AMAZON] Cosechando ofertas quentes de Amazon en Pelando...
[2026-09-07 17:48:22] [AGENTE-AMAZON] Amazon Pelando: 52 ofertas obtenidas
[2026-09-07 17:48:22] [AGENTE-AMAZON] Guardados 40 achados en achados_amazon.json
[2026-09-07 23:15:14] [PELANDO] Scraping Amazon (https://www.pelando.com.br/cupons-de-descontos/amazon)
[2026-09-07 23:15:18] [PELANDO]   Falha ao acessar Amazon
[2026-09-07 23:15:20] [PELANDO] Scraping KaBuM! (https://www.pelando.com.br/cupons-de-descontos/kabum)
[2026-09-07 23:15:24] [PELANDO]   Falha ao acessar KaBuM!
[2026-09-07 23:15:26] [PELANDO] Scraping Mercado Livre (https://www.pelando.com.br/cupons-de-descontos/mercado-livre)
[2026-09-07 23:15:30] [PELANDO]   Falha ao acessar Mercado Livre
[2026-09-07 23:15:32] [PELANDO] Scraping Shopee (https://www.pelando.com.br/cupons-de-descontos/shopee)
[2026-09-07 23:15:37] [PELANDO]   Falha ao acessar Shopee
[2026-09-07 23:15:39] [PELANDO] Scraping Magazine Luiza (https://www.pelando.com.br/cupons-de-descontos/magalu)
[2026-09-07 23:15:43] [PELANDO]   Falha ao acessar Magazine Luiza
[2026-09-07 23:15:45] [PELANDO] Scraping AliExpress (https://www.pelando.com.br/cupons-de-descontos/aliexpress)
[2026-09-07 23:15:49] [PELANDO]   Falha ao acessar AliExpress
[2026-09-07 23:15:51] [PELANDO] Scraping Pichau (https://www.pelando.com.br/cupons-de-descontos/pichau)
[2026-09-07 23:15:55] [PELANDO]   Falha ao acessar Pichau
[2026-09-07 23:15:57] [PELANDO] Scraping Terabyte Shop (https://www.pelando.com.br/cupons-de-descontos/terabyte)
[2026-09-07 23:16:01] [PELANDO]   Falha ao acessar Terabyte Shop
[2026-09-07 23:16:03] [PELANDO] Completado: 0 Pelando + 5 manuales = 5 total
[2026-09-07 23:16:03] [AGENTE-ML] Consultando scraping de ofertas en Mercado Livre...
[2026-09-07 23:16:38] [AGENTE-ML] Scraping ML: 631 ofertas obtenidas
[2026-09-07 23:16:38] [AGENTE-ML] Guardados 40 achados en achados_ml.json
[2026-09-07 23:16:39] [AGENTE-AMAZON] Cosechando Bestsellers y ofertas de categorías Amazon...
[2026-09-07 23:16:52] [AGENTE-AMAZON] Amazon direct: 30 ofertas cosechadas
[2026-09-07 23:16:52] [AGENTE-AMAZON] Cosechando ofertas quentes de Amazon en Pelando...
[2026-09-07 23:16:52] [AGENTE-AMAZON] Amazon Pelando: 0 ofertas obtenidas
[2026-09-07 23:16:52] [AGENTE-AMAZON] Guardados 22 achados en achados_amazon.json
[2026-09-08 14:51:21] [PELANDO] Scraping Amazon (https://www.pelando.com.br/cupons-de-descontos/amazon)
[2026-09-08 14:51:26] [PELANDO]   Falha ao acessar Amazon
[2026-09-08 14:51:28] [PELANDO] Scraping KaBuM! (https://www.pelando.com.br/cupons-de-descontos/kabum)
[2026-09-08 14:51:32] [PELANDO]   Falha ao acessar KaBuM!
[2026-09-08 14:51:34] [PELANDO] Scraping Mercado Livre (https://www.pelando.com.br/cupons-de-descontos/mercado-livre)
[2026-09-08 14:51:38] [PELANDO]   Falha ao acessar Mercado Livre
[2026-09-08 14:51:40] [PELANDO] Scraping Shopee (https://www.pelando.com.br/cupons-de-descontos/shopee)
[2026-09-08 14:51:44] [PELANDO]   Falha ao acessar Shopee
[2026-09-08 14:51:46] [PELANDO] Scraping Magazine Luiza (https://www.pelando.com.br/cupons-de-descontos/magalu)
[2026-09-08 14:51:51] [PELANDO]   Falha ao acessar Magazine Luiza
[2026-09-08 14:51:53] [PELANDO] Scraping AliExpress (https://www.pelando.com.br/cupons-de-descontos/aliexpress)
[2026-09-08 14:51:57] [PELANDO]   Falha ao acessar AliExpress
[2026-09-08 14:51:59] [PELANDO] Scraping Pichau (https://www.pelando.com.br/cupons-de-descontos/pichau)
[2026-09-08 14:52:03] [PELANDO]   Falha ao acessar Pichau
[2026-09-08 14:52:05] [PELANDO] Scraping Terabyte Shop (https://www.pelando.com.br/cupons-de-descontos/terabyte)
[2026-09-08 14:52:09] [PELANDO]   Falha ao acessar Terabyte Shop
[2026-09-08 14:52:11] [PELANDO] Completado: 0 Pelando + 5 manuales = 5 total
[2026-09-08 14:52:12] [AGENTE-ML] Consultando scraping de ofertas en Mercado Livre...
[2026-09-08 14:52:47] [AGENTE-ML] Scraping ML: 661 ofertas obtenidas
[2026-09-08 14:52:47] [AGENTE-ML] Guardados 40 achados en achados_ml.json
[2026-09-08 14:52:48] [AGENTE-AMAZON] Cosechando Bestsellers y ofertas de categorías Amazon...
[2026-09-08 14:53:02] [AGENTE-AMAZON] Amazon direct: 59 ofertas cosechadas
[2026-09-08 14:53:02] [AGENTE-AMAZON] Cosechando ofertas quentes de Amazon en Pelando...
[2026-09-08 14:53:02] [AGENTE-AMAZON] Amazon Pelando: 0 ofertas obtenidas
[2026-09-08 14:53:02] [AGENTE-AMAZON] Guardados 40 achados en achados_amazon.json
[2026-09-08 18:15:39] [PELANDO] Scraping Amazon (https://www.pelando.com.br/cupons-de-descontos/amazon)
[2026-09-08 18:15:43] [PELANDO]   Falha ao acessar Amazon
[2026-09-08 18:15:45] [PELANDO] Scraping KaBuM! (https://www.pelando.com.br/cupons-de-descontos/kabum)
[2026-09-08 18:15:49] [PELANDO]   Falha ao acessar KaBuM!
[2026-09-08 18:15:51] [PELANDO] Scraping Mercado Livre (https://www.pelando.com.br/cupons-de-descontos/mercado-livre)
[2026-09-08 18:15:55] [PELANDO]   Falha ao acessar Mercado Livre
[2026-09-08 18:15:57] [PELANDO] Scraping Shopee (https://www.pelando.com.br/cupons-de-descontos/shopee)
[2026-09-08 18:16:01] [PELANDO]   Falha ao acessar Shopee
[2026-09-08 18:16:03] [PELANDO] Scraping Magazine Luiza (https://www.pelando.com.br/cupons-de-descontos/magalu)
[2026-09-08 18:16:08] [PELANDO]   Falha ao acessar Magazine Luiza
[2026-09-08 18:16:10] [PELANDO] Scraping AliExpress (https://www.pelando.com.br/cupons-de-descontos/aliexpress)
[2026-09-08 18:16:14] [PELANDO]   Falha ao acessar AliExpress
[2026-09-08 18:16:16] [PELANDO] Scraping Pichau (https://www.pelando.com.br/cupons-de-descontos/pichau)
[2026-09-08 18:16:20] [PELANDO]   Falha ao acessar Pichau
[2026-09-08 18:16:22] [PELANDO] Scraping Terabyte Shop (https://www.pelando.com.br/cupons-de-descontos/terabyte)
[2026-09-08 18:16:26] [PELANDO]   Falha ao acessar Terabyte Shop
[2026-09-08 18:16:28] [PELANDO] Completado: 0 Pelando + 5 manuales = 5 total
[2026-09-08 18:16:28] [AGENTE-ML] Consultando scraping de ofertas en Mercado Livre...
[2026-09-08 18:17:04] [AGENTE-ML] Scraping ML: 661 ofertas obtenidas
[2026-09-08 18:17:04] [AGENTE-ML] Guardados 40 achados en achados_ml.json
[2026-09-08 18:17:04] [AGENTE-AMAZON] Cosechando Bestsellers y ofertas de categorías Amazon...
[2026-09-08 18:17:17] [AGENTE-AMAZON] Amazon direct: 0 ofertas cosechadas
[2026-09-08 18:17:17] [AGENTE-AMAZON] Cosechando ofertas quentes de Amazon en Pelando...
[2026-09-08 18:17:17] [AGENTE-AMAZON] Amazon Pelando: 0 ofertas obtenidas
[2026-09-08 18:17:17] [AGENTE-AMAZON] Guardados 0 achados en achados_amazon.json
[2026-09-08 21:32:27] [PELANDO] Scraping Amazon (https://www.pelando.com.br/cupons-de-descontos/amazon)
[2026-09-08 21:32:31] [PELANDO]   Falha ao acessar Amazon
[2026-09-08 21:32:33] [PELANDO] Scraping KaBuM! (https://www.pelando.com.br/cupons-de-descontos/kabum)
[2026-09-08 21:32:37] [PELANDO]   Falha ao acessar KaBuM!
[2026-09-08 21:32:39] [PELANDO] Scraping Mercado Livre (https://www.pelando.com.br/cupons-de-descontos/mercado-livre)
[2026-09-08 21:32:43] [PELANDO]   Falha ao acessar Mercado Livre
[2026-09-08 21:32:45] [PELANDO] Scraping Shopee (https://www.pelando.com.br/cupons-de-descontos/shopee)
[2026-09-08 21:32:50] [PELANDO]   Falha ao acessar Shopee
[2026-09-08 21:32:52] [PELANDO] Scraping Magazine Luiza (https://www.pelando.com.br/cupons-de-descontos/magalu)
[2026-09-08 21:32:56] [PELANDO]   Falha ao acessar Magazine Luiza
[2026-09-08 21:32:58] [PELANDO] Scraping AliExpress (https://www.pelando.com.br/cupons-de-descontos/aliexpress)
[2026-09-08 21:33:02] [PELANDO]   Falha ao acessar AliExpress
[2026-09-08 21:33:04] [PELANDO] Scraping Pichau (https://www.pelando.com.br/cupons-de-descontos/pichau)
[2026-09-08 21:33:08] [PELANDO]   Falha ao acessar Pichau
[2026-09-08 21:33:10] [PELANDO] Scraping Terabyte Shop (https://www.pelando.com.br/cupons-de-descontos/terabyte)
[2026-09-08 21:33:14] [PELANDO]   Falha ao acessar Terabyte Shop
[2026-09-08 21:33:16] [PELANDO] Completado: 0 Pelando + 5 manuales = 5 total
[2026-09-08 21:33:16] [AGENTE-ML] Consultando scraping de ofertas en Mercado Livre...
[2026-09-08 21:33:49] [AGENTE-ML] Scraping ML: 643 ofertas obtenidas
[2026-09-08 21:33:49] [AGENTE-ML] Guardados 40 achados en achados_ml.json
[2026-09-08 21:33:49] [AGENTE-AMAZON] Cosechando Bestsellers y ofertas de categorías Amazon...
[2026-09-08 21:34:05] [AGENTE-AMAZON] Amazon direct: 90 ofertas cosechadas
[2026-09-08 21:34:05] [AGENTE-AMAZON] Cosechando ofertas quentes de Amazon en Pelando...
[2026-09-08 21:34:05] [AGENTE-AMAZON] Amazon Pelando: 0 ofertas obtenidas
[2026-09-08 21:34:05] [AGENTE-AMAZON] Guardados 40 achados en achados_amazon.json
[2026-09-08 23:47:59] [PELANDO] Scraping Amazon (https://www.pelando.com.br/cupons-de-descontos/amazon)
[2026-09-08 23:48:03] [PELANDO]   Falha ao acessar Amazon
[2026-09-08 23:48:05] [PELANDO] Scraping KaBuM! (https://www.pelando.com.br/cupons-de-descontos/kabum)
[2026-09-08 23:48:10] [PELANDO]   Falha ao acessar KaBuM!
[2026-09-08 23:48:12] [PELANDO] Scraping Mercado Livre (https://www.pelando.com.br/cupons-de-descontos/mercado-livre)
[2026-09-08 23:48:16] [PELANDO]   Falha ao acessar Mercado Livre
[2026-09-08 23:48:18] [PELANDO] Scraping Shopee (https://www.pelando.com.br/cupons-de-descontos/shopee)
[2026-09-08 23:48:22] [PELANDO]   Falha ao acessar Shopee
[2026-09-08 23:48:24] [PELANDO] Scraping Magazine Luiza (https://www.pelando.com.br/cupons-de-descontos/magalu)
[2026-09-08 23:48:28] [PELANDO]   Falha ao acessar Magazine Luiza
[2026-09-08 23:48:30] [PELANDO] Scraping AliExpress (https://www.pelando.com.br/cupons-de-descontos/aliexpress)
[2026-09-08 23:48:34] [PELANDO]   Falha ao acessar AliExpress
[2026-09-08 23:48:36] [PELANDO] Scraping Pichau (https://www.pelando.com.br/cupons-de-descontos/pichau)
[2026-09-08 23:48:40] [PELANDO]   Falha ao acessar Pichau
[2026-09-08 23:48:42] [PELANDO] Scraping Terabyte Shop (https://www.pelando.com.br/cupons-de-descontos/terabyte)
[2026-09-08 23:48:46] [PELANDO]   Falha ao acessar Terabyte Shop
[2026-09-08 23:48:48] [PELANDO] Completado: 0 Pelando + 5 manuales = 5 total
[2026-09-08 23:48:48] [AGENTE-ML] Consultando scraping de ofertas en Mercado Livre...
[2026-09-08 23:49:24] [AGENTE-ML] Scraping ML: 643 ofertas obtenidas
[2026-09-08 23:49:24] [AGENTE-ML] Guardados 40 achados en achados_ml.json
[2026-09-08 23:49:24] [AGENTE-AMAZON] Cosechando Bestsellers y ofertas de categorías Amazon...
[2026-09-08 23:49:38] [AGENTE-AMAZON] Amazon direct: 29 ofertas cosechadas
[2026-09-08 23:49:38] [AGENTE-AMAZON] Cosechando ofertas quentes de Amazon en Pelando...
[2026-09-08 23:49:38] [AGENTE-AMAZON] Amazon Pelando: 0 ofertas obtenidas
[2026-09-08 23:49:38] [AGENTE-AMAZON] Guardados 29 achados en achados_amazon.json
[2026-09-09 10:35:57] [PELANDO] Scraping Amazon (https://www.pelando.com.br/cupons-de-descontos/amazon)
[2026-09-09 10:35:57] [PELANDO]   51 cupons encontrados en Amazon
[2026-09-09 10:35:59] [PELANDO] Scraping KaBuM! (https://www.pelando.com.br/cupons-de-descontos/kabum)
[2026-09-09 10:36:04] [PELANDO]   Falha ao acessar KaBuM!
[2026-09-09 10:36:06] [PELANDO] Scraping Mercado Livre (https://www.pelando.com.br/cupons-de-descontos/mercado-livre)
[2026-09-09 10:36:06] [PELANDO]   56 cupons encontrados en Mercado Livre
[2026-09-09 10:36:08] [PELANDO] Scraping Shopee (https://www.pelando.com.br/cupons-de-descontos/shopee)
[2026-09-09 10:36:08] [PELANDO]   38 cupons encontrados en Shopee
[2026-09-09 10:36:10] [PELANDO] Scraping Magazine Luiza (https://www.pelando.com.br/cupons-de-descontos/magalu)
[2026-09-09 10:36:11] [PELANDO]   21 cupons encontrados en Magazine Luiza
[2026-09-09 12:06:31] [AGENTE-ML] Consultando scraping de ofertas en Mercado Livre...
[2026-09-09 12:07:33] [AGENTE-ML] Scraping ML: 999 ofertas obtenidas
[2026-09-09 12:07:33] [AGENTE-ML] Guardados 40 achados en achados_ml.json
[2026-09-09 12:57:16] [AGENTE-AMAZON] Cosechando Bestsellers y ofertas de categorías Amazon...
[2026-09-09 12:57:45] [AGENTE-AMAZON] Amazon direct: 210 ofertas cosechadas
[2026-09-09 12:57:45] [AGENTE-AMAZON] Cosechando ofertas quentes de Amazon en Pelando...
[2026-09-09 12:57:46] [AGENTE-AMAZON] Amazon Pelando: 57 ofertas obtenidas
[2026-09-09 12:57:46] [AGENTE-AMAZON] Guardados 40 achados en achados_amazon.json
[2026-09-09 13:03:07] [PELANDO] Scraping Amazon (https://www.pelando.com.br/cupons-de-descontos/amazon)
[2026-09-09 13:03:08] [PELANDO]   53 cupons encontrados en Amazon
[2026-09-09 13:03:10] [PELANDO] Scraping KaBuM! (https://www.pelando.com.br/cupons-de-descontos/kabum)
[2026-09-09 13:03:14] [PELANDO]   Falha ao acessar KaBuM!
[2026-09-09 13:03:16] [PELANDO] Scraping Mercado Livre (https://www.pelando.com.br/cupons-de-descontos/mercado-livre)
[2026-09-09 13:03:17] [PELANDO]   50 cupons encontrados en Mercado Livre
[2026-09-09 13:03:19] [PELANDO] Scraping Shopee (https://www.pelando.com.br/cupons-de-descontos/shopee)
[2026-09-09 13:03:19] [PELANDO]   34 cupons encontrados en Shopee
[2026-09-09 13:03:21] [PELANDO] Scraping Magazine Luiza (https://www.pelando.com.br/cupons-de-descontos/magalu)
[2026-09-09 13:03:22] [PELANDO]   24 cupons encontrados en Magazine Luiza
[2026-09-09 13:03:24] [PELANDO] Scraping AliExpress (https://www.pelando.com.br/cupons-de-descontos/aliexpress)
[2026-09-09 13:03:24] [PELANDO]   8 cupons encontrados en AliExpress
[2026-09-09 13:03:26] [PELANDO] Scraping Pichau (https://www.pelando.com.br/cupons-de-descontos/pichau)
[2026-09-09 13:03:31] [PELANDO]   Falha ao acessar Pichau
[2026-09-09 13:03:33] [PELANDO] Scraping Terabyte Shop (https://www.pelando.com.br/cupons-de-descontos/terabyte)
[2026-09-09 13:03:38] [PELANDO]   Falha ao acessar Terabyte Shop
[2026-09-09 13:03:40] [PELANDO] Completado: 160 Pelando + 5 manuales = 165 total
[2026-09-11 10:11:23] [PELANDO] Scraping Amazon (https://www.pelando.com.br/cupons-de-descontos/amazon)
[2026-09-11 10:11:23] [PELANDO]   51 cupons encontrados en Amazon
[2026-09-11 10:11:25] [PELANDO] Scraping KaBuM! (https://www.pelando.com.br/cupons-de-descontos/kabum)
[2026-09-11 10:11:30] [PELANDO]   Falha ao acessar KaBuM!
[2026-09-11 10:11:32] [PELANDO] Scraping Mercado Livre (https://www.pelando.com.br/cupons-de-descontos/mercado-livre)
[2026-09-11 10:11:32] [PELANDO]   51 cupons encontrados en Mercado Livre
[2026-09-11 10:11:34] [PELANDO] Scraping Shopee (https://www.pelando.com.br/cupons-de-descontos/shopee)
[2026-09-11 10:11:35] [PELANDO]   27 cupons encontrados en Shopee
[2026-09-11 10:11:37] [PELANDO] Scraping Magazine Luiza (https://www.pelando.com.br/cupons-de-descontos/magalu)
[2026-09-11 10:11:37] [PELANDO]   23 cupons encontrados en Magazine Luiza
[2026-09-11 10:11:39] [PELANDO] Scraping AliExpress (https://www.pelando.com.br/cupons-de-descontos/aliexpress)
[2026-09-11 10:11:39] [PELANDO]   8 cupons encontrados en AliExpress
[2026-09-11 10:11:41] [PELANDO] Scraping Pichau (https://www.pelando.com.br/cupons-de-descontos/pichau)
[2026-09-11 10:11:46] [PELANDO]   Falha ao acessar Pichau
[2026-09-11 10:11:48] [PELANDO] Scraping Terabyte Shop (https://www.pelando.com.br/cupons-de-descontos/terabyte)
[2026-09-11 10:11:53] [PELANDO]   Falha ao acessar Terabyte Shop
[2026-09-11 10:11:55] [PELANDO] Completado: 147 Pelando + 5 manuales = 152 total
[2026-09-11 10:12:03] [AGENTE-ML] Consultando scraping de ofertas en Mercado Livre...
[2026-09-11 10:13:05] [AGENTE-ML] Scraping ML: 1074 ofertas obtenidas
[2026-09-11 10:13:05] [AGENTE-ML] Guardados 40 achados en achados_ml.json
[2026-09-11 17:56:02] [PELANDO] Scraping Amazon (https://www.pelando.com.br/cupons-de-descontos/amazon)
[2026-09-11 17:56:06] [PELANDO]   Falha ao acessar Amazon
[2026-09-11 17:56:08] [PELANDO] Scraping KaBuM! (https://www.pelando.com.br/cupons-de-descontos/kabum)
[2026-09-11 17:56:12] [PELANDO]   Falha ao acessar KaBuM!
[2026-09-11 17:56:14] [PELANDO] Scraping Mercado Livre (https://www.pelando.com.br/cupons-de-descontos/mercado-livre)
[2026-09-11 17:56:18] [PELANDO]   Falha ao acessar Mercado Livre
[2026-09-11 17:56:20] [PELANDO] Scraping Shopee (https://www.pelando.com.br/cupons-de-descontos/shopee)
[2026-09-11 17:56:24] [PELANDO]   Falha ao acessar Shopee
[2026-09-11 17:56:26] [PELANDO] Scraping Magazine Luiza (https://www.pelando.com.br/cupons-de-descontos/magalu)
[2026-09-11 17:56:30] [PELANDO]   Falha ao acessar Magazine Luiza
[2026-09-11 17:56:32] [PELANDO] Scraping AliExpress (https://www.pelando.com.br/cupons-de-descontos/aliexpress)
[2026-09-11 17:56:36] [PELANDO]   Falha ao acessar AliExpress
[2026-09-11 17:56:38] [PELANDO] Scraping Pichau (https://www.pelando.com.br/cupons-de-descontos/pichau)
[2026-09-11 17:56:43] [PELANDO]   Falha ao acessar Pichau
[2026-09-11 17:56:45] [PELANDO] Scraping Terabyte Shop (https://www.pelando.com.br/cupons-de-descontos/terabyte)
[2026-09-11 17:56:49] [PELANDO]   Falha ao acessar Terabyte Shop
[2026-09-11 17:56:51] [PELANDO] Completado: 0 Pelando + 5 manuales = 5 total
[2026-09-11 17:56:51] [AGENTE-ML] Consultando scraping de ofertas en Mercado Livre...
[2026-09-11 17:57:46] [AGENTE-ML] Scraping ML: 1074 ofertas obtenidas
[2026-09-11 17:57:46] [AGENTE-ML] Guardados 40 achados en achados_ml.json
[2026-09-11 17:57:47] [AGENTE-AMAZON] Cosechando Bestsellers y ofertas de categorías Amazon...
[2026-09-11 17:58:10] [AGENTE-AMAZON] Amazon direct: 89 ofertas cosechadas
[2026-09-11 17:58:10] [AGENTE-AMAZON] Cosechando ofertas quentes de Amazon en Pelando...
[2026-09-11 17:58:10] [AGENTE-AMAZON] Amazon Pelando: 0 ofertas obtenidas
[2026-09-11 17:58:10] [AGENTE-AMAZON] Guardados 40 achados en achados_amazon.json
[2026-09-11 20:18:59] [PELANDO] Scraping Amazon (https://www.pelando.com.br/cupons-de-descontos/amazon)
[2026-09-11 20:19:03] [PELANDO]   Falha ao acessar Amazon
[2026-09-11 20:19:05] [PELANDO] Scraping KaBuM! (https://www.pelando.com.br/cupons-de-descontos/kabum)
[2026-09-11 20:19:09] [PELANDO]   Falha ao acessar KaBuM!
[2026-09-11 20:19:11] [PELANDO] Scraping Mercado Livre (https://www.pelando.com.br/cupons-de-descontos/mercado-livre)
[2026-09-11 20:19:16] [PELANDO]   Falha ao acessar Mercado Livre
[2026-09-11 20:19:18] [PELANDO] Scraping Shopee (https://www.pelando.com.br/cupons-de-descontos/shopee)
[2026-09-11 20:19:22] [PELANDO]   Falha ao acessar Shopee
[2026-09-11 20:19:24] [PELANDO] Scraping Magazine Luiza (https://www.pelando.com.br/cupons-de-descontos/magalu)
[2026-09-11 20:19:28] [PELANDO]   Falha ao acessar Magazine Luiza
[2026-09-11 20:19:30] [PELANDO] Scraping AliExpress (https://www.pelando.com.br/cupons-de-descontos/aliexpress)
[2026-09-11 20:19:34] [PELANDO]   Falha ao acessar AliExpress
[2026-09-11 20:19:36] [PELANDO] Scraping Pichau (https://www.pelando.com.br/cupons-de-descontos/pichau)
[2026-09-11 20:19:40] [PELANDO]   Falha ao acessar Pichau
[2026-09-11 20:19:42] [PELANDO] Scraping Terabyte Shop (https://www.pelando.com.br/cupons-de-descontos/terabyte)
[2026-09-11 20:19:46] [PELANDO]   Falha ao acessar Terabyte Shop
[2026-09-11 20:19:48] [PELANDO] Completado: 0 Pelando + 5 manuales = 5 total
[2026-09-11 20:19:48] [AGENTE-ML] Consultando scraping de ofertas en Mercado Livre...
[2026-09-11 20:20:44] [AGENTE-ML] Scraping ML: 1031 ofertas obtenidas
[2026-09-11 20:20:44] [AGENTE-ML] Guardados 40 achados en achados_ml.json
[2026-09-11 20:20:44] [AGENTE-AMAZON] Cosechando Bestsellers y ofertas de categorías Amazon...
[2026-09-11 20:21:06] [AGENTE-AMAZON] Amazon direct: 30 ofertas cosechadas
[2026-09-11 20:21:06] [AGENTE-AMAZON] Cosechando ofertas quentes de Amazon en Pelando...
[2026-09-11 20:21:06] [AGENTE-AMAZON] Amazon Pelando: 0 ofertas obtenidas
[2026-09-11 20:21:06] [AGENTE-AMAZON] Guardados 29 achados en achados_amazon.json
[2026-09-11 22:41:25] [PELANDO] Scraping Amazon (https://www.pelando.com.br/cupons-de-descontos/amazon)
[2026-09-11 22:41:30] [PELANDO]   Falha ao acessar Amazon
[2026-09-11 22:41:32] [PELANDO] Scraping KaBuM! (https://www.pelando.com.br/cupons-de-descontos/kabum)
[2026-09-11 22:41:36] [PELANDO]   Falha ao acessar KaBuM!
[2026-09-11 22:41:38] [PELANDO] Scraping Mercado Livre (https://www.pelando.com.br/cupons-de-descontos/mercado-livre)
[2026-09-11 22:41:42] [PELANDO]   Falha ao acessar Mercado Livre
[2026-09-11 22:41:44] [PELANDO] Scraping Shopee (https://www.pelando.com.br/cupons-de-descontos/shopee)
[2026-09-11 22:41:48] [PELANDO]   Falha ao acessar Shopee
[2026-09-11 22:41:50] [PELANDO] Scraping Magazine Luiza (https://www.pelando.com.br/cupons-de-descontos/magalu)
[2026-09-11 22:41:54] [PELANDO]   Falha ao acessar Magazine Luiza
[2026-09-11 22:41:56] [PELANDO] Scraping AliExpress (https://www.pelando.com.br/cupons-de-descontos/aliexpress)
[2026-09-11 22:42:00] [PELANDO]   Falha ao acessar AliExpress
[2026-09-11 22:42:02] [PELANDO] Scraping Pichau (https://www.pelando.com.br/cupons-de-descontos/pichau)
[2026-09-11 22:42:07] [PELANDO]   Falha ao acessar Pichau
[2026-09-11 22:42:09] [PELANDO] Scraping Terabyte Shop (https://www.pelando.com.br/cupons-de-descontos/terabyte)
[2026-09-11 22:42:13] [PELANDO]   Falha ao acessar Terabyte Shop
[2026-09-11 22:42:15] [PELANDO] Completado: 0 Pelando + 5 manuales = 5 total
[2026-09-11 22:42:15] [AGENTE-ML] Consultando scraping de ofertas en Mercado Livre...
[2026-09-11 22:43:10] [AGENTE-ML] Scraping ML: 1047 ofertas obtenidas
[2026-09-11 22:43:10] [AGENTE-ML] Guardados 40 achados en achados_ml.json
[2026-09-11 22:43:11] [AGENTE-AMAZON] Cosechando Bestsellers y ofertas de categorías Amazon...
[2026-09-11 22:43:34] [AGENTE-AMAZON] Amazon direct: 89 ofertas cosechadas
[2026-09-11 22:43:34] [AGENTE-AMAZON] Cosechando ofertas quentes de Amazon en Pelando...
[2026-09-11 22:43:34] [AGENTE-AMAZON] Amazon Pelando: 0 ofertas obtenidas
[2026-09-11 22:43:34] [AGENTE-AMAZON] Guardados 40 achados en achados_amazon.json
[2026-09-12 00:38:51] [PELANDO] Scraping Amazon (https://www.pelando.com.br/cupons-de-descontos/amazon)
[2026-09-12 00:38:55] [PELANDO]   Falha ao acessar Amazon
[2026-09-12 00:38:57] [PELANDO] Scraping KaBuM! (https://www.pelando.com.br/cupons-de-descontos/kabum)
[2026-09-12 00:39:02] [PELANDO]   Falha ao acessar KaBuM!
[2026-09-12 00:39:04] [PELANDO] Scraping Mercado Livre (https://www.pelando.com.br/cupons-de-descontos/mercado-livre)
[2026-09-12 00:39:08] [PELANDO]   Falha ao acessar Mercado Livre
[2026-09-12 00:39:10] [PELANDO] Scraping Shopee (https://www.pelando.com.br/cupons-de-descontos/shopee)
[2026-09-12 00:39:14] [PELANDO]   Falha ao acessar Shopee
[2026-09-12 00:39:16] [PELANDO] Scraping Magazine Luiza (https://www.pelando.com.br/cupons-de-descontos/magalu)
[2026-09-12 00:39:20] [PELANDO]   Falha ao acessar Magazine Luiza
[2026-09-12 00:39:22] [PELANDO] Scraping AliExpress (https://www.pelando.com.br/cupons-de-descontos/aliexpress)
[2026-09-12 00:39:26] [PELANDO]   Falha ao acessar AliExpress
[2026-09-12 00:39:28] [PELANDO] Scraping Pichau (https://www.pelando.com.br/cupons-de-descontos/pichau)
[2026-09-12 00:39:33] [PELANDO]   Falha ao acessar Pichau
[2026-09-12 00:39:35] [PELANDO] Scraping Terabyte Shop (https://www.pelando.com.br/cupons-de-descontos/terabyte)
[2026-09-12 00:39:39] [PELANDO]   Falha ao acessar Terabyte Shop
[2026-09-12 00:39:41] [PELANDO] Completado: 0 Pelando + 5 manuales = 5 total
[2026-09-12 00:39:41] [AGENTE-ML] Consultando scraping de ofertas en Mercado Livre...
[2026-09-12 00:40:36] [AGENTE-ML] Scraping ML: 1055 ofertas obtenidas
[2026-09-12 00:40:36] [AGENTE-ML] Guardados 40 achados en achados_ml.json
[2026-09-12 00:40:36] [AGENTE-AMAZON] Cosechando Bestsellers y ofertas de categorías Amazon...
[2026-09-12 00:40:59] [AGENTE-AMAZON] Amazon direct: 59 ofertas cosechadas
[2026-09-12 00:40:59] [AGENTE-AMAZON] Cosechando ofertas quentes de Amazon en Pelando...
[2026-09-12 00:40:59] [AGENTE-AMAZON] Amazon Pelando: 0 ofertas obtenidas
[2026-09-12 00:40:59] [AGENTE-AMAZON] Guardados 40 achados en achados_amazon.json
[2026-09-12 13:48:55] [PELANDO] Scraping Amazon (https://www.pelando.com.br/cupons-de-descontos/amazon)
[2026-09-12 13:48:59] [PELANDO]   Falha ao acessar Amazon
[2026-09-12 13:49:01] [PELANDO] Scraping KaBuM! (https://www.pelando.com.br/cupons-de-descontos/kabum)
[2026-09-12 13:49:05] [PELANDO]   Falha ao acessar KaBuM!
[2026-09-12 13:49:07] [PELANDO] Scraping Mercado Livre (https://www.pelando.com.br/cupons-de-descontos/mercado-livre)
[2026-09-12 13:49:11] [PELANDO]   Falha ao acessar Mercado Livre
[2026-09-12 13:49:13] [PELANDO] Scraping Shopee (https://www.pelando.com.br/cupons-de-descontos/shopee)
[2026-09-12 13:49:18] [PELANDO]   Falha ao acessar Shopee
[2026-09-12 13:49:20] [PELANDO] Scraping Magazine Luiza (https://www.pelando.com.br/cupons-de-descontos/magalu)
[2026-09-12 13:49:24] [PELANDO]   Falha ao acessar Magazine Luiza
[2026-09-12 13:49:26] [PELANDO] Scraping AliExpress (https://www.pelando.com.br/cupons-de-descontos/aliexpress)
[2026-09-12 13:49:30] [PELANDO]   Falha ao acessar AliExpress
[2026-09-12 13:49:32] [PELANDO] Scraping Pichau (https://www.pelando.com.br/cupons-de-descontos/pichau)
[2026-09-12 13:49:36] [PELANDO]   Falha ao acessar Pichau
[2026-09-12 13:49:38] [PELANDO] Scraping Terabyte Shop (https://www.pelando.com.br/cupons-de-descontos/terabyte)
[2026-09-12 13:49:42] [PELANDO]   Falha ao acessar Terabyte Shop
[2026-09-12 13:49:44] [PELANDO] Completado: 0 Pelando + 5 manuales = 5 total
[2026-09-12 13:49:44] [AGENTE-ML] Consultando scraping de ofertas en Mercado Livre...
[2026-09-12 13:50:40] [AGENTE-ML] Scraping ML: 1077 ofertas obtenidas
[2026-09-12 13:50:40] [AGENTE-ML] Guardados 40 achados en achados_ml.json
[2026-09-12 13:50:40] [AGENTE-AMAZON] Cosechando Bestsellers y ofertas de categorías Amazon...
[2026-09-12 13:51:01] [AGENTE-AMAZON] Amazon direct: 0 ofertas cosechadas
[2026-09-12 13:51:01] [AGENTE-AMAZON] Cosechando ofertas quentes de Amazon en Pelando...
[2026-09-12 13:51:01] [AGENTE-AMAZON] Amazon Pelando: 0 ofertas obtenidas
[2026-09-12 13:51:01] [AGENTE-AMAZON] Guardados 0 achados en achados_amazon.json
[2026-09-12 16:39:36] [PELANDO] Scraping Amazon (https://www.pelando.com.br/cupons-de-descontos/amazon)
[2026-09-12 16:39:41] [PELANDO]   Falha ao acessar Amazon
[2026-09-12 16:39:43] [PELANDO] Scraping KaBuM! (https://www.pelando.com.br/cupons-de-descontos/kabum)
[2026-09-12 16:39:47] [PELANDO]   Falha ao acessar KaBuM!
[2026-09-12 16:39:49] [PELANDO] Scraping Mercado Livre (https://www.pelando.com.br/cupons-de-descontos/mercado-livre)
[2026-09-12 16:39:53] [PELANDO]   Falha ao acessar Mercado Livre
[2026-09-12 16:39:55] [PELANDO] Scraping Shopee (https://www.pelando.com.br/cupons-de-descontos/shopee)
[2026-09-12 16:39:59] [PELANDO]   Falha ao acessar Shopee
[2026-09-12 16:40:01] [PELANDO] Scraping Magazine Luiza (https://www.pelando.com.br/cupons-de-descontos/magalu)
[2026-09-12 16:40:05] [PELANDO]   Falha ao acessar Magazine Luiza
[2026-09-12 16:40:07] [PELANDO] Scraping AliExpress (https://www.pelando.com.br/cupons-de-descontos/aliexpress)
[2026-09-12 16:40:11] [PELANDO]   Falha ao acessar AliExpress
[2026-09-12 16:40:13] [PELANDO] Scraping Pichau (https://www.pelando.com.br/cupons-de-descontos/pichau)
[2026-09-12 16:40:17] [PELANDO]   Falha ao acessar Pichau
[2026-09-12 16:40:19] [PELANDO] Scraping Terabyte Shop (https://www.pelando.com.br/cupons-de-descontos/terabyte)
[2026-09-12 16:40:24] [PELANDO]   Falha ao acessar Terabyte Shop
[2026-09-12 16:40:26] [PELANDO] Completado: 0 Pelando + 5 manuales = 5 total
[2026-09-12 16:40:26] [AGENTE-ML] Consultando scraping de ofertas en Mercado Livre...
[2026-09-12 16:41:20] [AGENTE-ML] Scraping ML: 1094 ofertas obtenidas
[2026-09-12 16:41:20] [AGENTE-ML] Guardados 40 achados en achados_ml.json
[2026-09-12 16:41:20] [AGENTE-AMAZON] Cosechando Bestsellers y ofertas de categorías Amazon...
[2026-09-12 16:41:42] [AGENTE-AMAZON] Amazon direct: 89 ofertas cosechadas
[2026-09-12 16:41:42] [AGENTE-AMAZON] Cosechando ofertas quentes de Amazon en Pelando...
[2026-09-12 16:41:42] [AGENTE-AMAZON] Amazon Pelando: 0 ofertas obtenidas
[2026-09-12 16:41:42] [AGENTE-AMAZON] Guardados 40 achados en achados_amazon.json
[2026-09-12 18:45:25] [PELANDO] Scraping Amazon (https://www.pelando.com.br/cupons-de-descontos/amazon)
[2026-09-12 18:45:29] [PELANDO]   Falha ao acessar Amazon
[2026-09-12 18:45:31] [PELANDO] Scraping KaBuM! (https://www.pelando.com.br/cupons-de-descontos/kabum)
[2026-09-12 18:45:35] [PELANDO]   Falha ao acessar KaBuM!
[2026-09-12 18:45:37] [PELANDO] Scraping Mercado Livre (https://www.pelando.com.br/cupons-de-descontos/mercado-livre)
[2026-09-12 18:45:41] [PELANDO]   Falha ao acessar Mercado Livre
[2026-09-12 18:45:43] [PELANDO] Scraping Shopee (https://www.pelando.com.br/cupons-de-descontos/shopee)
[2026-09-12 18:45:47] [PELANDO]   Falha ao acessar Shopee
[2026-09-12 18:45:49] [PELANDO] Scraping Magazine Luiza (https://www.pelando.com.br/cupons-de-descontos/magalu)
[2026-09-12 18:45:53] [PELANDO]   Falha ao acessar Magazine Luiza
[2026-09-12 18:45:55] [PELANDO] Scraping AliExpress (https://www.pelando.com.br/cupons-de-descontos/aliexpress)
[2026-09-12 18:46:00] [PELANDO]   Falha ao acessar AliExpress
[2026-09-12 18:46:02] [PELANDO] Scraping Pichau (https://www.pelando.com.br/cupons-de-descontos/pichau)
[2026-09-12 18:46:06] [PELANDO]   Falha ao acessar Pichau
[2026-09-12 18:46:08] [PELANDO] Scraping Terabyte Shop (https://www.pelando.com.br/cupons-de-descontos/terabyte)
[2026-09-12 18:46:12] [PELANDO]   Falha ao acessar Terabyte Shop
[2026-09-12 18:46:14] [PELANDO] Completado: 0 Pelando + 5 manuales = 5 total
[2026-09-12 18:46:14] [AGENTE-ML] Consultando scraping de ofertas en Mercado Livre...
[2026-09-12 18:47:08] [AGENTE-ML] Scraping ML: 1052 ofertas obtenidas
[2026-09-12 18:47:08] [AGENTE-ML] Guardados 40 achados en achados_ml.json
[2026-09-12 18:47:08] [AGENTE-AMAZON] Cosechando Bestsellers y ofertas de categorías Amazon...
[2026-09-12 18:47:29] [AGENTE-AMAZON] Amazon direct: 0 ofertas cosechadas
[2026-09-12 18:47:29] [AGENTE-AMAZON] Cosechando ofertas quentes de Amazon en Pelando...
[2026-09-12 18:47:29] [AGENTE-AMAZON] Amazon Pelando: 0 ofertas obtenidas
[2026-09-12 18:47:29] [AGENTE-AMAZON] Guardados 0 achados en achados_amazon.json
[2026-09-12 21:07:32] [PELANDO] Scraping Amazon (https://www.pelando.com.br/cupons-de-descontos/amazon)
[2026-09-12 21:07:36] [PELANDO]   Falha ao acessar Amazon
[2026-09-12 21:07:38] [PELANDO] Scraping KaBuM! (https://www.pelando.com.br/cupons-de-descontos/kabum)
[2026-09-12 21:07:42] [PELANDO]   Falha ao acessar KaBuM!
[2026-09-12 21:07:44] [PELANDO] Scraping Mercado Livre (https://www.pelando.com.br/cupons-de-descontos/mercado-livre)
[2026-09-12 21:07:49] [PELANDO]   Falha ao acessar Mercado Livre
[2026-09-12 21:07:51] [PELANDO] Scraping Shopee (https://www.pelando.com.br/cupons-de-descontos/shopee)
[2026-09-12 21:07:55] [PELANDO]   Falha ao acessar Shopee
[2026-09-12 21:07:57] [PELANDO] Scraping Magazine Luiza (https://www.pelando.com.br/cupons-de-descontos/magalu)
[2026-09-12 21:08:01] [PELANDO]   Falha ao acessar Magazine Luiza
[2026-09-12 21:08:03] [PELANDO] Scraping AliExpress (https://www.pelando.com.br/cupons-de-descontos/aliexpress)
[2026-09-12 21:08:07] [PELANDO]   Falha ao acessar AliExpress
[2026-09-12 21:08:09] [PELANDO] Scraping Pichau (https://www.pelando.com.br/cupons-de-descontos/pichau)
[2026-09-12 21:08:14] [PELANDO]   Falha ao acessar Pichau
[2026-09-12 21:08:16] [PELANDO] Scraping Terabyte Shop (https://www.pelando.com.br/cupons-de-descontos/terabyte)
[2026-09-12 21:08:20] [PELANDO]   Falha ao acessar Terabyte Shop
[2026-09-12 21:08:22] [PELANDO] Completado: 0 Pelando + 5 manuales = 5 total
[2026-09-12 21:08:22] [AGENTE-ML] Consultando scraping de ofertas en Mercado Livre...
[2026-09-12 21:09:19] [AGENTE-ML] Scraping ML: 1056 ofertas obtenidas
[2026-09-12 21:09:19] [AGENTE-ML] Guardados 40 achados en achados_ml.json
[2026-09-12 21:09:19] [AGENTE-AMAZON] Cosechando Bestsellers y ofertas de categorías Amazon...
[2026-09-12 21:09:44] [AGENTE-AMAZON] Amazon direct: 116 ofertas cosechadas
[2026-09-12 21:09:44] [AGENTE-AMAZON] Cosechando ofertas quentes de Amazon en Pelando...
[2026-09-12 21:09:44] [AGENTE-AMAZON] Amazon Pelando: 0 ofertas obtenidas
[2026-09-12 21:09:44] [AGENTE-AMAZON] Guardados 40 achados en achados_amazon.json
[2026-09-12 23:02:19] [PELANDO] Scraping Amazon (https://www.pelando.com.br/cupons-de-descontos/amazon)
[2026-09-12 23:02:23] [PELANDO]   Falha ao acessar Amazon
[2026-09-12 23:02:25] [PELANDO] Scraping KaBuM! (https://www.pelando.com.br/cupons-de-descontos/kabum)
[2026-09-12 23:02:29] [PELANDO]   Falha ao acessar KaBuM!
[2026-09-12 23:02:31] [PELANDO] Scraping Mercado Livre (https://www.pelando.com.br/cupons-de-descontos/mercado-livre)
[2026-09-12 23:02:36] [PELANDO]   Falha ao acessar Mercado Livre
[2026-09-12 23:02:38] [PELANDO] Scraping Shopee (https://www.pelando.com.br/cupons-de-descontos/shopee)
[2026-09-12 23:02:42] [PELANDO]   Falha ao acessar Shopee
[2026-09-12 23:02:44] [PELANDO] Scraping Magazine Luiza (https://www.pelando.com.br/cupons-de-descontos/magalu)
[2026-09-12 23:02:48] [PELANDO]   Falha ao acessar Magazine Luiza
[2026-09-12 23:02:50] [PELANDO] Scraping AliExpress (https://www.pelando.com.br/cupons-de-descontos/aliexpress)
[2026-09-12 23:02:54] [PELANDO]   Falha ao acessar AliExpress
[2026-09-12 23:02:56] [PELANDO] Scraping Pichau (https://www.pelando.com.br/cupons-de-descontos/pichau)
[2026-09-12 23:03:00] [PELANDO]   Falha ao acessar Pichau
[2026-09-12 23:03:02] [PELANDO] Scraping Terabyte Shop (https://www.pelando.com.br/cupons-de-descontos/terabyte)
[2026-09-12 23:03:07] [PELANDO]   Falha ao acessar Terabyte Shop
[2026-09-12 23:03:09] [PELANDO] Completado: 0 Pelando + 5 manuales = 5 total
[2026-09-12 23:03:09] [AGENTE-ML] Consultando scraping de ofertas en Mercado Livre...
[2026-09-12 23:04:05] [AGENTE-ML] Scraping ML: 1077 ofertas obtenidas
[2026-09-12 23:04:05] [AGENTE-ML] Guardados 40 achados en achados_ml.json
[2026-09-12 23:04:05] [AGENTE-AMAZON] Cosechando Bestsellers y ofertas de categorías Amazon...
[2026-09-12 23:04:27] [AGENTE-AMAZON] Amazon direct: 28 ofertas cosechadas
[2026-09-12 23:04:27] [AGENTE-AMAZON] Cosechando ofertas quentes de Amazon en Pelando...
[2026-09-12 23:04:27] [AGENTE-AMAZON] Amazon Pelando: 0 ofertas obtenidas
[2026-09-12 23:04:27] [AGENTE-AMAZON] Guardados 28 achados en achados_amazon.json
[2026-09-13 00:58:05] [PELANDO] Scraping Amazon (https://www.pelando.com.br/cupons-de-descontos/amazon)
[2026-09-13 00:58:09] [PELANDO]   Falha ao acessar Amazon
[2026-09-13 00:58:11] [PELANDO] Scraping KaBuM! (https://www.pelando.com.br/cupons-de-descontos/kabum)
[2026-09-13 00:58:15] [PELANDO]   Falha ao acessar KaBuM!
[2026-09-13 00:58:17] [PELANDO] Scraping Mercado Livre (https://www.pelando.com.br/cupons-de-descontos/mercado-livre)
[2026-09-13 00:58:21] [PELANDO]   Falha ao acessar Mercado Livre
[2026-09-13 00:58:23] [PELANDO] Scraping Shopee (https://www.pelando.com.br/cupons-de-descontos/shopee)
[2026-09-13 00:58:28] [PELANDO]   Falha ao acessar Shopee
[2026-09-13 00:58:30] [PELANDO] Scraping Magazine Luiza (https://www.pelando.com.br/cupons-de-descontos/magalu)
[2026-09-13 00:58:34] [PELANDO]   Falha ao acessar Magazine Luiza
[2026-09-13 00:58:36] [PELANDO] Scraping AliExpress (https://www.pelando.com.br/cupons-de-descontos/aliexpress)
[2026-09-13 00:58:40] [PELANDO]   Falha ao acessar AliExpress
[2026-09-13 00:58:42] [PELANDO] Scraping Pichau (https://www.pelando.com.br/cupons-de-descontos/pichau)
[2026-09-13 00:58:46] [PELANDO]   Falha ao acessar Pichau
[2026-09-13 00:58:48] [PELANDO] Scraping Terabyte Shop (https://www.pelando.com.br/cupons-de-descontos/terabyte)
[2026-09-13 00:58:53] [PELANDO]   Falha ao acessar Terabyte Shop
[2026-09-13 00:58:55] [PELANDO] Completado: 0 Pelando + 5 manuales = 5 total
[2026-09-13 00:58:55] [AGENTE-ML] Consultando scraping de ofertas en Mercado Livre...
[2026-09-13 00:59:55] [AGENTE-ML] Scraping ML: 1076 ofertas obtenidas
[2026-09-13 00:59:55] [AGENTE-ML] Guardados 40 achados en achados_ml.json
[2026-09-13 00:59:55] [AGENTE-AMAZON] Cosechando Bestsellers y ofertas de categorías Amazon...
[2026-09-13 01:00:18] [AGENTE-AMAZON] Amazon direct: 30 ofertas cosechadas
[2026-09-13 01:00:18] [AGENTE-AMAZON] Cosechando ofertas quentes de Amazon en Pelando...
[2026-09-13 01:00:18] [AGENTE-AMAZON] Amazon Pelando: 0 ofertas obtenidas
[2026-09-13 01:00:18] [AGENTE-AMAZON] Guardados 29 achados en achados_amazon.json
[2026-09-13 14:44:43] [PELANDO] Scraping Amazon (https://www.pelando.com.br/cupons-de-descontos/amazon)
[2026-09-13 14:44:47] [PELANDO]   Falha ao acessar Amazon
[2026-09-13 14:44:49] [PELANDO] Scraping KaBuM! (https://www.pelando.com.br/cupons-de-descontos/kabum)
[2026-09-13 14:44:53] [PELANDO]   Falha ao acessar KaBuM!
[2026-09-13 14:44:55] [PELANDO] Scraping Mercado Livre (https://www.pelando.com.br/cupons-de-descontos/mercado-livre)
[2026-09-13 14:44:59] [PELANDO]   Falha ao acessar Mercado Livre
[2026-09-13 14:45:01] [PELANDO] Scraping Shopee (https://www.pelando.com.br/cupons-de-descontos/shopee)
[2026-09-13 14:45:05] [PELANDO]   Falha ao acessar Shopee
[2026-09-13 14:45:07] [PELANDO] Scraping Magazine Luiza (https://www.pelando.com.br/cupons-de-descontos/magalu)
[2026-09-13 14:45:12] [PELANDO]   Falha ao acessar Magazine Luiza
[2026-09-13 14:45:14] [PELANDO] Scraping AliExpress (https://www.pelando.com.br/cupons-de-descontos/aliexpress)
[2026-09-13 14:45:18] [PELANDO]   Falha ao acessar AliExpress
[2026-09-13 14:45:20] [PELANDO] Scraping Pichau (https://www.pelando.com.br/cupons-de-descontos/pichau)
[2026-09-13 14:45:24] [PELANDO]   Falha ao acessar Pichau
[2026-09-13 14:45:26] [PELANDO] Scraping Terabyte Shop (https://www.pelando.com.br/cupons-de-descontos/terabyte)
[2026-09-13 14:45:30] [PELANDO]   Falha ao acessar Terabyte Shop
[2026-09-13 14:45:32] [PELANDO] Completado: 0 Pelando + 5 manuales = 5 total
[2026-09-13 14:45:32] [AGENTE-ML] Consultando scraping de ofertas en Mercado Livre...
[2026-09-13 14:46:29] [AGENTE-ML] Scraping ML: 1076 ofertas obtenidas
[2026-09-13 14:46:29] [AGENTE-ML] Guardados 40 achados en achados_ml.json
[2026-09-13 14:46:29] [AGENTE-AMAZON] Cosechando Bestsellers y ofertas de categorías Amazon...
[2026-09-13 14:46:53] [AGENTE-AMAZON] Amazon direct: 88 ofertas cosechadas
[2026-09-13 14:46:53] [AGENTE-AMAZON] Cosechando ofertas quentes de Amazon en Pelando...
[2026-09-13 14:46:53] [AGENTE-AMAZON] Amazon Pelando: 0 ofertas obtenidas
[2026-09-13 14:46:53] [AGENTE-AMAZON] Guardados 40 achados en achados_amazon.json
[2026-09-13 17:41:59] [PELANDO] Scraping Amazon (https://www.pelando.com.br/cupons-de-descontos/amazon)
[2026-09-13 17:42:03] [PELANDO]   Falha ao acessar Amazon
[2026-09-13 17:42:05] [PELANDO] Scraping KaBuM! (https://www.pelando.com.br/cupons-de-descontos/kabum)
[2026-09-13 17:42:10] [PELANDO]   Falha ao acessar KaBuM!
[2026-09-13 17:42:12] [PELANDO] Scraping Mercado Livre (https://www.pelando.com.br/cupons-de-descontos/mercado-livre)
[2026-09-13 17:42:16] [PELANDO]   Falha ao acessar Mercado Livre
[2026-09-13 17:42:18] [PELANDO] Scraping Shopee (https://www.pelando.com.br/cupons-de-descontos/shopee)
[2026-09-13 17:42:22] [PELANDO]   Falha ao acessar Shopee
[2026-09-13 17:42:24] [PELANDO] Scraping Magazine Luiza (https://www.pelando.com.br/cupons-de-descontos/magalu)
[2026-09-13 17:42:28] [PELANDO]   Falha ao acessar Magazine Luiza
[2026-09-13 17:42:30] [PELANDO] Scraping AliExpress (https://www.pelando.com.br/cupons-de-descontos/aliexpress)
[2026-09-13 17:42:34] [PELANDO]   Falha ao acessar AliExpress
[2026-09-13 17:42:36] [PELANDO] Scraping Pichau (https://www.pelando.com.br/cupons-de-descontos/pichau)
[2026-09-13 17:42:40] [PELANDO]   Falha ao acessar Pichau
[2026-09-13 17:42:42] [PELANDO] Scraping Terabyte Shop (https://www.pelando.com.br/cupons-de-descontos/terabyte)
[2026-09-13 17:42:46] [PELANDO]   Falha ao acessar Terabyte Shop
[2026-09-13 17:42:48] [PELANDO] Completado: 0 Pelando + 5 manuales = 5 total
[2026-09-13 17:42:48] [AGENTE-ML] Consultando scraping de ofertas en Mercado Livre...
[2026-09-13 17:43:43] [AGENTE-ML] Scraping ML: 1069 ofertas obtenidas
[2026-09-13 17:43:43] [AGENTE-ML] Guardados 40 achados en achados_ml.json
[2026-09-13 17:43:43] [AGENTE-AMAZON] Cosechando Bestsellers y ofertas de categorías Amazon...
[2026-09-13 17:44:05] [AGENTE-AMAZON] Amazon direct: 59 ofertas cosechadas
[2026-09-13 17:44:05] [AGENTE-AMAZON] Cosechando ofertas quentes de Amazon en Pelando...
[2026-09-13 17:44:05] [AGENTE-AMAZON] Amazon Pelando: 0 ofertas obtenidas
[2026-09-13 17:44:05] [AGENTE-AMAZON] Guardados 40 achados en achados_amazon.json
[2026-09-13 19:48:36] [PELANDO] Scraping Amazon (https://www.pelando.com.br/cupons-de-descontos/amazon)
[2026-09-13 19:48:40] [PELANDO]   Falha ao acessar Amazon
[2026-09-13 19:48:42] [PELANDO] Scraping KaBuM! (https://www.pelando.com.br/cupons-de-descontos/kabum)
[2026-09-13 19:48:46] [PELANDO]   Falha ao acessar KaBuM!
[2026-09-13 19:48:48] [PELANDO] Scraping Mercado Livre (https://www.pelando.com.br/cupons-de-descontos/mercado-livre)
[2026-09-13 19:48:52] [PELANDO]   Falha ao acessar Mercado Livre
[2026-09-13 19:48:54] [PELANDO] Scraping Shopee (https://www.pelando.com.br/cupons-de-descontos/shopee)
[2026-09-13 19:48:58] [PELANDO]   Falha ao acessar Shopee
[2026-09-13 19:49:00] [PELANDO] Scraping Magazine Luiza (https://www.pelando.com.br/cupons-de-descontos/magalu)
[2026-09-13 19:49:05] [PELANDO]   Falha ao acessar Magazine Luiza
[2026-09-13 19:49:07] [PELANDO] Scraping AliExpress (https://www.pelando.com.br/cupons-de-descontos/aliexpress)
[2026-09-13 19:49:11] [PELANDO]   Falha ao acessar AliExpress
[2026-09-13 19:49:13] [PELANDO] Scraping Pichau (https://www.pelando.com.br/cupons-de-descontos/pichau)
[2026-09-13 19:49:17] [PELANDO]   Falha ao acessar Pichau
[2026-09-13 19:49:19] [PELANDO] Scraping Terabyte Shop (https://www.pelando.com.br/cupons-de-descontos/terabyte)
[2026-09-13 19:49:23] [PELANDO]   Falha ao acessar Terabyte Shop
[2026-09-13 19:49:25] [PELANDO] Completado: 0 Pelando + 5 manuales = 5 total
[2026-09-13 19:49:25] [AGENTE-ML] Consultando scraping de ofertas en Mercado Livre...
[2026-09-13 19:50:22] [AGENTE-ML] Scraping ML: 1046 ofertas obtenidas
[2026-09-13 19:50:22] [AGENTE-ML] Guardados 40 achados en achados_ml.json
[2026-09-13 19:50:22] [AGENTE-AMAZON] Cosechando Bestsellers y ofertas de categorías Amazon...
[2026-09-13 19:50:47] [AGENTE-AMAZON] Amazon direct: 90 ofertas cosechadas
[2026-09-13 19:50:47] [AGENTE-AMAZON] Cosechando ofertas quentes de Amazon en Pelando...
[2026-09-13 19:50:47] [AGENTE-AMAZON] Amazon Pelando: 0 ofertas obtenidas
[2026-09-13 19:50:47] [AGENTE-AMAZON] Guardados 40 achados en achados_amazon.json
[2026-09-13 21:57:47] [PELANDO] Scraping Amazon (https://www.pelando.com.br/cupons-de-descontos/amazon)
[2026-09-13 21:57:51] [PELANDO]   Falha ao acessar Amazon
[2026-09-13 21:57:53] [PELANDO] Scraping KaBuM! (https://www.pelando.com.br/cupons-de-descontos/kabum)
[2026-09-13 21:57:58] [PELANDO]   Falha ao acessar KaBuM!
[2026-09-13 21:58:00] [PELANDO] Scraping Mercado Livre (https://www.pelando.com.br/cupons-de-descontos/mercado-livre)
[2026-09-13 21:58:04] [PELANDO]   Falha ao acessar Mercado Livre
[2026-09-13 21:58:06] [PELANDO] Scraping Shopee (https://www.pelando.com.br/cupons-de-descontos/shopee)
[2026-09-13 21:58:10] [PELANDO]   Falha ao acessar Shopee
[2026-09-13 21:58:12] [PELANDO] Scraping Magazine Luiza (https://www.pelando.com.br/cupons-de-descontos/magalu)
[2026-09-13 21:58:16] [PELANDO]   Falha ao acessar Magazine Luiza
[2026-09-13 21:58:18] [PELANDO] Scraping AliExpress (https://www.pelando.com.br/cupons-de-descontos/aliexpress)
[2026-09-13 21:58:22] [PELANDO]   Falha ao acessar AliExpress
[2026-09-13 21:58:24] [PELANDO] Scraping Pichau (https://www.pelando.com.br/cupons-de-descontos/pichau)
[2026-09-13 21:58:28] [PELANDO]   Falha ao acessar Pichau
[2026-09-13 21:58:30] [PELANDO] Scraping Terabyte Shop (https://www.pelando.com.br/cupons-de-descontos/terabyte)
[2026-09-13 21:58:34] [PELANDO]   Falha ao acessar Terabyte Shop
[2026-09-13 21:58:36] [PELANDO] Completado: 0 Pelando + 5 manuales = 5 total
[2026-09-13 21:58:36] [AGENTE-ML] Consultando scraping de ofertas en Mercado Livre...
[2026-09-13 21:59:31] [AGENTE-ML] Scraping ML: 1055 ofertas obtenidas
[2026-09-13 21:59:31] [AGENTE-ML] Guardados 40 achados en achados_ml.json
[2026-09-13 21:59:31] [AGENTE-AMAZON] Cosechando Bestsellers y ofertas de categorías Amazon...
[2026-09-13 21:59:53] [AGENTE-AMAZON] Amazon direct: 30 ofertas cosechadas
[2026-09-13 21:59:53] [AGENTE-AMAZON] Cosechando ofertas quentes de Amazon en Pelando...
[2026-09-13 21:59:53] [AGENTE-AMAZON] Amazon Pelando: 0 ofertas obtenidas
[2026-09-13 21:59:53] [AGENTE-AMAZON] Guardados 28 achados en achados_amazon.json
[2026-09-13 23:53:27] [PELANDO] Scraping Amazon (https://www.pelando.com.br/cupons-de-descontos/amazon)
[2026-09-13 23:53:31] [PELANDO]   Falha ao acessar Amazon
[2026-09-13 23:53:33] [PELANDO] Scraping KaBuM! (https://www.pelando.com.br/cupons-de-descontos/kabum)
[2026-09-13 23:53:38] [PELANDO]   Falha ao acessar KaBuM!
[2026-09-13 23:53:40] [PELANDO] Scraping Mercado Livre (https://www.pelando.com.br/cupons-de-descontos/mercado-livre)
[2026-09-13 23:53:44] [PELANDO]   Falha ao acessar Mercado Livre
[2026-09-13 23:53:46] [PELANDO] Scraping Shopee (https://www.pelando.com.br/cupons-de-descontos/shopee)
[2026-09-13 23:53:50] [PELANDO]   Falha ao acessar Shopee
[2026-09-13 23:53:52] [PELANDO] Scraping Magazine Luiza (https://www.pelando.com.br/cupons-de-descontos/magalu)
[2026-09-13 23:53:56] [PELANDO]   Falha ao acessar Magazine Luiza
[2026-09-13 23:53:58] [PELANDO] Scraping AliExpress (https://www.pelando.com.br/cupons-de-descontos/aliexpress)
[2026-09-13 23:54:02] [PELANDO]   Falha ao acessar AliExpress
[2026-09-13 23:54:04] [PELANDO] Scraping Pichau (https://www.pelando.com.br/cupons-de-descontos/pichau)
[2026-09-13 23:54:08] [PELANDO]   Falha ao acessar Pichau
[2026-09-13 23:54:10] [PELANDO] Scraping Terabyte Shop (https://www.pelando.com.br/cupons-de-descontos/terabyte)
[2026-09-13 23:54:14] [PELANDO]   Falha ao acessar Terabyte Shop
[2026-09-13 23:54:16] [PELANDO] Completado: 0 Pelando + 5 manuales = 5 total
[2026-09-13 23:54:16] [AGENTE-ML] Consultando scraping de ofertas en Mercado Livre...
[2026-09-13 23:55:09] [AGENTE-ML] Scraping ML: 1053 ofertas obtenidas
[2026-09-13 23:55:09] [AGENTE-ML] Guardados 40 achados en achados_ml.json
[2026-09-13 23:55:09] [AGENTE-AMAZON] Cosechando Bestsellers y ofertas de categorías Amazon...
[2026-09-13 23:55:30] [AGENTE-AMAZON] Amazon direct: 0 ofertas cosechadas
[2026-09-13 23:55:30] [AGENTE-AMAZON] Cosechando ofertas quentes de Amazon en Pelando...
[2026-09-13 23:55:30] [AGENTE-AMAZON] Amazon Pelando: 0 ofertas obtenidas
[2026-09-13 23:55:30] [AGENTE-AMAZON] Guardados 0 achados en achados_amazon.json
[2026-09-14 16:43:24] [PELANDO] Scraping Amazon (https://www.pelando.com.br/cupons-de-descontos/amazon)
[2026-09-14 16:43:28] [PELANDO]   Falha ao acessar Amazon
[2026-09-14 16:43:30] [PELANDO] Scraping KaBuM! (https://www.pelando.com.br/cupons-de-descontos/kabum)
[2026-09-14 16:43:35] [PELANDO]   Falha ao acessar KaBuM!
[2026-09-14 16:43:37] [PELANDO] Scraping Mercado Livre (https://www.pelando.com.br/cupons-de-descontos/mercado-livre)
[2026-09-14 16:43:41] [PELANDO]   Falha ao acessar Mercado Livre
[2026-09-14 16:43:43] [PELANDO] Scraping Shopee (https://www.pelando.com.br/cupons-de-descontos/shopee)
[2026-09-14 16:43:47] [PELANDO]   Falha ao acessar Shopee
[2026-09-14 16:43:49] [PELANDO] Scraping Magazine Luiza (https://www.pelando.com.br/cupons-de-descontos/magalu)
[2026-09-14 16:43:54] [PELANDO]   Falha ao acessar Magazine Luiza
[2026-09-14 16:43:56] [PELANDO] Scraping AliExpress (https://www.pelando.com.br/cupons-de-descontos/aliexpress)
[2026-09-14 16:44:00] [PELANDO]   Falha ao acessar AliExpress
[2026-09-14 16:44:02] [PELANDO] Scraping Pichau (https://www.pelando.com.br/cupons-de-descontos/pichau)
[2026-09-14 16:44:06] [PELANDO]   Falha ao acessar Pichau
[2026-09-14 16:44:08] [PELANDO] Scraping Terabyte Shop (https://www.pelando.com.br/cupons-de-descontos/terabyte)
[2026-09-14 16:44:13] [PELANDO]   Falha ao acessar Terabyte Shop
[2026-09-14 16:44:15] [PELANDO] Completado: 0 Pelando + 5 manuales = 5 total
[2026-09-14 16:44:15] [AGENTE-ML] Consultando scraping de ofertas en Mercado Livre...
[2026-09-14 16:45:11] [AGENTE-ML] Scraping ML: 1072 ofertas obtenidas
[2026-09-14 16:45:11] [AGENTE-ML] Guardados 40 achados en achados_ml.json
[2026-09-14 16:45:11] [AGENTE-AMAZON] Cosechando Bestsellers y ofertas de categorías Amazon...
[2026-09-14 16:45:34] [AGENTE-AMAZON] Amazon direct: 30 ofertas cosechadas
[2026-09-14 16:45:34] [AGENTE-AMAZON] Cosechando ofertas quentes de Amazon en Pelando...
[2026-09-14 16:45:34] [AGENTE-AMAZON] Amazon Pelando: 0 ofertas obtenidas
[2026-09-14 16:45:34] [AGENTE-AMAZON] Guardados 29 achados en achados_amazon.json
[2026-09-14 20:36:09] [PELANDO] Scraping Amazon (https://www.pelando.com.br/cupons-de-descontos/amazon)
[2026-09-14 20:36:14] [PELANDO]   Falha ao acessar Amazon
[2026-09-14 20:36:16] [PELANDO] Scraping KaBuM! (https://www.pelando.com.br/cupons-de-descontos/kabum)
[2026-09-14 20:36:20] [PELANDO]   Falha ao acessar KaBuM!
[2026-09-14 20:36:22] [PELANDO] Scraping Mercado Livre (https://www.pelando.com.br/cupons-de-descontos/mercado-livre)
[2026-09-14 20:36:26] [PELANDO]   Falha ao acessar Mercado Livre
[2026-09-14 20:36:28] [PELANDO] Scraping Shopee (https://www.pelando.com.br/cupons-de-descontos/shopee)
[2026-09-14 20:36:32] [PELANDO]   Falha ao acessar Shopee
[2026-09-14 20:36:34] [PELANDO] Scraping Magazine Luiza (https://www.pelando.com.br/cupons-de-descontos/magalu)
[2026-09-14 20:36:39] [PELANDO]   Falha ao acessar Magazine Luiza
[2026-09-14 20:36:41] [PELANDO] Scraping AliExpress (https://www.pelando.com.br/cupons-de-descontos/aliexpress)
[2026-09-14 20:36:45] [PELANDO]   Falha ao acessar AliExpress
[2026-09-14 20:36:47] [PELANDO] Scraping Pichau (https://www.pelando.com.br/cupons-de-descontos/pichau)
[2026-09-14 20:36:51] [PELANDO]   Falha ao acessar Pichau
[2026-09-14 20:36:53] [PELANDO] Scraping Terabyte Shop (https://www.pelando.com.br/cupons-de-descontos/terabyte)
[2026-09-14 20:36:57] [PELANDO]   Falha ao acessar Terabyte Shop
[2026-09-14 20:36:59] [PELANDO] Completado: 0 Pelando + 5 manuales = 5 total
[2026-09-14 20:36:59] [AGENTE-ML] Consultando scraping de ofertas en Mercado Livre...
[2026-09-14 20:37:54] [AGENTE-ML] Scraping ML: 1050 ofertas obtenidas
[2026-09-14 20:37:54] [AGENTE-ML] Guardados 40 achados en achados_ml.json
[2026-09-14 20:37:54] [AGENTE-AMAZON] Cosechando Bestsellers y ofertas de categorías Amazon...
[2026-09-14 20:38:17] [AGENTE-AMAZON] Amazon direct: 89 ofertas cosechadas
[2026-09-14 20:38:17] [AGENTE-AMAZON] Cosechando ofertas quentes de Amazon en Pelando...
[2026-09-14 20:38:17] [AGENTE-AMAZON] Amazon Pelando: 0 ofertas obtenidas
[2026-09-14 20:38:17] [AGENTE-AMAZON] Guardados 40 achados en achados_amazon.json
[2026-09-14 23:28:06] [PELANDO] Scraping Amazon (https://www.pelando.com.br/cupons-de-descontos/amazon)
[2026-09-14 23:28:11] [PELANDO]   Falha ao acessar Amazon
[2026-09-14 23:28:13] [PELANDO] Scraping KaBuM! (https://www.pelando.com.br/cupons-de-descontos/kabum)
[2026-09-14 23:28:17] [PELANDO]   Falha ao acessar KaBuM!
[2026-09-14 23:28:19] [PELANDO] Scraping Mercado Livre (https://www.pelando.com.br/cupons-de-descontos/mercado-livre)
[2026-09-14 23:28:23] [PELANDO]   Falha ao acessar Mercado Livre
[2026-09-14 23:28:25] [PELANDO] Scraping Shopee (https://www.pelando.com.br/cupons-de-descontos/shopee)
[2026-09-14 23:28:29] [PELANDO]   Falha ao acessar Shopee
[2026-09-14 23:28:31] [PELANDO] Scraping Magazine Luiza (https://www.pelando.com.br/cupons-de-descontos/magalu)
[2026-09-14 23:28:35] [PELANDO]   Falha ao acessar Magazine Luiza
[2026-09-14 23:28:37] [PELANDO] Scraping AliExpress (https://www.pelando.com.br/cupons-de-descontos/aliexpress)
[2026-09-14 23:28:41] [PELANDO]   Falha ao acessar AliExpress
[2026-09-14 23:28:43] [PELANDO] Scraping Pichau (https://www.pelando.com.br/cupons-de-descontos/pichau)
[2026-09-14 23:28:47] [PELANDO]   Falha ao acessar Pichau
[2026-09-14 23:28:49] [PELANDO] Scraping Terabyte Shop (https://www.pelando.com.br/cupons-de-descontos/terabyte)
[2026-09-14 23:28:54] [PELANDO]   Falha ao acessar Terabyte Shop
[2026-09-14 23:28:56] [PELANDO] Completado: 0 Pelando + 5 manuales = 5 total
[2026-09-14 23:28:56] [AGENTE-ML] Consultando scraping de ofertas en Mercado Livre...
[2026-09-14 23:29:55] [AGENTE-ML] Scraping ML: 1095 ofertas obtenidas
[2026-09-14 23:29:55] [AGENTE-ML] Guardados 40 achados en achados_ml.json
[2026-09-14 23:29:55] [AGENTE-AMAZON] Cosechando Bestsellers y ofertas de categorías Amazon...
[2026-09-14 23:30:18] [AGENTE-AMAZON] Amazon direct: 59 ofertas cosechadas
[2026-09-14 23:30:18] [AGENTE-AMAZON] Cosechando ofertas quentes de Amazon en Pelando...
[2026-09-14 23:30:18] [AGENTE-AMAZON] Amazon Pelando: 0 ofertas obtenidas
[2026-09-14 23:30:18] [AGENTE-AMAZON] Guardados 40 achados en achados_amazon.json
[2026-09-15 01:43:44] [PELANDO] Scraping Amazon (https://www.pelando.com.br/cupons-de-descontos/amazon)
[2026-09-15 01:43:48] [PELANDO]   Falha ao acessar Amazon
[2026-09-15 01:43:50] [PELANDO] Scraping KaBuM! (https://www.pelando.com.br/cupons-de-descontos/kabum)
[2026-09-15 01:43:54] [PELANDO]   Falha ao acessar KaBuM!
[2026-09-15 01:43:56] [PELANDO] Scraping Mercado Livre (https://www.pelando.com.br/cupons-de-descontos/mercado-livre)
[2026-09-15 01:44:00] [PELANDO]   Falha ao acessar Mercado Livre
[2026-09-15 01:44:02] [PELANDO] Scraping Shopee (https://www.pelando.com.br/cupons-de-descontos/shopee)
[2026-09-15 01:44:06] [PELANDO]   Falha ao acessar Shopee
[2026-09-15 01:44:08] [PELANDO] Scraping Magazine Luiza (https://www.pelando.com.br/cupons-de-descontos/magalu)
[2026-09-15 01:44:13] [PELANDO]   Falha ao acessar Magazine Luiza
[2026-09-15 01:44:15] [PELANDO] Scraping AliExpress (https://www.pelando.com.br/cupons-de-descontos/aliexpress)
[2026-09-15 01:44:19] [PELANDO]   Falha ao acessar AliExpress
[2026-09-15 01:44:21] [PELANDO] Scraping Pichau (https://www.pelando.com.br/cupons-de-descontos/pichau)
[2026-09-15 01:44:25] [PELANDO]   Falha ao acessar Pichau
[2026-09-15 01:44:27] [PELANDO] Scraping Terabyte Shop (https://www.pelando.com.br/cupons-de-descontos/terabyte)
[2026-09-15 01:44:31] [PELANDO]   Falha ao acessar Terabyte Shop
[2026-09-15 01:44:33] [PELANDO] Completado: 0 Pelando + 5 manuales = 5 total
[2026-09-15 01:44:33] [AGENTE-ML] Consultando scraping de ofertas en Mercado Livre...
[2026-09-15 01:45:29] [AGENTE-ML] Scraping ML: 1094 ofertas obtenidas
[2026-09-15 01:45:29] [AGENTE-ML] Guardados 40 achados en achados_ml.json
[2026-09-15 01:45:29] [AGENTE-AMAZON] Cosechando Bestsellers y ofertas de categorías Amazon...
[2026-09-15 01:45:50] [AGENTE-AMAZON] Amazon direct: 0 ofertas cosechadas
[2026-09-15 01:45:50] [AGENTE-AMAZON] Cosechando ofertas quentes de Amazon en Pelando...
[2026-09-15 01:45:50] [AGENTE-AMAZON] Amazon Pelando: 0 ofertas obtenidas
[2026-09-15 01:45:50] [AGENTE-AMAZON] Guardados 0 achados en achados_amazon.json
[2026-09-15 15:21:17] [PELANDO] Scraping Amazon (https://www.pelando.com.br/cupons-de-descontos/amazon)
[2026-09-15 15:21:22] [PELANDO]   Falha ao acessar Amazon
[2026-09-15 15:21:24] [PELANDO] Scraping KaBuM! (https://www.pelando.com.br/cupons-de-descontos/kabum)
[2026-09-15 15:21:28] [PELANDO]   Falha ao acessar KaBuM!
[2026-09-15 15:21:30] [PELANDO] Scraping Mercado Livre (https://www.pelando.com.br/cupons-de-descontos/mercado-livre)
[2026-09-15 15:21:34] [PELANDO]   Falha ao acessar Mercado Livre
[2026-09-15 15:21:36] [PELANDO] Scraping Shopee (https://www.pelando.com.br/cupons-de-descontos/shopee)
[2026-09-15 15:21:41] [PELANDO]   Falha ao acessar Shopee
[2026-09-15 15:21:43] [PELANDO] Scraping Magazine Luiza (https://www.pelando.com.br/cupons-de-descontos/magalu)
[2026-09-15 15:21:47] [PELANDO]   Falha ao acessar Magazine Luiza
[2026-09-15 15:21:49] [PELANDO] Scraping AliExpress (https://www.pelando.com.br/cupons-de-descontos/aliexpress)
[2026-09-15 15:21:53] [PELANDO]   Falha ao acessar AliExpress
[2026-09-15 15:21:55] [PELANDO] Scraping Pichau (https://www.pelando.com.br/cupons-de-descontos/pichau)
[2026-09-15 15:22:00] [PELANDO]   Falha ao acessar Pichau
[2026-09-15 15:22:02] [PELANDO] Scraping Terabyte Shop (https://www.pelando.com.br/cupons-de-descontos/terabyte)
[2026-09-15 15:22:06] [PELANDO]   Falha ao acessar Terabyte Shop
[2026-09-15 15:22:08] [PELANDO] Completado: 0 Pelando + 5 manuales = 5 total
[2026-09-15 15:22:08] [AGENTE-ML] Consultando scraping de ofertas en Mercado Livre...
[2026-09-15 15:23:04] [AGENTE-ML] Scraping ML: 963 ofertas obtenidas
[2026-09-15 15:23:04] [AGENTE-ML] Guardados 40 achados en achados_ml.json
[2026-09-15 15:23:04] [AGENTE-AMAZON] Cosechando Bestsellers y ofertas de categorías Amazon...
[2026-09-15 15:23:27] [AGENTE-AMAZON] Amazon direct: 60 ofertas cosechadas
[2026-09-15 15:23:27] [AGENTE-AMAZON] Cosechando ofertas quentes de Amazon en Pelando...
[2026-09-15 15:23:27] [AGENTE-AMAZON] Amazon Pelando: 0 ofertas obtenidas
[2026-09-15 15:23:27] [AGENTE-AMAZON] Guardados 40 achados en achados_amazon.json
[2026-09-15 19:08:28] [PELANDO] Scraping Amazon (https://www.pelando.com.br/cupons-de-descontos/amazon)
[2026-09-15 19:08:33] [PELANDO]   Falha ao acessar Amazon
[2026-09-15 19:08:35] [PELANDO] Scraping KaBuM! (https://www.pelando.com.br/cupons-de-descontos/kabum)
[2026-09-15 19:08:39] [PELANDO]   Falha ao acessar KaBuM!
[2026-09-15 19:08:41] [PELANDO] Scraping Mercado Livre (https://www.pelando.com.br/cupons-de-descontos/mercado-livre)
[2026-09-15 19:08:45] [PELANDO]   Falha ao acessar Mercado Livre
[2026-09-15 19:08:47] [PELANDO] Scraping Shopee (https://www.pelando.com.br/cupons-de-descontos/shopee)
[2026-09-15 19:08:51] [PELANDO]   Falha ao acessar Shopee
[2026-09-15 19:08:53] [PELANDO] Scraping Magazine Luiza (https://www.pelando.com.br/cupons-de-descontos/magalu)
[2026-09-15 19:08:57] [PELANDO]   Falha ao acessar Magazine Luiza
[2026-09-15 19:08:59] [PELANDO] Scraping AliExpress (https://www.pelando.com.br/cupons-de-descontos/aliexpress)
[2026-09-15 19:09:03] [PELANDO]   Falha ao acessar AliExpress
[2026-09-15 19:09:05] [PELANDO] Scraping Pichau (https://www.pelando.com.br/cupons-de-descontos/pichau)
[2026-09-15 19:09:09] [PELANDO]   Falha ao acessar Pichau
[2026-09-15 19:09:11] [PELANDO] Scraping Terabyte Shop (https://www.pelando.com.br/cupons-de-descontos/terabyte)
[2026-09-15 19:09:15] [PELANDO]   Falha ao acessar Terabyte Shop
[2026-09-15 19:09:17] [PELANDO] Completado: 0 Pelando + 5 manuales = 5 total
[2026-09-15 19:09:18] [AGENTE-ML] Consultando scraping de ofertas en Mercado Livre...
[2026-09-15 19:10:18] [AGENTE-ML] Scraping ML: 1031 ofertas obtenidas
[2026-09-15 19:10:18] [AGENTE-ML] Guardados 40 achados en achados_ml.json
[2026-09-15 19:10:18] [AGENTE-AMAZON] Cosechando Bestsellers y ofertas de categorías Amazon...
[2026-09-15 19:10:41] [AGENTE-AMAZON] Amazon direct: 59 ofertas cosechadas
[2026-09-15 19:10:41] [AGENTE-AMAZON] Cosechando ofertas quentes de Amazon en Pelando...
[2026-09-15 19:10:41] [AGENTE-AMAZON] Amazon Pelando: 0 ofertas obtenidas
[2026-09-15 19:10:41] [AGENTE-AMAZON] Guardados 40 achados en achados_amazon.json
[2026-09-15 22:12:22] [PELANDO] Scraping Amazon (https://www.pelando.com.br/cupons-de-descontos/amazon)
[2026-09-15 22:12:27] [PELANDO]   Falha ao acessar Amazon
[2026-09-15 22:12:29] [PELANDO] Scraping KaBuM! (https://www.pelando.com.br/cupons-de-descontos/kabum)
[2026-09-15 22:12:34] [PELANDO]   Falha ao acessar KaBuM!
[2026-09-15 22:12:36] [PELANDO] Scraping Mercado Livre (https://www.pelando.com.br/cupons-de-descontos/mercado-livre)
[2026-09-15 22:12:40] [PELANDO]   Falha ao acessar Mercado Livre
[2026-09-15 22:12:42] [PELANDO] Scraping Shopee (https://www.pelando.com.br/cupons-de-descontos/shopee)
[2026-09-15 22:12:47] [PELANDO]   Falha ao acessar Shopee
[2026-09-15 22:12:49] [PELANDO] Scraping Magazine Luiza (https://www.pelando.com.br/cupons-de-descontos/magalu)
[2026-09-15 22:12:54] [PELANDO]   Falha ao acessar Magazine Luiza
[2026-09-15 22:12:56] [PELANDO] Scraping AliExpress (https://www.pelando.com.br/cupons-de-descontos/aliexpress)
[2026-09-15 22:13:00] [PELANDO]   Falha ao acessar AliExpress
[2026-09-15 22:13:02] [PELANDO] Scraping Pichau (https://www.pelando.com.br/cupons-de-descontos/pichau)
[2026-09-15 22:13:07] [PELANDO]   Falha ao acessar Pichau
[2026-09-15 22:13:09] [PELANDO] Scraping Terabyte Shop (https://www.pelando.com.br/cupons-de-descontos/terabyte)
[2026-09-15 22:13:13] [PELANDO]   Falha ao acessar Terabyte Shop
[2026-09-15 22:13:15] [PELANDO] Completado: 0 Pelando + 5 manuales = 5 total
[2026-09-15 22:13:15] [AGENTE-ML] Consultando scraping de ofertas en Mercado Livre...
[2026-09-15 22:14:16] [AGENTE-ML] Scraping ML: 1094 ofertas obtenidas
[2026-09-15 22:14:16] [AGENTE-ML] Guardados 40 achados en achados_ml.json
[2026-09-15 22:14:16] [AGENTE-AMAZON] Cosechando Bestsellers y ofertas de categorías Amazon...
[2026-09-15 22:14:41] [AGENTE-AMAZON] Amazon direct: 89 ofertas cosechadas
[2026-09-15 22:14:41] [AGENTE-AMAZON] Cosechando ofertas quentes de Amazon en Pelando...
[2026-09-15 22:14:41] [AGENTE-AMAZON] Amazon Pelando: 0 ofertas obtenidas
[2026-09-15 22:14:41] [AGENTE-AMAZON] Guardados 40 achados en achados_amazon.json
[2026-09-16 00:18:56] [PELANDO] Scraping Amazon (https://www.pelando.com.br/cupons-de-descontos/amazon)
[2026-09-16 00:19:01] [PELANDO]   Falha ao acessar Amazon
[2026-09-16 00:19:03] [PELANDO] Scraping KaBuM! (https://www.pelando.com.br/cupons-de-descontos/kabum)
[2026-09-16 00:19:07] [PELANDO]   Falha ao acessar KaBuM!
[2026-09-16 00:19:09] [PELANDO] Scraping Mercado Livre (https://www.pelando.com.br/cupons-de-descontos/mercado-livre)
[2026-09-16 00:19:13] [PELANDO]   Falha ao acessar Mercado Livre
[2026-09-16 00:19:15] [PELANDO] Scraping Shopee (https://www.pelando.com.br/cupons-de-descontos/shopee)
[2026-09-16 00:19:19] [PELANDO]   Falha ao acessar Shopee
[2026-09-16 00:19:21] [PELANDO] Scraping Magazine Luiza (https://www.pelando.com.br/cupons-de-descontos/magalu)
[2026-09-16 00:19:25] [PELANDO]   Falha ao acessar Magazine Luiza
[2026-09-16 00:19:27] [PELANDO] Scraping AliExpress (https://www.pelando.com.br/cupons-de-descontos/aliexpress)
[2026-09-16 00:19:31] [PELANDO]   Falha ao acessar AliExpress
[2026-09-16 00:19:33] [PELANDO] Scraping Pichau (https://www.pelando.com.br/cupons-de-descontos/pichau)
[2026-09-16 00:19:37] [PELANDO]   Falha ao acessar Pichau
[2026-09-16 00:19:39] [PELANDO] Scraping Terabyte Shop (https://www.pelando.com.br/cupons-de-descontos/terabyte)
[2026-09-16 00:19:43] [PELANDO]   Falha ao acessar Terabyte Shop
[2026-09-16 00:19:45] [PELANDO] Completado: 0 Pelando + 5 manuales = 5 total
[2026-09-16 00:19:46] [AGENTE-ML] Consultando scraping de ofertas en Mercado Livre...
[2026-09-16 00:20:43] [AGENTE-ML] Scraping ML: 1096 ofertas obtenidas
[2026-09-16 00:20:43] [AGENTE-ML] Guardados 40 achados en achados_ml.json
[2026-09-16 00:20:43] [AGENTE-AMAZON] Cosechando Bestsellers y ofertas de categorías Amazon...
[2026-09-16 00:21:06] [AGENTE-AMAZON] Amazon direct: 89 ofertas cosechadas
[2026-09-16 00:21:06] [AGENTE-AMAZON] Cosechando ofertas quentes de Amazon en Pelando...
[2026-09-16 00:21:06] [AGENTE-AMAZON] Amazon Pelando: 0 ofertas obtenidas
[2026-09-16 00:21:06] [AGENTE-AMAZON] Guardados 40 achados en achados_amazon.json
[2026-09-16 15:13:26] [PELANDO] Scraping Amazon (https://www.pelando.com.br/cupons-de-descontos/amazon)
[2026-09-16 15:13:30] [PELANDO]   Falha ao acessar Amazon
[2026-09-16 15:13:32] [PELANDO] Scraping KaBuM! (https://www.pelando.com.br/cupons-de-descontos/kabum)
[2026-09-16 15:13:37] [PELANDO]   Falha ao acessar KaBuM!
[2026-09-16 15:13:39] [PELANDO] Scraping Mercado Livre (https://www.pelando.com.br/cupons-de-descontos/mercado-livre)
[2026-09-16 15:13:43] [PELANDO]   Falha ao acessar Mercado Livre
[2026-09-16 15:13:45] [PELANDO] Scraping Shopee (https://www.pelando.com.br/cupons-de-descontos/shopee)
[2026-09-16 15:13:50] [PELANDO]   Falha ao acessar Shopee
[2026-09-16 15:13:52] [PELANDO] Scraping Magazine Luiza (https://www.pelando.com.br/cupons-de-descontos/magalu)
[2026-09-16 15:13:57] [PELANDO]   Falha ao acessar Magazine Luiza
[2026-09-16 15:13:59] [PELANDO] Scraping AliExpress (https://www.pelando.com.br/cupons-de-descontos/aliexpress)
[2026-09-16 15:14:03] [PELANDO]   Falha ao acessar AliExpress
[2026-09-16 15:14:05] [PELANDO] Scraping Pichau (https://www.pelando.com.br/cupons-de-descontos/pichau)
[2026-09-16 15:14:10] [PELANDO]   Falha ao acessar Pichau
[2026-09-16 15:14:12] [PELANDO] Scraping Terabyte Shop (https://www.pelando.com.br/cupons-de-descontos/terabyte)
[2026-09-16 15:14:16] [PELANDO]   Falha ao acessar Terabyte Shop
[2026-09-16 15:14:18] [PELANDO] Completado: 0 Pelando + 5 manuales = 5 total
[2026-09-16 15:14:18] [AGENTE-ML] Consultando scraping de ofertas en Mercado Livre...
[2026-09-16 15:15:16] [AGENTE-ML] Scraping ML: 1093 ofertas obtenidas
[2026-09-16 15:15:16] [AGENTE-ML] Guardados 40 achados en achados_ml.json
[2026-09-16 15:15:16] [AGENTE-AMAZON] Cosechando Bestsellers y ofertas de categorías Amazon...
[2026-09-16 15:15:40] [AGENTE-AMAZON] Amazon direct: 57 ofertas cosechadas
[2026-09-16 15:15:40] [AGENTE-AMAZON] Cosechando ofertas quentes de Amazon en Pelando...
[2026-09-16 15:15:40] [AGENTE-AMAZON] Amazon Pelando: 0 ofertas obtenidas
[2026-09-16 15:15:40] [AGENTE-AMAZON] Guardados 40 achados en achados_amazon.json
[2026-09-16 18:54:40] [PELANDO] Scraping Amazon (https://www.pelando.com.br/cupons-de-descontos/amazon)
[2026-09-16 18:54:44] [PELANDO]   Falha ao acessar Amazon
[2026-09-16 18:54:46] [PELANDO] Scraping KaBuM! (https://www.pelando.com.br/cupons-de-descontos/kabum)
[2026-09-16 18:54:51] [PELANDO]   Falha ao acessar KaBuM!
[2026-09-16 18:54:53] [PELANDO] Scraping Mercado Livre (https://www.pelando.com.br/cupons-de-descontos/mercado-livre)
[2026-09-16 18:54:58] [PELANDO]   Falha ao acessar Mercado Livre
[2026-09-16 18:55:00] [PELANDO] Scraping Shopee (https://www.pelando.com.br/cupons-de-descontos/shopee)
[2026-09-16 18:55:04] [PELANDO]   Falha ao acessar Shopee
[2026-09-16 18:55:06] [PELANDO] Scraping Magazine Luiza (https://www.pelando.com.br/cupons-de-descontos/magalu)
[2026-09-16 18:55:11] [PELANDO]   Falha ao acessar Magazine Luiza
[2026-09-16 18:55:13] [PELANDO] Scraping AliExpress (https://www.pelando.com.br/cupons-de-descontos/aliexpress)
[2026-09-16 18:55:17] [PELANDO]   Falha ao acessar AliExpress
[2026-09-16 18:55:19] [PELANDO] Scraping Pichau (https://www.pelando.com.br/cupons-de-descontos/pichau)
[2026-09-16 18:55:24] [PELANDO]   Falha ao acessar Pichau
[2026-09-16 18:55:26] [PELANDO] Scraping Terabyte Shop (https://www.pelando.com.br/cupons-de-descontos/terabyte)
[2026-09-16 18:55:30] [PELANDO]   Falha ao acessar Terabyte Shop
[2026-09-16 18:55:32] [PELANDO] Completado: 0 Pelando + 5 manuales = 5 total
[2026-09-16 18:55:33] [AGENTE-ML] Consultando scraping de ofertas en Mercado Livre...
[2026-09-16 18:56:34] [AGENTE-ML] Scraping ML: 1096 ofertas obtenidas
[2026-09-16 18:56:34] [AGENTE-ML] Guardados 40 achados en achados_ml.json
[2026-09-16 18:56:34] [AGENTE-AMAZON] Cosechando Bestsellers y ofertas de categorías Amazon...
[2026-09-16 18:56:58] [AGENTE-AMAZON] Amazon direct: 60 ofertas cosechadas
[2026-09-16 18:56:58] [AGENTE-AMAZON] Cosechando ofertas quentes de Amazon en Pelando...
[2026-09-16 18:56:58] [AGENTE-AMAZON] Amazon Pelando: 0 ofertas obtenidas
[2026-09-16 18:56:58] [AGENTE-AMAZON] Guardados 40 achados en achados_amazon.json
[2026-09-16 21:48:45] [PELANDO] Scraping Amazon (https://www.pelando.com.br/cupons-de-descontos/amazon)
[2026-09-16 21:48:49] [PELANDO]   Falha ao acessar Amazon
[2026-09-16 21:48:51] [PELANDO] Scraping KaBuM! (https://www.pelando.com.br/cupons-de-descontos/kabum)
[2026-09-16 21:48:55] [PELANDO]   Falha ao acessar KaBuM!
[2026-09-16 21:48:57] [PELANDO] Scraping Mercado Livre (https://www.pelando.com.br/cupons-de-descontos/mercado-livre)
[2026-09-16 21:49:01] [PELANDO]   Falha ao acessar Mercado Livre
[2026-09-16 21:49:03] [PELANDO] Scraping Shopee (https://www.pelando.com.br/cupons-de-descontos/shopee)
[2026-09-16 21:49:08] [PELANDO]   Falha ao acessar Shopee
[2026-09-16 21:49:10] [PELANDO] Scraping Magazine Luiza (https://www.pelando.com.br/cupons-de-descontos/magalu)
[2026-09-16 21:49:14] [PELANDO]   Falha ao acessar Magazine Luiza
[2026-09-16 21:49:16] [PELANDO] Scraping AliExpress (https://www.pelando.com.br/cupons-de-descontos/aliexpress)
[2026-09-16 21:49:20] [PELANDO]   Falha ao acessar AliExpress
[2026-09-16 21:49:22] [PELANDO] Scraping Pichau (https://www.pelando.com.br/cupons-de-descontos/pichau)
[2026-09-16 21:49:26] [PELANDO]   Falha ao acessar Pichau
[2026-09-16 21:49:28] [PELANDO] Scraping Terabyte Shop (https://www.pelando.com.br/cupons-de-descontos/terabyte)
[2026-09-16 21:49:32] [PELANDO]   Falha ao acessar Terabyte Shop
[2026-09-16 21:49:34] [PELANDO] Completado: 0 Pelando + 5 manuales = 5 total
[2026-09-16 21:49:34] [AGENTE-ML] Consultando scraping de ofertas en Mercado Livre...
[2026-09-16 21:50:29] [AGENTE-ML] Scraping ML: 1092 ofertas obtenidas
[2026-09-16 21:50:29] [AGENTE-ML] Guardados 40 achados en achados_ml.json
[2026-09-16 21:50:29] [AGENTE-AMAZON] Cosechando Bestsellers y ofertas de categorías Amazon...
[2026-09-16 21:50:50] [AGENTE-AMAZON] Amazon direct: 29 ofertas cosechadas
[2026-09-16 21:50:50] [AGENTE-AMAZON] Cosechando ofertas quentes de Amazon en Pelando...
[2026-09-16 21:50:50] [AGENTE-AMAZON] Amazon Pelando: 0 ofertas obtenidas
[2026-09-16 21:50:50] [AGENTE-AMAZON] Guardados 29 achados en achados_amazon.json
[2026-09-16 23:59:13] [PELANDO] Scraping Amazon (https://www.pelando.com.br/cupons-de-descontos/amazon)
[2026-09-16 23:59:18] [PELANDO]   Falha ao acessar Amazon
[2026-09-16 23:59:20] [PELANDO] Scraping KaBuM! (https://www.pelando.com.br/cupons-de-descontos/kabum)
[2026-09-16 23:59:24] [PELANDO]   Falha ao acessar KaBuM!
[2026-09-16 23:59:26] [PELANDO] Scraping Mercado Livre (https://www.pelando.com.br/cupons-de-descontos/mercado-livre)
[2026-09-16 23:59:30] [PELANDO]   Falha ao acessar Mercado Livre
[2026-09-16 23:59:32] [PELANDO] Scraping Shopee (https://www.pelando.com.br/cupons-de-descontos/shopee)
[2026-09-16 23:59:36] [PELANDO]   Falha ao acessar Shopee
[2026-09-16 23:59:38] [PELANDO] Scraping Magazine Luiza (https://www.pelando.com.br/cupons-de-descontos/magalu)
[2026-09-16 23:59:42] [PELANDO]   Falha ao acessar Magazine Luiza
[2026-09-16 23:59:44] [PELANDO] Scraping AliExpress (https://www.pelando.com.br/cupons-de-descontos/aliexpress)
[2026-09-16 23:59:48] [PELANDO]   Falha ao acessar AliExpress
[2026-09-16 23:59:50] [PELANDO] Scraping Pichau (https://www.pelando.com.br/cupons-de-descontos/pichau)
[2026-09-16 23:59:54] [PELANDO]   Falha ao acessar Pichau
[2026-09-16 23:59:56] [PELANDO] Scraping Terabyte Shop (https://www.pelando.com.br/cupons-de-descontos/terabyte)
[2026-09-17 00:00:00] [PELANDO]   Falha ao acessar Terabyte Shop
[2026-09-17 00:00:02] [PELANDO] Completado: 0 Pelando + 5 manuales = 5 total
[2026-09-17 00:00:03] [AGENTE-ML] Consultando scraping de ofertas en Mercado Livre...
[2026-09-17 00:00:58] [AGENTE-ML] Scraping ML: 1096 ofertas obtenidas
[2026-09-17 00:00:58] [AGENTE-ML] Guardados 40 achados en achados_ml.json
[2026-09-17 00:00:58] [AGENTE-AMAZON] Cosechando Bestsellers y ofertas de categorías Amazon...
[2026-09-17 00:01:21] [AGENTE-AMAZON] Amazon direct: 90 ofertas cosechadas
[2026-09-17 00:01:21] [AGENTE-AMAZON] Cosechando ofertas quentes de Amazon en Pelando...
[2026-09-17 00:01:21] [AGENTE-AMAZON] Amazon Pelando: 0 ofertas obtenidas
[2026-09-17 00:01:21] [AGENTE-AMAZON] Guardados 40 achados en achados_amazon.json
[2026-09-17 15:22:47] [PELANDO] Scraping Amazon (https://www.pelando.com.br/cupons-de-descontos/amazon)
[2026-09-17 15:22:51] [PELANDO]   Falha ao acessar Amazon
[2026-09-17 15:22:53] [PELANDO] Scraping KaBuM! (https://www.pelando.com.br/cupons-de-descontos/kabum)
[2026-09-17 15:22:58] [PELANDO]   Falha ao acessar KaBuM!
[2026-09-17 15:23:00] [PELANDO] Scraping Mercado Livre (https://www.pelando.com.br/cupons-de-descontos/mercado-livre)
[2026-09-17 15:23:04] [PELANDO]   Falha ao acessar Mercado Livre
[2026-09-17 15:23:06] [PELANDO] Scraping Shopee (https://www.pelando.com.br/cupons-de-descontos/shopee)
[2026-09-17 15:23:10] [PELANDO]   Falha ao acessar Shopee
[2026-09-17 15:23:12] [PELANDO] Scraping Magazine Luiza (https://www.pelando.com.br/cupons-de-descontos/magalu)
[2026-09-17 15:23:16] [PELANDO]   Falha ao acessar Magazine Luiza
[2026-09-17 15:23:18] [PELANDO] Scraping AliExpress (https://www.pelando.com.br/cupons-de-descontos/aliexpress)
[2026-09-17 15:23:22] [PELANDO]   Falha ao acessar AliExpress
[2026-09-17 15:23:24] [PELANDO] Scraping Pichau (https://www.pelando.com.br/cupons-de-descontos/pichau)
[2026-09-17 15:23:28] [PELANDO]   Falha ao acessar Pichau
[2026-09-17 15:23:30] [PELANDO] Scraping Terabyte Shop (https://www.pelando.com.br/cupons-de-descontos/terabyte)
[2026-09-17 15:23:34] [PELANDO]   Falha ao acessar Terabyte Shop
[2026-09-17 15:23:36] [PELANDO] Completado: 0 Pelando + 5 manuales = 5 total
[2026-09-17 15:23:36] [AGENTE-ML] Consultando scraping de ofertas en Mercado Livre...
[2026-09-17 15:24:34] [AGENTE-ML] Scraping ML: 1030 ofertas obtenidas
[2026-09-17 15:24:34] [AGENTE-ML] Guardados 40 achados en achados_ml.json
[2026-09-17 15:24:34] [AGENTE-AMAZON] Cosechando Bestsellers y ofertas de categorías Amazon...
[2026-09-17 15:24:58] [AGENTE-AMAZON] Amazon direct: 144 ofertas cosechadas
[2026-09-17 15:24:58] [AGENTE-AMAZON] Cosechando ofertas quentes de Amazon en Pelando...
[2026-09-17 15:24:58] [AGENTE-AMAZON] Amazon Pelando: 0 ofertas obtenidas
[2026-09-17 15:24:58] [AGENTE-AMAZON] Guardados 40 achados en achados_amazon.json
[2026-09-17 19:08:32] [PELANDO] Scraping Amazon (https://www.pelando.com.br/cupons-de-descontos/amazon)
[2026-09-17 19:08:36] [PELANDO]   Falha ao acessar Amazon
[2026-09-17 19:08:38] [PELANDO] Scraping KaBuM! (https://www.pelando.com.br/cupons-de-descontos/kabum)
[2026-09-17 19:08:42] [PELANDO]   Falha ao acessar KaBuM!
[2026-09-17 19:08:44] [PELANDO] Scraping Mercado Livre (https://www.pelando.com.br/cupons-de-descontos/mercado-livre)
[2026-09-17 19:08:49] [PELANDO]   Falha ao acessar Mercado Livre
[2026-09-17 19:08:51] [PELANDO] Scraping Shopee (https://www.pelando.com.br/cupons-de-descontos/shopee)
[2026-09-17 19:08:55] [PELANDO]   Falha ao acessar Shopee
[2026-09-17 19:08:57] [PELANDO] Scraping Magazine Luiza (https://www.pelando.com.br/cupons-de-descontos/magalu)
[2026-09-17 19:09:02] [PELANDO]   Falha ao acessar Magazine Luiza
[2026-09-17 19:09:04] [PELANDO] Scraping AliExpress (https://www.pelando.com.br/cupons-de-descontos/aliexpress)
[2026-09-17 19:09:08] [PELANDO]   Falha ao acessar AliExpress
[2026-09-17 19:09:10] [PELANDO] Scraping Pichau (https://www.pelando.com.br/cupons-de-descontos/pichau)
[2026-09-17 19:09:14] [PELANDO]   Falha ao acessar Pichau
[2026-09-17 19:09:16] [PELANDO] Scraping Terabyte Shop (https://www.pelando.com.br/cupons-de-descontos/terabyte)
[2026-09-17 19:09:21] [PELANDO]   Falha ao acessar Terabyte Shop
[2026-09-17 19:09:23] [PELANDO] Completado: 0 Pelando + 5 manuales = 5 total
[2026-09-17 19:09:23] [AGENTE-ML] Consultando scraping de ofertas en Mercado Livre...
[2026-09-17 19:10:18] [AGENTE-ML] Scraping ML: 1009 ofertas obtenidas
[2026-09-17 19:10:18] [AGENTE-ML] Guardados 40 achados en achados_ml.json
[2026-09-17 19:10:18] [AGENTE-AMAZON] Cosechando Bestsellers y ofertas de categorías Amazon...
[2026-09-17 19:10:42] [AGENTE-AMAZON] Amazon direct: 59 ofertas cosechadas
[2026-09-17 19:10:42] [AGENTE-AMAZON] Cosechando ofertas quentes de Amazon en Pelando...
[2026-09-17 19:10:43] [AGENTE-AMAZON] Amazon Pelando: 0 ofertas obtenidas
[2026-09-17 19:10:43] [AGENTE-AMAZON] Guardados 40 achados en achados_amazon.json
[2026-09-17 22:07:38] [PELANDO] Scraping Amazon (https://www.pelando.com.br/cupons-de-descontos/amazon)
[2026-09-17 22:07:43] [PELANDO]   Falha ao acessar Amazon
[2026-09-17 22:07:45] [PELANDO] Scraping KaBuM! (https://www.pelando.com.br/cupons-de-descontos/kabum)
[2026-09-17 22:07:49] [PELANDO]   Falha ao acessar KaBuM!
[2026-09-17 22:07:51] [PELANDO] Scraping Mercado Livre (https://www.pelando.com.br/cupons-de-descontos/mercado-livre)
[2026-09-17 22:07:55] [PELANDO]   Falha ao acessar Mercado Livre
[2026-09-17 22:07:57] [PELANDO] Scraping Shopee (https://www.pelando.com.br/cupons-de-descontos/shopee)
[2026-09-17 22:08:02] [PELANDO]   Falha ao acessar Shopee
[2026-09-17 22:08:04] [PELANDO] Scraping Magazine Luiza (https://www.pelando.com.br/cupons-de-descontos/magalu)
[2026-09-17 22:08:08] [PELANDO]   Falha ao acessar Magazine Luiza
[2026-09-17 22:08:10] [PELANDO] Scraping AliExpress (https://www.pelando.com.br/cupons-de-descontos/aliexpress)
[2026-09-17 22:08:14] [PELANDO]   Falha ao acessar AliExpress
[2026-09-17 22:08:16] [PELANDO] Scraping Pichau (https://www.pelando.com.br/cupons-de-descontos/pichau)
[2026-09-17 22:08:20] [PELANDO]   Falha ao acessar Pichau
[2026-09-17 22:08:22] [PELANDO] Scraping Terabyte Shop (https://www.pelando.com.br/cupons-de-descontos/terabyte)
[2026-09-17 22:08:27] [PELANDO]   Falha ao acessar Terabyte Shop
[2026-09-17 22:08:29] [PELANDO] Completado: 0 Pelando + 5 manuales = 5 total
[2026-09-17 22:08:29] [AGENTE-ML] Consultando scraping de ofertas en Mercado Livre...
[2026-09-17 22:09:29] [AGENTE-ML] Scraping ML: 1014 ofertas obtenidas
[2026-09-17 22:09:29] [AGENTE-ML] Guardados 40 achados en achados_ml.json
[2026-09-17 22:09:29] [AGENTE-AMAZON] Cosechando Bestsellers y ofertas de categorías Amazon...
[2026-09-17 22:09:53] [AGENTE-AMAZON] Amazon direct: 90 ofertas cosechadas
[2026-09-17 22:09:53] [AGENTE-AMAZON] Cosechando ofertas quentes de Amazon en Pelando...
[2026-09-17 22:09:53] [AGENTE-AMAZON] Amazon Pelando: 0 ofertas obtenidas
[2026-09-17 22:09:53] [AGENTE-AMAZON] Guardados 40 achados en achados_amazon.json
[2026-09-18 00:14:20] [PELANDO] Scraping Amazon (https://www.pelando.com.br/cupons-de-descontos/amazon)
[2026-09-18 00:14:24] [PELANDO]   Falha ao acessar Amazon
[2026-09-18 00:14:26] [PELANDO] Scraping KaBuM! (https://www.pelando.com.br/cupons-de-descontos/kabum)
[2026-09-18 00:14:30] [PELANDO]   Falha ao acessar KaBuM!
[2026-09-18 00:14:32] [PELANDO] Scraping Mercado Livre (https://www.pelando.com.br/cupons-de-descontos/mercado-livre)
[2026-09-18 00:14:37] [PELANDO]   Falha ao acessar Mercado Livre
[2026-09-18 00:14:39] [PELANDO] Scraping Shopee (https://www.pelando.com.br/cupons-de-descontos/shopee)
[2026-09-18 00:14:43] [PELANDO]   Falha ao acessar Shopee
[2026-09-18 00:14:45] [PELANDO] Scraping Magazine Luiza (https://www.pelando.com.br/cupons-de-descontos/magalu)
[2026-09-18 00:14:49] [PELANDO]   Falha ao acessar Magazine Luiza
[2026-09-18 00:14:51] [PELANDO] Scraping AliExpress (https://www.pelando.com.br/cupons-de-descontos/aliexpress)
[2026-09-18 00:14:55] [PELANDO]   Falha ao acessar AliExpress
[2026-09-18 00:14:57] [PELANDO] Scraping Pichau (https://www.pelando.com.br/cupons-de-descontos/pichau)
[2026-09-18 00:15:01] [PELANDO]   Falha ao acessar Pichau
[2026-09-18 00:15:03] [PELANDO] Scraping Terabyte Shop (https://www.pelando.com.br/cupons-de-descontos/terabyte)
[2026-09-18 00:15:08] [PELANDO]   Falha ao acessar Terabyte Shop
[2026-09-18 00:15:10] [PELANDO] Completado: 0 Pelando + 5 manuales = 5 total
[2026-09-18 00:15:10] [AGENTE-ML] Consultando scraping de ofertas en Mercado Livre...
[2026-09-18 00:16:06] [AGENTE-ML] Scraping ML: 1055 ofertas obtenidas
[2026-09-18 00:16:06] [AGENTE-ML] Guardados 40 achados en achados_ml.json
[2026-09-18 00:16:06] [AGENTE-AMAZON] Cosechando Bestsellers y ofertas de categorías Amazon...
[2026-09-18 00:16:28] [AGENTE-AMAZON] Amazon direct: 0 ofertas cosechadas
[2026-09-18 00:16:28] [AGENTE-AMAZON] Cosechando ofertas quentes de Amazon en Pelando...
[2026-09-18 00:16:28] [AGENTE-AMAZON] Amazon Pelando: 0 ofertas obtenidas
[2026-09-18 00:16:28] [AGENTE-AMAZON] Guardados 0 achados en achados_amazon.json
[2026-09-18 14:42:49] [PELANDO] Scraping Amazon (https://www.pelando.com.br/cupons-de-descontos/amazon)
[2026-09-18 14:42:54] [PELANDO]   Falha ao acessar Amazon
[2026-09-18 14:42:56] [PELANDO] Scraping KaBuM! (https://www.pelando.com.br/cupons-de-descontos/kabum)
[2026-09-18 14:43:00] [PELANDO]   Falha ao acessar KaBuM!
[2026-09-18 14:43:02] [PELANDO] Scraping Mercado Livre (https://www.pelando.com.br/cupons-de-descontos/mercado-livre)
[2026-09-18 14:43:06] [PELANDO]   Falha ao acessar Mercado Livre
[2026-09-18 14:43:08] [PELANDO] Scraping Shopee (https://www.pelando.com.br/cupons-de-descontos/shopee)
[2026-09-18 14:43:12] [PELANDO]   Falha ao acessar Shopee
[2026-09-18 14:43:14] [PELANDO] Scraping Magazine Luiza (https://www.pelando.com.br/cupons-de-descontos/magalu)
[2026-09-18 14:43:19] [PELANDO]   Falha ao acessar Magazine Luiza
[2026-09-18 14:43:21] [PELANDO] Scraping AliExpress (https://www.pelando.com.br/cupons-de-descontos/aliexpress)
[2026-09-18 14:43:25] [PELANDO]   Falha ao acessar AliExpress
[2026-09-18 14:43:27] [PELANDO] Scraping Pichau (https://www.pelando.com.br/cupons-de-descontos/pichau)
[2026-09-18 14:43:31] [PELANDO]   Falha ao acessar Pichau
[2026-09-18 14:43:33] [PELANDO] Scraping Terabyte Shop (https://www.pelando.com.br/cupons-de-descontos/terabyte)
[2026-09-18 14:43:37] [PELANDO]   Falha ao acessar Terabyte Shop
[2026-09-18 14:43:39] [PELANDO] Completado: 0 Pelando + 5 manuales = 5 total
[2026-09-18 14:43:39] [AGENTE-ML] Consultando scraping de ofertas en Mercado Livre...
[2026-09-18 14:44:35] [AGENTE-ML] Scraping ML: 1073 ofertas obtenidas
[2026-09-18 14:44:35] [AGENTE-ML] Guardados 40 achados en achados_ml.json
[2026-09-18 14:44:35] [AGENTE-AMAZON] Cosechando Bestsellers y ofertas de categorías Amazon...
[2026-09-18 14:44:58] [AGENTE-AMAZON] Amazon direct: 30 ofertas cosechadas
[2026-09-18 14:44:58] [AGENTE-AMAZON] Cosechando ofertas quentes de Amazon en Pelando...
[2026-09-18 14:44:58] [AGENTE-AMAZON] Amazon Pelando: 0 ofertas obtenidas
[2026-09-18 14:44:58] [AGENTE-AMAZON] Guardados 30 achados en achados_amazon.json
[2026-09-18 17:53:48] [PELANDO] Scraping Amazon (https://www.pelando.com.br/cupons-de-descontos/amazon)
[2026-09-18 17:53:53] [PELANDO]   Falha ao acessar Amazon
[2026-09-18 17:53:55] [PELANDO] Scraping KaBuM! (https://www.pelando.com.br/cupons-de-descontos/kabum)
[2026-09-18 17:53:59] [PELANDO]   Falha ao acessar KaBuM!
[2026-09-18 17:54:01] [PELANDO] Scraping Mercado Livre (https://www.pelando.com.br/cupons-de-descontos/mercado-livre)
[2026-09-18 17:54:05] [PELANDO]   Falha ao acessar Mercado Livre
[2026-09-18 17:54:07] [PELANDO] Scraping Shopee (https://www.pelando.com.br/cupons-de-descontos/shopee)
[2026-09-18 17:54:11] [PELANDO]   Falha ao acessar Shopee
[2026-09-18 17:54:13] [PELANDO] Scraping Magazine Luiza (https://www.pelando.com.br/cupons-de-descontos/magalu)
[2026-09-18 17:54:18] [PELANDO]   Falha ao acessar Magazine Luiza
[2026-09-18 17:54:20] [PELANDO] Scraping AliExpress (https://www.pelando.com.br/cupons-de-descontos/aliexpress)
[2026-09-18 17:54:24] [PELANDO]   Falha ao acessar AliExpress
[2026-09-18 17:54:26] [PELANDO] Scraping Pichau (https://www.pelando.com.br/cupons-de-descontos/pichau)
[2026-09-18 17:54:30] [PELANDO]   Falha ao acessar Pichau
[2026-09-18 17:54:32] [PELANDO] Scraping Terabyte Shop (https://www.pelando.com.br/cupons-de-descontos/terabyte)
[2026-09-18 17:54:36] [PELANDO]   Falha ao acessar Terabyte Shop
[2026-09-18 17:54:38] [PELANDO] Completado: 0 Pelando + 5 manuales = 5 total
[2026-09-18 17:54:38] [AGENTE-ML] Consultando scraping de ofertas en Mercado Livre...
[2026-09-18 17:55:35] [AGENTE-ML] Scraping ML: 1034 ofertas obtenidas
[2026-09-18 17:55:35] [AGENTE-ML] Guardados 40 achados en achados_ml.json
[2026-09-18 17:55:35] [AGENTE-AMAZON] Cosechando Bestsellers y ofertas de categorías Amazon...
[2026-09-18 17:55:59] [AGENTE-AMAZON] Amazon direct: 60 ofertas cosechadas
[2026-09-18 17:55:59] [AGENTE-AMAZON] Cosechando ofertas quentes de Amazon en Pelando...
[2026-09-18 17:56:00] [AGENTE-AMAZON] Amazon Pelando: 0 ofertas obtenidas
[2026-09-18 17:56:00] [AGENTE-AMAZON] Guardados 40 achados en achados_amazon.json
[2026-09-18 20:11:19] [PELANDO] Scraping Amazon (https://www.pelando.com.br/cupons-de-descontos/amazon)
[2026-09-18 20:11:23] [PELANDO]   Falha ao acessar Amazon
[2026-09-18 20:11:25] [PELANDO] Scraping KaBuM! (https://www.pelando.com.br/cupons-de-descontos/kabum)
[2026-09-18 20:11:29] [PELANDO]   Falha ao acessar KaBuM!
[2026-09-18 20:11:31] [PELANDO] Scraping Mercado Livre (https://www.pelando.com.br/cupons-de-descontos/mercado-livre)
[2026-09-18 20:11:35] [PELANDO]   Falha ao acessar Mercado Livre
[2026-09-18 20:11:37] [PELANDO] Scraping Shopee (https://www.pelando.com.br/cupons-de-descontos/shopee)
[2026-09-18 20:11:42] [PELANDO]   Falha ao acessar Shopee
[2026-09-18 20:11:44] [PELANDO] Scraping Magazine Luiza (https://www.pelando.com.br/cupons-de-descontos/magalu)
[2026-09-18 20:11:48] [PELANDO]   Falha ao acessar Magazine Luiza
[2026-09-18 20:11:50] [PELANDO] Scraping AliExpress (https://www.pelando.com.br/cupons-de-descontos/aliexpress)
[2026-09-18 20:11:54] [PELANDO]   Falha ao acessar AliExpress
[2026-09-18 20:11:56] [PELANDO] Scraping Pichau (https://www.pelando.com.br/cupons-de-descontos/pichau)
[2026-09-18 20:12:00] [PELANDO]   Falha ao acessar Pichau
[2026-09-18 20:12:02] [PELANDO] Scraping Terabyte Shop (https://www.pelando.com.br/cupons-de-descontos/terabyte)
[2026-09-18 20:12:06] [PELANDO]   Falha ao acessar Terabyte Shop
[2026-09-18 20:12:08] [PELANDO] Completado: 0 Pelando + 5 manuales = 5 total
[2026-09-18 20:12:08] [AGENTE-ML] Consultando scraping de ofertas en Mercado Livre...
[2026-09-18 20:13:07] [AGENTE-ML] Scraping ML: 1077 ofertas obtenidas
[2026-09-18 20:13:07] [AGENTE-ML] Guardados 40 achados en achados_ml.json
[2026-09-18 20:13:07] [AGENTE-AMAZON] Cosechando Bestsellers y ofertas de categorías Amazon...
[2026-09-18 20:13:29] [AGENTE-AMAZON] Amazon direct: 30 ofertas cosechadas
[2026-09-18 20:13:29] [AGENTE-AMAZON] Cosechando ofertas quentes de Amazon en Pelando...
[2026-09-18 20:13:29] [AGENTE-AMAZON] Amazon Pelando: 0 ofertas obtenidas
[2026-09-18 20:13:29] [AGENTE-AMAZON] Guardados 27 achados en achados_amazon.json
[2026-09-18 22:33:55] [PELANDO] Scraping Amazon (https://www.pelando.com.br/cupons-de-descontos/amazon)
[2026-09-18 22:33:59] [PELANDO]   Falha ao acessar Amazon
[2026-09-18 22:34:01] [PELANDO] Scraping KaBuM! (https://www.pelando.com.br/cupons-de-descontos/kabum)
[2026-09-18 22:34:05] [PELANDO]   Falha ao acessar KaBuM!
[2026-09-18 22:34:07] [PELANDO] Scraping Mercado Livre (https://www.pelando.com.br/cupons-de-descontos/mercado-livre)
[2026-09-18 22:34:12] [PELANDO]   Falha ao acessar Mercado Livre
[2026-09-18 22:34:14] [PELANDO] Scraping Shopee (https://www.pelando.com.br/cupons-de-descontos/shopee)
[2026-09-18 22:34:18] [PELANDO]   Falha ao acessar Shopee
[2026-09-18 22:34:20] [PELANDO] Scraping Magazine Luiza (https://www.pelando.com.br/cupons-de-descontos/magalu)
[2026-09-18 22:34:24] [PELANDO]   Falha ao acessar Magazine Luiza
[2026-09-18 22:34:26] [PELANDO] Scraping AliExpress (https://www.pelando.com.br/cupons-de-descontos/aliexpress)
[2026-09-18 22:34:30] [PELANDO]   Falha ao acessar AliExpress
[2026-09-18 22:34:32] [PELANDO] Scraping Pichau (https://www.pelando.com.br/cupons-de-descontos/pichau)
[2026-09-18 22:34:36] [PELANDO]   Falha ao acessar Pichau
[2026-09-18 22:34:38] [PELANDO] Scraping Terabyte Shop (https://www.pelando.com.br/cupons-de-descontos/terabyte)
[2026-09-18 22:34:42] [PELANDO]   Falha ao acessar Terabyte Shop
[2026-09-18 22:34:44] [PELANDO] Completado: 0 Pelando + 5 manuales = 5 total
[2026-09-18 22:34:44] [AGENTE-ML] Consultando scraping de ofertas en Mercado Livre...
[2026-09-18 22:35:39] [AGENTE-ML] Scraping ML: 1097 ofertas obtenidas
[2026-09-18 22:35:39] [AGENTE-ML] Guardados 40 achados en achados_ml.json
[2026-09-18 22:35:39] [AGENTE-AMAZON] Cosechando Bestsellers y ofertas de categorías Amazon...
[2026-09-18 22:36:02] [AGENTE-AMAZON] Amazon direct: 60 ofertas cosechadas
[2026-09-18 22:36:02] [AGENTE-AMAZON] Cosechando ofertas quentes de Amazon en Pelando...
[2026-09-18 22:36:02] [AGENTE-AMAZON] Amazon Pelando: 0 ofertas obtenidas
[2026-09-18 22:36:02] [AGENTE-AMAZON] Guardados 40 achados en achados_amazon.json
[2026-09-19 00:37:29] [PELANDO] Scraping Amazon (https://www.pelando.com.br/cupons-de-descontos/amazon)
[2026-09-19 00:37:34] [PELANDO]   Falha ao acessar Amazon
[2026-09-19 00:37:36] [PELANDO] Scraping KaBuM! (https://www.pelando.com.br/cupons-de-descontos/kabum)
[2026-09-19 00:37:40] [PELANDO]   Falha ao acessar KaBuM!
[2026-09-19 00:37:42] [PELANDO] Scraping Mercado Livre (https://www.pelando.com.br/cupons-de-descontos/mercado-livre)
[2026-09-19 00:37:47] [PELANDO]   Falha ao acessar Mercado Livre
[2026-09-19 00:37:49] [PELANDO] Scraping Shopee (https://www.pelando.com.br/cupons-de-descontos/shopee)
[2026-09-19 00:37:53] [PELANDO]   Falha ao acessar Shopee
[2026-09-19 00:37:55] [PELANDO] Scraping Magazine Luiza (https://www.pelando.com.br/cupons-de-descontos/magalu)
[2026-09-19 00:37:59] [PELANDO]   Falha ao acessar Magazine Luiza
[2026-09-19 00:38:01] [PELANDO] Scraping AliExpress (https://www.pelando.com.br/cupons-de-descontos/aliexpress)
[2026-09-19 00:38:05] [PELANDO]   Falha ao acessar AliExpress
[2026-09-19 00:38:07] [PELANDO] Scraping Pichau (https://www.pelando.com.br/cupons-de-descontos/pichau)
[2026-09-19 00:38:11] [PELANDO]   Falha ao acessar Pichau
[2026-09-19 00:38:13] [PELANDO] Scraping Terabyte Shop (https://www.pelando.com.br/cupons-de-descontos/terabyte)
[2026-09-19 00:38:17] [PELANDO]   Falha ao acessar Terabyte Shop
[2026-09-19 00:38:19] [PELANDO] Completado: 0 Pelando + 5 manuales = 5 total
[2026-09-19 00:38:20] [AGENTE-ML] Consultando scraping de ofertas en Mercado Livre...
[2026-09-19 00:39:19] [AGENTE-ML] Scraping ML: 1078 ofertas obtenidas
[2026-09-19 00:39:19] [AGENTE-ML] Guardados 40 achados en achados_ml.json
[2026-09-19 00:39:19] [AGENTE-AMAZON] Cosechando Bestsellers y ofertas de categorías Amazon...
[2026-09-19 00:39:43] [AGENTE-AMAZON] Amazon direct: 118 ofertas cosechadas
[2026-09-19 00:39:43] [AGENTE-AMAZON] Cosechando ofertas quentes de Amazon en Pelando...
[2026-09-19 00:39:43] [AGENTE-AMAZON] Amazon Pelando: 0 ofertas obtenidas
[2026-09-19 00:39:43] [AGENTE-AMAZON] Guardados 40 achados en achados_amazon.json
[2026-09-19 14:03:14] [PELANDO] Scraping Amazon (https://www.pelando.com.br/cupons-de-descontos/amazon)
[2026-09-19 14:03:19] [PELANDO]   Falha ao acessar Amazon
[2026-09-19 14:03:21] [PELANDO] Scraping KaBuM! (https://www.pelando.com.br/cupons-de-descontos/kabum)
[2026-09-19 14:03:25] [PELANDO]   Falha ao acessar KaBuM!
[2026-09-19 14:03:27] [PELANDO] Scraping Mercado Livre (https://www.pelando.com.br/cupons-de-descontos/mercado-livre)
[2026-09-19 14:03:31] [PELANDO]   Falha ao acessar Mercado Livre
[2026-09-19 14:03:33] [PELANDO] Scraping Shopee (https://www.pelando.com.br/cupons-de-descontos/shopee)
[2026-09-19 14:03:37] [PELANDO]   Falha ao acessar Shopee
[2026-09-19 14:03:39] [PELANDO] Scraping Magazine Luiza (https://www.pelando.com.br/cupons-de-descontos/magalu)
[2026-09-19 14:03:44] [PELANDO]   Falha ao acessar Magazine Luiza
[2026-09-19 14:03:46] [PELANDO] Scraping AliExpress (https://www.pelando.com.br/cupons-de-descontos/aliexpress)
[2026-09-19 14:03:50] [PELANDO]   Falha ao acessar AliExpress
[2026-09-19 14:03:52] [PELANDO] Scraping Pichau (https://www.pelando.com.br/cupons-de-descontos/pichau)
[2026-09-19 14:03:56] [PELANDO]   Falha ao acessar Pichau
[2026-09-19 14:03:58] [PELANDO] Scraping Terabyte Shop (https://www.pelando.com.br/cupons-de-descontos/terabyte)
[2026-09-19 14:04:02] [PELANDO]   Falha ao acessar Terabyte Shop
[2026-09-19 14:04:04] [PELANDO] Completado: 0 Pelando + 5 manuales = 5 total
[2026-09-19 14:04:05] [AGENTE-ML] Consultando scraping de ofertas en Mercado Livre...
[2026-09-19 14:05:03] [AGENTE-ML] Scraping ML: 1077 ofertas obtenidas
[2026-09-19 14:05:03] [AGENTE-ML] Guardados 40 achados en achados_ml.json
[2026-09-19 14:05:03] [AGENTE-AMAZON] Cosechando Bestsellers y ofertas de categorías Amazon...
[2026-09-19 14:05:29] [AGENTE-AMAZON] Amazon direct: 119 ofertas cosechadas
[2026-09-19 14:05:29] [AGENTE-AMAZON] Cosechando ofertas quentes de Amazon en Pelando...
[2026-09-19 14:05:29] [AGENTE-AMAZON] Amazon Pelando: 0 ofertas obtenidas
[2026-09-19 14:05:29] [AGENTE-AMAZON] Guardados 40 achados en achados_amazon.json
[2026-09-19 17:15:52] [PELANDO] Scraping Amazon (https://www.pelando.com.br/cupons-de-descontos/amazon)
[2026-09-19 17:15:57] [PELANDO]   Falha ao acessar Amazon
[2026-09-19 17:15:59] [PELANDO] Scraping KaBuM! (https://www.pelando.com.br/cupons-de-descontos/kabum)
[2026-09-19 17:16:03] [PELANDO]   Falha ao acessar KaBuM!
[2026-09-19 17:16:05] [PELANDO] Scraping Mercado Livre (https://www.pelando.com.br/cupons-de-descontos/mercado-livre)
[2026-09-19 17:16:09] [PELANDO]   Falha ao acessar Mercado Livre
[2026-09-19 17:16:11] [PELANDO] Scraping Shopee (https://www.pelando.com.br/cupons-de-descontos/shopee)
[2026-09-19 17:16:15] [PELANDO]   Falha ao acessar Shopee
[2026-09-19 17:16:17] [PELANDO] Scraping Magazine Luiza (https://www.pelando.com.br/cupons-de-descontos/magalu)
[2026-09-19 17:16:21] [PELANDO]   Falha ao acessar Magazine Luiza
[2026-09-19 17:16:23] [PELANDO] Scraping AliExpress (https://www.pelando.com.br/cupons-de-descontos/aliexpress)
[2026-09-19 17:16:28] [PELANDO]   Falha ao acessar AliExpress
[2026-09-19 17:16:30] [PELANDO] Scraping Pichau (https://www.pelando.com.br/cupons-de-descontos/pichau)
[2026-09-19 17:16:34] [PELANDO]   Falha ao acessar Pichau
[2026-09-19 17:16:36] [PELANDO] Scraping Terabyte Shop (https://www.pelando.com.br/cupons-de-descontos/terabyte)
[2026-09-19 17:16:40] [PELANDO]   Falha ao acessar Terabyte Shop
[2026-09-19 17:16:42] [PELANDO] Completado: 0 Pelando + 5 manuales = 5 total
[2026-09-19 17:16:42] [AGENTE-ML] Consultando scraping de ofertas en Mercado Livre...
[2026-09-19 17:17:37] [AGENTE-ML] Scraping ML: 1078 ofertas obtenidas
[2026-09-19 17:17:37] [AGENTE-ML] Guardados 40 achados en achados_ml.json
[2026-09-19 17:17:37] [AGENTE-AMAZON] Cosechando Bestsellers y ofertas de categorías Amazon...
[2026-09-19 17:18:03] [AGENTE-AMAZON] Amazon direct: 174 ofertas cosechadas
[2026-09-19 17:18:03] [AGENTE-AMAZON] Cosechando ofertas quentes de Amazon en Pelando...
[2026-09-19 17:18:03] [AGENTE-AMAZON] Amazon Pelando: 0 ofertas obtenidas
[2026-09-19 17:18:03] [AGENTE-AMAZON] Guardados 40 achados en achados_amazon.json
[2026-09-19 19:26:07] [PELANDO] Scraping Amazon (https://www.pelando.com.br/cupons-de-descontos/amazon)
[2026-09-19 19:26:11] [PELANDO]   Falha ao acessar Amazon
[2026-09-19 19:26:13] [PELANDO] Scraping KaBuM! (https://www.pelando.com.br/cupons-de-descontos/kabum)
[2026-09-19 19:26:17] [PELANDO]   Falha ao acessar KaBuM!
[2026-09-19 19:26:19] [PELANDO] Scraping Mercado Livre (https://www.pelando.com.br/cupons-de-descontos/mercado-livre)
[2026-09-19 19:26:24] [PELANDO]   Falha ao acessar Mercado Livre
[2026-09-19 19:26:26] [PELANDO] Scraping Shopee (https://www.pelando.com.br/cupons-de-descontos/shopee)
[2026-09-19 19:26:30] [PELANDO]   Falha ao acessar Shopee
[2026-09-19 19:26:32] [PELANDO] Scraping Magazine Luiza (https://www.pelando.com.br/cupons-de-descontos/magalu)
[2026-09-19 19:26:36] [PELANDO]   Falha ao acessar Magazine Luiza
[2026-09-19 19:26:38] [PELANDO] Scraping AliExpress (https://www.pelando.com.br/cupons-de-descontos/aliexpress)
[2026-09-19 19:26:42] [PELANDO]   Falha ao acessar AliExpress
[2026-09-19 19:26:44] [PELANDO] Scraping Pichau (https://www.pelando.com.br/cupons-de-descontos/pichau)
[2026-09-19 19:26:48] [PELANDO]   Falha ao acessar Pichau
[2026-09-19 19:26:50] [PELANDO] Scraping Terabyte Shop (https://www.pelando.com.br/cupons-de-descontos/terabyte)
[2026-09-19 19:26:54] [PELANDO]   Falha ao acessar Terabyte Shop
[2026-09-19 19:26:56] [PELANDO] Completado: 0 Pelando + 5 manuales = 5 total
[2026-09-19 19:26:56] [AGENTE-ML] Consultando scraping de ofertas en Mercado Livre...
[2026-09-19 19:27:52] [AGENTE-ML] Scraping ML: 1074 ofertas obtenidas
[2026-09-19 19:27:52] [AGENTE-ML] Guardados 40 achados en achados_ml.json
[2026-09-19 19:27:53] [AGENTE-AMAZON] Cosechando Bestsellers y ofertas de categorías Amazon...
[2026-09-19 19:28:16] [AGENTE-AMAZON] Amazon direct: 85 ofertas cosechadas
[2026-09-19 19:28:16] [AGENTE-AMAZON] Cosechando ofertas quentes de Amazon en Pelando...
[2026-09-19 19:28:16] [AGENTE-AMAZON] Amazon Pelando: 0 ofertas obtenidas
[2026-09-19 19:28:16] [AGENTE-AMAZON] Guardados 40 achados en achados_amazon.json
[2026-09-19 21:34:50] [PELANDO] Scraping Amazon (https://www.pelando.com.br/cupons-de-descontos/amazon)
[2026-09-19 21:34:54] [PELANDO]   Falha ao acessar Amazon
[2026-09-19 21:34:56] [PELANDO] Scraping KaBuM! (https://www.pelando.com.br/cupons-de-descontos/kabum)
[2026-09-19 21:35:00] [PELANDO]   Falha ao acessar KaBuM!
[2026-09-19 21:35:02] [PELANDO] Scraping Mercado Livre (https://www.pelando.com.br/cupons-de-descontos/mercado-livre)
[2026-09-19 21:35:07] [PELANDO]   Falha ao acessar Mercado Livre
[2026-09-19 21:35:09] [PELANDO] Scraping Shopee (https://www.pelando.com.br/cupons-de-descontos/shopee)
[2026-09-19 21:35:13] [PELANDO]   Falha ao acessar Shopee
[2026-09-19 21:35:15] [PELANDO] Scraping Magazine Luiza (https://www.pelando.com.br/cupons-de-descontos/magalu)
[2026-09-19 21:35:19] [PELANDO]   Falha ao acessar Magazine Luiza
[2026-09-19 21:35:21] [PELANDO] Scraping AliExpress (https://www.pelando.com.br/cupons-de-descontos/aliexpress)
[2026-09-19 21:35:25] [PELANDO]   Falha ao acessar AliExpress
[2026-09-19 21:35:27] [PELANDO] Scraping Pichau (https://www.pelando.com.br/cupons-de-descontos/pichau)
[2026-09-19 21:35:31] [PELANDO]   Falha ao acessar Pichau
[2026-09-19 21:35:33] [PELANDO] Scraping Terabyte Shop (https://www.pelando.com.br/cupons-de-descontos/terabyte)
[2026-09-19 21:35:37] [PELANDO]   Falha ao acessar Terabyte Shop
[2026-09-19 21:35:39] [PELANDO] Completado: 0 Pelando + 5 manuales = 5 total
[2026-09-19 21:35:40] [AGENTE-ML] Consultando scraping de ofertas en Mercado Livre...
[2026-09-19 21:36:36] [AGENTE-ML] Scraping ML: 1077 ofertas obtenidas
[2026-09-19 21:36:36] [AGENTE-ML] Guardados 40 achados en achados_ml.json
[2026-09-19 21:36:36] [AGENTE-AMAZON] Cosechando Bestsellers y ofertas de categorías Amazon...
[2026-09-19 21:37:00] [AGENTE-AMAZON] Amazon direct: 89 ofertas cosechadas
[2026-09-19 21:37:00] [AGENTE-AMAZON] Cosechando ofertas quentes de Amazon en Pelando...
[2026-09-19 21:37:00] [AGENTE-AMAZON] Amazon Pelando: 0 ofertas obtenidas
[2026-09-19 21:37:00] [AGENTE-AMAZON] Guardados 40 achados en achados_amazon.json
[2026-09-19 23:32:04] [PELANDO] Scraping Amazon (https://www.pelando.com.br/cupons-de-descontos/amazon)
[2026-09-19 23:32:08] [PELANDO]   Falha ao acessar Amazon
[2026-09-19 23:32:10] [PELANDO] Scraping KaBuM! (https://www.pelando.com.br/cupons-de-descontos/kabum)
[2026-09-19 23:32:14] [PELANDO]   Falha ao acessar KaBuM!
[2026-09-19 23:32:16] [PELANDO] Scraping Mercado Livre (https://www.pelando.com.br/cupons-de-descontos/mercado-livre)
[2026-09-19 23:32:20] [PELANDO]   Falha ao acessar Mercado Livre
[2026-09-19 23:32:22] [PELANDO] Scraping Shopee (https://www.pelando.com.br/cupons-de-descontos/shopee)
[2026-09-19 23:32:26] [PELANDO]   Falha ao acessar Shopee
[2026-09-19 23:32:28] [PELANDO] Scraping Magazine Luiza (https://www.pelando.com.br/cupons-de-descontos/magalu)
[2026-09-19 23:32:32] [PELANDO]   Falha ao acessar Magazine Luiza
[2026-09-19 23:32:34] [PELANDO] Scraping AliExpress (https://www.pelando.com.br/cupons-de-descontos/aliexpress)
[2026-09-19 23:32:39] [PELANDO]   Falha ao acessar AliExpress
[2026-09-19 23:32:41] [PELANDO] Scraping Pichau (https://www.pelando.com.br/cupons-de-descontos/pichau)
[2026-09-19 23:32:45] [PELANDO]   Falha ao acessar Pichau
[2026-09-19 23:32:47] [PELANDO] Scraping Terabyte Shop (https://www.pelando.com.br/cupons-de-descontos/terabyte)
[2026-09-19 23:32:51] [PELANDO]   Falha ao acessar Terabyte Shop
[2026-09-19 23:32:53] [PELANDO] Completado: 0 Pelando + 5 manuales = 5 total
[2026-09-19 23:32:53] [AGENTE-ML] Consultando scraping de ofertas en Mercado Livre...
[2026-09-19 23:33:48] [AGENTE-ML] Scraping ML: 1078 ofertas obtenidas
[2026-09-19 23:33:48] [AGENTE-ML] Guardados 40 achados en achados_ml.json
[2026-09-19 23:33:48] [AGENTE-AMAZON] Cosechando Bestsellers y ofertas de categorías Amazon...
[2026-09-19 23:34:13] [AGENTE-AMAZON] Amazon direct: 172 ofertas cosechadas
[2026-09-19 23:34:13] [AGENTE-AMAZON] Cosechando ofertas quentes de Amazon en Pelando...
[2026-09-19 23:34:13] [AGENTE-AMAZON] Amazon Pelando: 0 ofertas obtenidas
[2026-09-19 23:34:13] [AGENTE-AMAZON] Guardados 40 achados en achados_amazon.json
[2026-09-20 01:37:50] [PELANDO] Scraping Amazon (https://www.pelando.com.br/cupons-de-descontos/amazon)
[2026-09-20 01:37:55] [PELANDO]   Falha ao acessar Amazon
[2026-09-20 01:37:57] [PELANDO] Scraping KaBuM! (https://www.pelando.com.br/cupons-de-descontos/kabum)
[2026-09-20 01:38:01] [PELANDO]   Falha ao acessar KaBuM!
[2026-09-20 01:38:03] [PELANDO] Scraping Mercado Livre (https://www.pelando.com.br/cupons-de-descontos/mercado-livre)
[2026-09-20 01:38:07] [PELANDO]   Falha ao acessar Mercado Livre
[2026-09-20 01:38:09] [PELANDO] Scraping Shopee (https://www.pelando.com.br/cupons-de-descontos/shopee)
[2026-09-20 01:38:13] [PELANDO]   Falha ao acessar Shopee
[2026-09-20 01:38:15] [PELANDO] Scraping Magazine Luiza (https://www.pelando.com.br/cupons-de-descontos/magalu)
[2026-09-20 01:38:19] [PELANDO]   Falha ao acessar Magazine Luiza
[2026-09-20 01:38:21] [PELANDO] Scraping AliExpress (https://www.pelando.com.br/cupons-de-descontos/aliexpress)
[2026-09-20 01:38:25] [PELANDO]   Falha ao acessar AliExpress
[2026-09-20 01:38:27] [PELANDO] Scraping Pichau (https://www.pelando.com.br/cupons-de-descontos/pichau)
[2026-09-20 01:38:31] [PELANDO]   Falha ao acessar Pichau
[2026-09-20 01:38:33] [PELANDO] Scraping Terabyte Shop (https://www.pelando.com.br/cupons-de-descontos/terabyte)
[2026-09-20 01:38:37] [PELANDO]   Falha ao acessar Terabyte Shop
[2026-09-20 01:38:39] [PELANDO] Completado: 0 Pelando + 5 manuales = 5 total
[2026-09-20 01:38:40] [AGENTE-ML] Consultando scraping de ofertas en Mercado Livre...
[2026-09-20 01:39:38] [AGENTE-ML] Scraping ML: 1077 ofertas obtenidas
[2026-09-20 01:39:38] [AGENTE-ML] Guardados 40 achados en achados_ml.json
[2026-09-20 01:39:38] [AGENTE-AMAZON] Cosechando Bestsellers y ofertas de categorías Amazon...
[2026-09-20 01:39:59] [AGENTE-AMAZON] Amazon direct: 0 ofertas cosechadas
[2026-09-20 01:39:59] [AGENTE-AMAZON] Cosechando ofertas quentes de Amazon en Pelando...
[2026-09-20 01:39:59] [AGENTE-AMAZON] Amazon Pelando: 0 ofertas obtenidas
[2026-09-20 01:39:59] [AGENTE-AMAZON] Guardados 0 achados en achados_amazon.json
[2026-09-20 14:23:53] [PELANDO] Scraping Amazon (https://www.pelando.com.br/cupons-de-descontos/amazon)
[2026-09-20 14:23:57] [PELANDO]   Falha ao acessar Amazon
[2026-09-20 14:23:59] [PELANDO] Scraping KaBuM! (https://www.pelando.com.br/cupons-de-descontos/kabum)
[2026-09-20 14:24:04] [PELANDO]   Falha ao acessar KaBuM!
[2026-09-20 14:24:06] [PELANDO] Scraping Mercado Livre (https://www.pelando.com.br/cupons-de-descontos/mercado-livre)
[2026-09-20 14:24:10] [PELANDO]   Falha ao acessar Mercado Livre
[2026-09-20 14:24:12] [PELANDO] Scraping Shopee (https://www.pelando.com.br/cupons-de-descontos/shopee)
[2026-09-20 14:24:16] [PELANDO]   Falha ao acessar Shopee
[2026-09-20 14:24:18] [PELANDO] Scraping Magazine Luiza (https://www.pelando.com.br/cupons-de-descontos/magalu)
[2026-09-20 14:24:22] [PELANDO]   Falha ao acessar Magazine Luiza
[2026-09-20 14:24:24] [PELANDO] Scraping AliExpress (https://www.pelando.com.br/cupons-de-descontos/aliexpress)
[2026-09-20 14:24:28] [PELANDO]   Falha ao acessar AliExpress
[2026-09-20 14:24:30] [PELANDO] Scraping Pichau (https://www.pelando.com.br/cupons-de-descontos/pichau)
[2026-09-20 14:24:34] [PELANDO]   Falha ao acessar Pichau
[2026-09-20 14:24:36] [PELANDO] Scraping Terabyte Shop (https://www.pelando.com.br/cupons-de-descontos/terabyte)
[2026-09-20 14:24:40] [PELANDO]   Falha ao acessar Terabyte Shop
[2026-09-20 14:24:42] [PELANDO] Completado: 0 Pelando + 5 manuales = 5 total
[2026-09-20 14:24:43] [AGENTE-ML] Consultando scraping de ofertas en Mercado Livre...
[2026-09-20 14:25:37] [AGENTE-ML] Scraping ML: 1054 ofertas obtenidas
[2026-09-20 14:25:37] [AGENTE-ML] Guardados 40 achados en achados_ml.json
[2026-09-20 14:25:37] [AGENTE-AMAZON] Cosechando Bestsellers y ofertas de categorías Amazon...
[2026-09-20 14:25:59] [AGENTE-AMAZON] Amazon direct: 60 ofertas cosechadas
[2026-09-20 14:25:59] [AGENTE-AMAZON] Cosechando ofertas quentes de Amazon en Pelando...
[2026-09-20 14:25:59] [AGENTE-AMAZON] Amazon Pelando: 0 ofertas obtenidas
[2026-09-20 14:25:59] [AGENTE-AMAZON] Guardados 40 achados en achados_amazon.json
[2026-09-20 17:33:04] [PELANDO] Scraping Amazon (https://www.pelando.com.br/cupons-de-descontos/amazon)
[2026-09-20 17:33:09] [PELANDO]   Falha ao acessar Amazon
[2026-09-20 17:33:11] [PELANDO] Scraping KaBuM! (https://www.pelando.com.br/cupons-de-descontos/kabum)
[2026-09-20 17:33:15] [PELANDO]   Falha ao acessar KaBuM!
[2026-09-20 17:33:17] [PELANDO] Scraping Mercado Livre (https://www.pelando.com.br/cupons-de-descontos/mercado-livre)
[2026-09-20 17:33:21] [PELANDO]   Falha ao acessar Mercado Livre
[2026-09-20 17:33:23] [PELANDO] Scraping Shopee (https://www.pelando.com.br/cupons-de-descontos/shopee)
[2026-09-20 17:33:27] [PELANDO]   Falha ao acessar Shopee
[2026-09-20 17:33:29] [PELANDO] Scraping Magazine Luiza (https://www.pelando.com.br/cupons-de-descontos/magalu)
[2026-09-20 17:33:33] [PELANDO]   Falha ao acessar Magazine Luiza
[2026-09-20 17:33:35] [PELANDO] Scraping AliExpress (https://www.pelando.com.br/cupons-de-descontos/aliexpress)
[2026-09-20 17:33:39] [PELANDO]   Falha ao acessar AliExpress
[2026-09-20 17:33:41] [PELANDO] Scraping Pichau (https://www.pelando.com.br/cupons-de-descontos/pichau)
[2026-09-20 17:33:46] [PELANDO]   Falha ao acessar Pichau
[2026-09-20 17:33:48] [PELANDO] Scraping Terabyte Shop (https://www.pelando.com.br/cupons-de-descontos/terabyte)
[2026-09-20 17:33:52] [PELANDO]   Falha ao acessar Terabyte Shop
[2026-09-20 17:33:54] [PELANDO] Completado: 0 Pelando + 5 manuales = 5 total
[2026-09-20 17:33:54] [AGENTE-ML] Consultando scraping de ofertas en Mercado Livre...
[2026-09-20 17:34:54] [AGENTE-ML] Scraping ML: 1078 ofertas obtenidas
[2026-09-20 17:34:54] [AGENTE-ML] Guardados 40 achados en achados_ml.json
[2026-09-20 17:34:55] [AGENTE-AMAZON] Cosechando Bestsellers y ofertas de categorías Amazon...
[2026-09-20 17:35:17] [AGENTE-AMAZON] Amazon direct: 23 ofertas cosechadas
[2026-09-20 17:35:17] [AGENTE-AMAZON] Cosechando ofertas quentes de Amazon en Pelando...
[2026-09-20 17:35:17] [AGENTE-AMAZON] Amazon Pelando: 0 ofertas obtenidas
[2026-09-20 17:35:17] [AGENTE-AMAZON] Guardados 23 achados en achados_amazon.json
[2026-09-20 19:43:25] [PELANDO] Scraping Amazon (https://www.pelando.com.br/cupons-de-descontos/amazon)
[2026-09-20 19:43:29] [PELANDO]   Falha ao acessar Amazon
[2026-09-20 19:43:31] [PELANDO] Scraping KaBuM! (https://www.pelando.com.br/cupons-de-descontos/kabum)
[2026-09-20 19:43:35] [PELANDO]   Falha ao acessar KaBuM!
[2026-09-20 19:43:37] [PELANDO] Scraping Mercado Livre (https://www.pelando.com.br/cupons-de-descontos/mercado-livre)
[2026-09-20 19:43:41] [PELANDO]   Falha ao acessar Mercado Livre
[2026-09-20 19:43:43] [PELANDO] Scraping Shopee (https://www.pelando.com.br/cupons-de-descontos/shopee)
[2026-09-20 19:43:48] [PELANDO]   Falha ao acessar Shopee
[2026-09-20 19:43:50] [PELANDO] Scraping Magazine Luiza (https://www.pelando.com.br/cupons-de-descontos/magalu)
[2026-09-20 19:43:54] [PELANDO]   Falha ao acessar Magazine Luiza
[2026-09-20 19:43:56] [PELANDO] Scraping AliExpress (https://www.pelando.com.br/cupons-de-descontos/aliexpress)
[2026-09-20 19:44:00] [PELANDO]   Falha ao acessar AliExpress
[2026-09-20 19:44:02] [PELANDO] Scraping Pichau (https://www.pelando.com.br/cupons-de-descontos/pichau)
[2026-09-20 19:44:06] [PELANDO]   Falha ao acessar Pichau
[2026-09-20 19:44:08] [PELANDO] Scraping Terabyte Shop (https://www.pelando.com.br/cupons-de-descontos/terabyte)
[2026-09-20 19:44:12] [PELANDO]   Falha ao acessar Terabyte Shop
[2026-09-20 19:44:14] [PELANDO] Completado: 0 Pelando + 5 manuales = 5 total
[2026-09-20 19:44:14] [AGENTE-ML] Consultando scraping de ofertas en Mercado Livre...
[2026-09-20 19:45:13] [AGENTE-ML] Scraping ML: 1078 ofertas obtenidas
[2026-09-20 19:45:13] [AGENTE-ML] Guardados 40 achados en achados_ml.json
[2026-09-20 19:45:13] [AGENTE-AMAZON] Cosechando Bestsellers y ofertas de categorías Amazon...
[2026-09-20 19:45:37] [AGENTE-AMAZON] Amazon direct: 60 ofertas cosechadas
[2026-09-20 19:45:37] [AGENTE-AMAZON] Cosechando ofertas quentes de Amazon en Pelando...
[2026-09-20 19:45:37] [AGENTE-AMAZON] Amazon Pelando: 0 ofertas obtenidas
[2026-09-20 19:45:37] [AGENTE-AMAZON] Guardados 30 achados en achados_amazon.json
[2026-09-20 21:51:15] [PELANDO] Scraping Amazon (https://www.pelando.com.br/cupons-de-descontos/amazon)
[2026-09-20 21:51:20] [PELANDO]   Falha ao acessar Amazon
[2026-09-20 21:51:22] [PELANDO] Scraping KaBuM! (https://www.pelando.com.br/cupons-de-descontos/kabum)
[2026-09-20 21:51:26] [PELANDO]   Falha ao acessar KaBuM!
[2026-09-20 21:51:28] [PELANDO] Scraping Mercado Livre (https://www.pelando.com.br/cupons-de-descontos/mercado-livre)
[2026-09-20 21:51:32] [PELANDO]   Falha ao acessar Mercado Livre
[2026-09-20 21:51:34] [PELANDO] Scraping Shopee (https://www.pelando.com.br/cupons-de-descontos/shopee)
[2026-09-20 21:51:38] [PELANDO]   Falha ao acessar Shopee
[2026-09-20 21:51:40] [PELANDO] Scraping Magazine Luiza (https://www.pelando.com.br/cupons-de-descontos/magalu)
[2026-09-20 21:51:45] [PELANDO]   Falha ao acessar Magazine Luiza
[2026-09-20 21:51:47] [PELANDO] Scraping AliExpress (https://www.pelando.com.br/cupons-de-descontos/aliexpress)
[2026-09-20 21:51:51] [PELANDO]   Falha ao acessar AliExpress
[2026-09-20 21:51:53] [PELANDO] Scraping Pichau (https://www.pelando.com.br/cupons-de-descontos/pichau)
[2026-09-20 21:51:57] [PELANDO]   Falha ao acessar Pichau
[2026-09-20 21:51:59] [PELANDO] Scraping Terabyte Shop (https://www.pelando.com.br/cupons-de-descontos/terabyte)
[2026-09-20 21:52:03] [PELANDO]   Falha ao acessar Terabyte Shop
[2026-09-20 21:52:05] [PELANDO] Completado: 0 Pelando + 5 manuales = 5 total
[2026-09-20 21:52:06] [AGENTE-ML] Consultando scraping de ofertas en Mercado Livre...
[2026-09-20 21:53:05] [AGENTE-ML] Scraping ML: 1078 ofertas obtenidas
[2026-09-20 21:53:05] [AGENTE-ML] Guardados 40 achados en achados_ml.json
[2026-09-20 21:53:06] [AGENTE-AMAZON] Cosechando Bestsellers y ofertas de categorías Amazon...
[2026-09-20 21:53:29] [AGENTE-AMAZON] Amazon direct: 30 ofertas cosechadas
[2026-09-20 21:53:29] [AGENTE-AMAZON] Cosechando ofertas quentes de Amazon en Pelando...
[2026-09-20 21:53:29] [AGENTE-AMAZON] Amazon Pelando: 0 ofertas obtenidas
[2026-09-20 21:53:29] [AGENTE-AMAZON] Guardados 30 achados en achados_amazon.json
[2026-09-20 23:43:55] [PELANDO] Scraping Amazon (https://www.pelando.com.br/cupons-de-descontos/amazon)
[2026-09-20 23:43:59] [PELANDO]   Falha ao acessar Amazon
[2026-09-20 23:44:01] [PELANDO] Scraping KaBuM! (https://www.pelando.com.br/cupons-de-descontos/kabum)
[2026-09-20 23:44:05] [PELANDO]   Falha ao acessar KaBuM!
[2026-09-20 23:44:07] [PELANDO] Scraping Mercado Livre (https://www.pelando.com.br/cupons-de-descontos/mercado-livre)
[2026-09-20 23:44:11] [PELANDO]   Falha ao acessar Mercado Livre
[2026-09-20 23:44:13] [PELANDO] Scraping Shopee (https://www.pelando.com.br/cupons-de-descontos/shopee)
[2026-09-20 23:44:17] [PELANDO]   Falha ao acessar Shopee
[2026-09-20 23:44:19] [PELANDO] Scraping Magazine Luiza (https://www.pelando.com.br/cupons-de-descontos/magalu)
[2026-09-20 23:44:24] [PELANDO]   Falha ao acessar Magazine Luiza
[2026-09-20 23:44:26] [PELANDO] Scraping AliExpress (https://www.pelando.com.br/cupons-de-descontos/aliexpress)
[2026-09-20 23:44:30] [PELANDO]   Falha ao acessar AliExpress
[2026-09-20 23:44:32] [PELANDO] Scraping Pichau (https://www.pelando.com.br/cupons-de-descontos/pichau)
[2026-09-20 23:44:36] [PELANDO]   Falha ao acessar Pichau
[2026-09-20 23:44:38] [PELANDO] Scraping Terabyte Shop (https://www.pelando.com.br/cupons-de-descontos/terabyte)
[2026-09-20 23:44:42] [PELANDO]   Falha ao acessar Terabyte Shop
[2026-09-20 23:44:44] [PELANDO] Completado: 0 Pelando + 5 manuales = 5 total
[2026-09-20 23:44:44] [AGENTE-ML] Consultando scraping de ofertas en Mercado Livre...
[2026-09-20 23:45:39] [AGENTE-ML] Scraping ML: 1078 ofertas obtenidas
[2026-09-20 23:45:39] [AGENTE-ML] Guardados 40 achados en achados_ml.json
[2026-09-20 23:45:40] [AGENTE-AMAZON] Cosechando Bestsellers y ofertas de categorías Amazon...
[2026-09-20 23:46:02] [AGENTE-AMAZON] Amazon direct: 0 ofertas cosechadas
[2026-09-20 23:46:02] [AGENTE-AMAZON] Cosechando ofertas quentes de Amazon en Pelando...
[2026-09-20 23:46:02] [AGENTE-AMAZON] Amazon Pelando: 0 ofertas obtenidas
[2026-09-20 23:46:02] [AGENTE-AMAZON] Guardados 0 achados en achados_amazon.json
[2026-09-21 01:41:59] [PELANDO] Scraping Amazon (https://www.pelando.com.br/cupons-de-descontos/amazon)
[2026-09-21 01:42:04] [PELANDO]   Falha ao acessar Amazon
[2026-09-21 01:42:06] [PELANDO] Scraping KaBuM! (https://www.pelando.com.br/cupons-de-descontos/kabum)
[2026-09-21 01:42:10] [PELANDO]   Falha ao acessar KaBuM!
[2026-09-21 01:42:12] [PELANDO] Scraping Mercado Livre (https://www.pelando.com.br/cupons-de-descontos/mercado-livre)
[2026-09-21 01:42:16] [PELANDO]   Falha ao acessar Mercado Livre
[2026-09-21 01:42:18] [PELANDO] Scraping Shopee (https://www.pelando.com.br/cupons-de-descontos/shopee)
[2026-09-21 01:42:22] [PELANDO]   Falha ao acessar Shopee
[2026-09-21 01:42:24] [PELANDO] Scraping Magazine Luiza (https://www.pelando.com.br/cupons-de-descontos/magalu)
[2026-09-21 01:42:28] [PELANDO]   Falha ao acessar Magazine Luiza
[2026-09-21 01:42:30] [PELANDO] Scraping AliExpress (https://www.pelando.com.br/cupons-de-descontos/aliexpress)
[2026-09-21 01:42:34] [PELANDO]   Falha ao acessar AliExpress
[2026-09-21 01:42:36] [PELANDO] Scraping Pichau (https://www.pelando.com.br/cupons-de-descontos/pichau)
[2026-09-21 01:42:40] [PELANDO]   Falha ao acessar Pichau
[2026-09-21 01:42:42] [PELANDO] Scraping Terabyte Shop (https://www.pelando.com.br/cupons-de-descontos/terabyte)
[2026-09-21 01:42:47] [PELANDO]   Falha ao acessar Terabyte Shop
[2026-09-21 01:42:49] [PELANDO] Completado: 0 Pelando + 5 manuales = 5 total
[2026-09-21 01:42:49] [AGENTE-ML] Consultando scraping de ofertas en Mercado Livre...
[2026-09-21 01:43:45] [AGENTE-ML] Scraping ML: 1077 ofertas obtenidas
[2026-09-21 01:43:45] [AGENTE-ML] Guardados 40 achados en achados_ml.json
[2026-09-21 01:43:45] [AGENTE-AMAZON] Cosechando Bestsellers y ofertas de categorías Amazon...
[2026-09-21 01:44:06] [AGENTE-AMAZON] Amazon direct: 29 ofertas cosechadas
[2026-09-21 01:44:06] [AGENTE-AMAZON] Cosechando ofertas quentes de Amazon en Pelando...
[2026-09-21 01:44:06] [AGENTE-AMAZON] Amazon Pelando: 0 ofertas obtenidas
[2026-09-21 01:44:06] [AGENTE-AMAZON] Guardados 25 achados en achados_amazon.json
[2026-09-21 16:43:04] [PELANDO] Scraping Amazon (https://www.pelando.com.br/cupons-de-descontos/amazon)
[2026-09-21 16:43:08] [PELANDO]   Falha ao acessar Amazon
[2026-09-21 16:43:10] [PELANDO] Scraping KaBuM! (https://www.pelando.com.br/cupons-de-descontos/kabum)
[2026-09-21 16:43:14] [PELANDO]   Falha ao acessar KaBuM!
[2026-09-21 16:43:16] [PELANDO] Scraping Mercado Livre (https://www.pelando.com.br/cupons-de-descontos/mercado-livre)
[2026-09-21 16:43:20] [PELANDO]   Falha ao acessar Mercado Livre
[2026-09-21 16:43:22] [PELANDO] Scraping Shopee (https://www.pelando.com.br/cupons-de-descontos/shopee)
[2026-09-21 16:43:26] [PELANDO]   Falha ao acessar Shopee
[2026-09-21 16:43:28] [PELANDO] Scraping Magazine Luiza (https://www.pelando.com.br/cupons-de-descontos/magalu)
[2026-09-21 16:43:33] [PELANDO]   Falha ao acessar Magazine Luiza
[2026-09-21 16:43:35] [PELANDO] Scraping AliExpress (https://www.pelando.com.br/cupons-de-descontos/aliexpress)
[2026-09-21 16:43:39] [PELANDO]   Falha ao acessar AliExpress
[2026-09-21 16:43:41] [PELANDO] Scraping Pichau (https://www.pelando.com.br/cupons-de-descontos/pichau)
[2026-09-21 16:43:45] [PELANDO]   Falha ao acessar Pichau
[2026-09-21 16:43:47] [PELANDO] Scraping Terabyte Shop (https://www.pelando.com.br/cupons-de-descontos/terabyte)
[2026-09-21 16:43:51] [PELANDO]   Falha ao acessar Terabyte Shop
[2026-09-21 16:43:53] [PELANDO] Completado: 0 Pelando + 5 manuales = 5 total
[2026-09-21 16:43:53] [AGENTE-ML] Consultando scraping de ofertas en Mercado Livre...
[2026-09-21 16:44:56] [AGENTE-ML] Scraping ML: 1092 ofertas obtenidas
[2026-09-21 16:44:56] [AGENTE-ML] Guardados 40 achados en achados_ml.json
[2026-09-21 16:44:56] [AGENTE-AMAZON] Cosechando Bestsellers y ofertas de categorías Amazon...
[2026-09-21 16:45:19] [AGENTE-AMAZON] Amazon direct: 52 ofertas cosechadas
[2026-09-21 16:45:19] [AGENTE-AMAZON] Cosechando ofertas quentes de Amazon en Pelando...
[2026-09-21 16:45:19] [AGENTE-AMAZON] Amazon Pelando: 0 ofertas obtenidas
[2026-09-21 16:45:19] [AGENTE-AMAZON] Guardados 40 achados en achados_amazon.json
[2026-09-21 20:37:23] [PELANDO] Scraping Amazon (https://www.pelando.com.br/cupons-de-descontos/amazon)
[2026-09-21 20:37:27] [PELANDO]   Falha ao acessar Amazon
[2026-09-21 20:37:29] [PELANDO] Scraping KaBuM! (https://www.pelando.com.br/cupons-de-descontos/kabum)
[2026-09-21 20:37:34] [PELANDO]   Falha ao acessar KaBuM!
[2026-09-21 20:37:36] [PELANDO] Scraping Mercado Livre (https://www.pelando.com.br/cupons-de-descontos/mercado-livre)
[2026-09-21 20:37:40] [PELANDO]   Falha ao acessar Mercado Livre
[2026-09-21 20:37:42] [PELANDO] Scraping Shopee (https://www.pelando.com.br/cupons-de-descontos/shopee)
[2026-09-21 20:37:46] [PELANDO]   Falha ao acessar Shopee
[2026-09-21 20:37:48] [PELANDO] Scraping Magazine Luiza (https://www.pelando.com.br/cupons-de-descontos/magalu)
[2026-09-21 20:37:52] [PELANDO]   Falha ao acessar Magazine Luiza
[2026-09-21 20:37:54] [PELANDO] Scraping AliExpress (https://www.pelando.com.br/cupons-de-descontos/aliexpress)
[2026-09-21 20:37:58] [PELANDO]   Falha ao acessar AliExpress
[2026-09-21 20:38:00] [PELANDO] Scraping Pichau (https://www.pelando.com.br/cupons-de-descontos/pichau)
[2026-09-21 20:38:04] [PELANDO]   Falha ao acessar Pichau
[2026-09-21 20:38:06] [PELANDO] Scraping Terabyte Shop (https://www.pelando.com.br/cupons-de-descontos/terabyte)
[2026-09-21 20:38:10] [PELANDO]   Falha ao acessar Terabyte Shop
[2026-09-21 20:38:12] [PELANDO] Completado: 0 Pelando + 5 manuales = 5 total
[2026-09-21 20:38:12] [AGENTE-ML] Consultando scraping de ofertas en Mercado Livre...
[2026-09-21 20:39:07] [AGENTE-ML] Scraping ML: 1079 ofertas obtenidas
[2026-09-21 20:39:07] [AGENTE-ML] Guardados 40 achados en achados_ml.json
[2026-09-21 20:39:07] [AGENTE-AMAZON] Cosechando Bestsellers y ofertas de categorías Amazon...
[2026-09-21 20:39:30] [AGENTE-AMAZON] Amazon direct: 81 ofertas cosechadas
[2026-09-21 20:39:30] [AGENTE-AMAZON] Cosechando ofertas quentes de Amazon en Pelando...
[2026-09-21 20:39:31] [AGENTE-AMAZON] Amazon Pelando: 0 ofertas obtenidas
[2026-09-21 20:39:31] [AGENTE-AMAZON] Guardados 40 achados en achados_amazon.json
[2026-09-21 23:36:53] [PELANDO] Scraping Amazon (https://www.pelando.com.br/cupons-de-descontos/amazon)
[2026-09-21 23:36:57] [PELANDO]   Falha ao acessar Amazon
[2026-09-21 23:36:59] [PELANDO] Scraping KaBuM! (https://www.pelando.com.br/cupons-de-descontos/kabum)
[2026-09-21 23:37:03] [PELANDO]   Falha ao acessar KaBuM!
[2026-09-21 23:37:05] [PELANDO] Scraping Mercado Livre (https://www.pelando.com.br/cupons-de-descontos/mercado-livre)
[2026-09-21 23:37:10] [PELANDO]   Falha ao acessar Mercado Livre
[2026-09-21 23:37:12] [PELANDO] Scraping Shopee (https://www.pelando.com.br/cupons-de-descontos/shopee)
[2026-09-21 23:37:16] [PELANDO]   Falha ao acessar Shopee
[2026-09-21 23:37:18] [PELANDO] Scraping Magazine Luiza (https://www.pelando.com.br/cupons-de-descontos/magalu)
[2026-09-21 23:37:22] [PELANDO]   Falha ao acessar Magazine Luiza
[2026-09-21 23:37:24] [PELANDO] Scraping AliExpress (https://www.pelando.com.br/cupons-de-descontos/aliexpress)
[2026-09-21 23:37:28] [PELANDO]   Falha ao acessar AliExpress
[2026-09-21 23:37:30] [PELANDO] Scraping Pichau (https://www.pelando.com.br/cupons-de-descontos/pichau)
[2026-09-21 23:37:35] [PELANDO]   Falha ao acessar Pichau
[2026-09-21 23:37:37] [PELANDO] Scraping Terabyte Shop (https://www.pelando.com.br/cupons-de-descontos/terabyte)
[2026-09-21 23:37:41] [PELANDO]   Falha ao acessar Terabyte Shop
[2026-09-21 23:37:43] [PELANDO] Completado: 0 Pelando + 5 manuales = 5 total
[2026-09-21 23:37:43] [AGENTE-ML] Consultando scraping de ofertas en Mercado Livre...
[2026-09-21 23:38:44] [AGENTE-ML] Scraping ML: 1099 ofertas obtenidas
[2026-09-21 23:38:44] [AGENTE-ML] Guardados 40 achados en achados_ml.json
[2026-09-21 23:38:45] [AGENTE-AMAZON] Cosechando Bestsellers y ofertas de categorías Amazon...
[2026-09-21 23:39:07] [AGENTE-AMAZON] Amazon direct: 30 ofertas cosechadas
[2026-09-21 23:39:07] [AGENTE-AMAZON] Cosechando ofertas quentes de Amazon en Pelando...
[2026-09-21 23:39:07] [AGENTE-AMAZON] Amazon Pelando: 0 ofertas obtenidas
[2026-09-21 23:39:07] [AGENTE-AMAZON] Guardados 30 achados en achados_amazon.json
[2026-09-22 01:52:20] [PELANDO] Scraping Amazon (https://www.pelando.com.br/cupons-de-descontos/amazon)
[2026-09-22 01:52:25] [PELANDO]   Falha ao acessar Amazon
[2026-09-22 01:52:27] [PELANDO] Scraping KaBuM! (https://www.pelando.com.br/cupons-de-descontos/kabum)
[2026-09-22 01:52:31] [PELANDO]   Falha ao acessar KaBuM!
[2026-09-22 01:52:33] [PELANDO] Scraping Mercado Livre (https://www.pelando.com.br/cupons-de-descontos/mercado-livre)
[2026-09-22 01:52:37] [PELANDO]   Falha ao acessar Mercado Livre
[2026-09-22 01:52:39] [PELANDO] Scraping Shopee (https://www.pelando.com.br/cupons-de-descontos/shopee)
[2026-09-22 01:52:43] [PELANDO]   Falha ao acessar Shopee
[2026-09-22 01:52:45] [PELANDO] Scraping Magazine Luiza (https://www.pelando.com.br/cupons-de-descontos/magalu)
[2026-09-22 01:52:50] [PELANDO]   Falha ao acessar Magazine Luiza
[2026-09-22 01:52:52] [PELANDO] Scraping AliExpress (https://www.pelando.com.br/cupons-de-descontos/aliexpress)
[2026-09-22 01:52:56] [PELANDO]   Falha ao acessar AliExpress
[2026-09-22 01:52:58] [PELANDO] Scraping Pichau (https://www.pelando.com.br/cupons-de-descontos/pichau)
[2026-09-22 01:53:02] [PELANDO]   Falha ao acessar Pichau
[2026-09-22 01:53:04] [PELANDO] Scraping Terabyte Shop (https://www.pelando.com.br/cupons-de-descontos/terabyte)
[2026-09-22 01:53:08] [PELANDO]   Falha ao acessar Terabyte Shop
[2026-09-22 01:53:10] [PELANDO] Completado: 0 Pelando + 5 manuales = 5 total
[2026-09-22 01:53:10] [AGENTE-ML] Consultando scraping de ofertas en Mercado Livre...
[2026-09-22 01:54:07] [AGENTE-ML] Scraping ML: 1099 ofertas obtenidas
[2026-09-22 01:54:07] [AGENTE-ML] Guardados 40 achados en achados_ml.json
[2026-09-22 01:54:07] [AGENTE-AMAZON] Cosechando Bestsellers y ofertas de categorías Amazon...
[2026-09-22 01:54:29] [AGENTE-AMAZON] Amazon direct: 0 ofertas cosechadas
[2026-09-22 01:54:29] [AGENTE-AMAZON] Cosechando ofertas quentes de Amazon en Pelando...
[2026-09-22 01:54:29] [AGENTE-AMAZON] Amazon Pelando: 0 ofertas obtenidas
[2026-09-22 01:54:29] [AGENTE-AMAZON] Guardados 0 achados en achados_amazon.json
[2026-09-22 15:17:32] [PELANDO] Scraping Amazon (https://www.pelando.com.br/cupons-de-descontos/amazon)
[2026-09-22 15:17:36] [PELANDO]   Falha ao acessar Amazon
[2026-09-22 15:17:38] [PELANDO] Scraping KaBuM! (https://www.pelando.com.br/cupons-de-descontos/kabum)
[2026-09-22 15:17:42] [PELANDO]   Falha ao acessar KaBuM!
[2026-09-22 15:17:44] [PELANDO] Scraping Mercado Livre (https://www.pelando.com.br/cupons-de-descontos/mercado-livre)
[2026-09-22 15:17:48] [PELANDO]   Falha ao acessar Mercado Livre
[2026-09-22 15:17:50] [PELANDO] Scraping Shopee (https://www.pelando.com.br/cupons-de-descontos/shopee)
[2026-09-22 15:17:54] [PELANDO]   Falha ao acessar Shopee
[2026-09-22 15:17:56] [PELANDO] Scraping Magazine Luiza (https://www.pelando.com.br/cupons-de-descontos/magalu)
[2026-09-22 15:18:01] [PELANDO]   Falha ao acessar Magazine Luiza
[2026-09-22 15:18:03] [PELANDO] Scraping AliExpress (https://www.pelando.com.br/cupons-de-descontos/aliexpress)
[2026-09-22 15:18:07] [PELANDO]   Falha ao acessar AliExpress
[2026-09-22 15:18:09] [PELANDO] Scraping Pichau (https://www.pelando.com.br/cupons-de-descontos/pichau)
[2026-09-22 15:18:13] [PELANDO]   Falha ao acessar Pichau
[2026-09-22 15:18:15] [PELANDO] Scraping Terabyte Shop (https://www.pelando.com.br/cupons-de-descontos/terabyte)
[2026-09-22 15:18:19] [PELANDO]   Falha ao acessar Terabyte Shop
[2026-09-22 15:18:21] [PELANDO] Completado: 0 Pelando + 5 manuales = 5 total
[2026-09-22 15:18:21] [AGENTE-ML] Consultando scraping de ofertas en Mercado Livre...
[2026-09-22 15:19:16] [AGENTE-ML] Scraping ML: 1078 ofertas obtenidas
[2026-09-22 15:19:16] [AGENTE-ML] Guardados 40 achados en achados_ml.json
[2026-09-22 15:19:17] [AGENTE-AMAZON] Cosechando Bestsellers y ofertas de categorías Amazon...
[2026-09-22 15:19:41] [AGENTE-AMAZON] Amazon direct: 59 ofertas cosechadas
[2026-09-22 15:19:41] [AGENTE-AMAZON] Cosechando ofertas quentes de Amazon en Pelando...
[2026-09-22 15:19:41] [AGENTE-AMAZON] Amazon Pelando: 0 ofertas obtenidas
[2026-09-22 15:19:41] [AGENTE-AMAZON] Guardados 40 achados en achados_amazon.json
[2026-09-22 19:01:33] [PELANDO] Scraping Amazon (https://www.pelando.com.br/cupons-de-descontos/amazon)
[2026-09-22 19:01:37] [PELANDO]   Falha ao acessar Amazon
[2026-09-22 19:01:39] [PELANDO] Scraping KaBuM! (https://www.pelando.com.br/cupons-de-descontos/kabum)
[2026-09-22 19:01:44] [PELANDO]   Falha ao acessar KaBuM!
[2026-09-22 19:01:46] [PELANDO] Scraping Mercado Livre (https://www.pelando.com.br/cupons-de-descontos/mercado-livre)
[2026-09-22 19:01:50] [PELANDO]   Falha ao acessar Mercado Livre
[2026-09-22 19:01:52] [PELANDO] Scraping Shopee (https://www.pelando.com.br/cupons-de-descontos/shopee)
[2026-09-22 19:01:56] [PELANDO]   Falha ao acessar Shopee
[2026-09-22 19:01:58] [PELANDO] Scraping Magazine Luiza (https://www.pelando.com.br/cupons-de-descontos/magalu)
[2026-09-22 19:02:02] [PELANDO]   Falha ao acessar Magazine Luiza
[2026-09-22 19:02:04] [PELANDO] Scraping AliExpress (https://www.pelando.com.br/cupons-de-descontos/aliexpress)
[2026-09-22 19:02:09] [PELANDO]   Falha ao acessar AliExpress
[2026-09-22 19:02:11] [PELANDO] Scraping Pichau (https://www.pelando.com.br/cupons-de-descontos/pichau)
[2026-09-22 19:02:15] [PELANDO]   Falha ao acessar Pichau
[2026-09-22 19:02:17] [PELANDO] Scraping Terabyte Shop (https://www.pelando.com.br/cupons-de-descontos/terabyte)
[2026-09-22 19:02:21] [PELANDO]   Falha ao acessar Terabyte Shop
[2026-09-22 19:02:23] [PELANDO] Completado: 0 Pelando + 5 manuales = 5 total
[2026-09-22 19:02:23] [AGENTE-ML] Consultando scraping de ofertas en Mercado Livre...
[2026-09-22 19:03:20] [AGENTE-ML] Scraping ML: 1049 ofertas obtenidas
[2026-09-22 19:03:20] [AGENTE-ML] Guardados 40 achados en achados_ml.json
[2026-09-22 19:03:20] [AGENTE-AMAZON] Cosechando Bestsellers y ofertas de categorías Amazon...
[2026-09-22 19:03:41] [AGENTE-AMAZON] Amazon direct: 0 ofertas cosechadas
[2026-09-22 19:03:41] [AGENTE-AMAZON] Cosechando ofertas quentes de Amazon en Pelando...
[2026-09-22 19:03:41] [AGENTE-AMAZON] Amazon Pelando: 0 ofertas obtenidas
[2026-09-22 19:03:41] [AGENTE-AMAZON] Guardados 0 achados en achados_amazon.json
[2026-09-22 22:05:37] [PELANDO] Scraping Amazon (https://www.pelando.com.br/cupons-de-descontos/amazon)
[2026-09-22 22:05:41] [PELANDO]   Falha ao acessar Amazon
[2026-09-22 22:05:43] [PELANDO] Scraping KaBuM! (https://www.pelando.com.br/cupons-de-descontos/kabum)
[2026-09-22 22:05:48] [PELANDO]   Falha ao acessar KaBuM!
[2026-09-22 22:05:50] [PELANDO] Scraping Mercado Livre (https://www.pelando.com.br/cupons-de-descontos/mercado-livre)
[2026-09-22 22:05:54] [PELANDO]   Falha ao acessar Mercado Livre
[2026-09-22 22:05:56] [PELANDO] Scraping Shopee (https://www.pelando.com.br/cupons-de-descontos/shopee)
[2026-09-22 22:06:00] [PELANDO]   Falha ao acessar Shopee
[2026-09-22 22:06:02] [PELANDO] Scraping Magazine Luiza (https://www.pelando.com.br/cupons-de-descontos/magalu)
[2026-09-22 22:06:06] [PELANDO]   Falha ao acessar Magazine Luiza
[2026-09-22 22:06:08] [PELANDO] Scraping AliExpress (https://www.pelando.com.br/cupons-de-descontos/aliexpress)
[2026-09-22 22:06:12] [PELANDO]   Falha ao acessar AliExpress
[2026-09-22 22:06:14] [PELANDO] Scraping Pichau (https://www.pelando.com.br/cupons-de-descontos/pichau)
[2026-09-22 22:06:18] [PELANDO]   Falha ao acessar Pichau
[2026-09-22 22:06:20] [PELANDO] Scraping Terabyte Shop (https://www.pelando.com.br/cupons-de-descontos/terabyte)
[2026-09-22 22:06:24] [PELANDO]   Falha ao acessar Terabyte Shop
[2026-09-22 22:06:26] [PELANDO] Completado: 0 Pelando + 5 manuales = 5 total
[2026-09-22 22:06:26] [AGENTE-ML] Consultando scraping de ofertas en Mercado Livre...
[2026-09-22 22:07:26] [AGENTE-ML] Scraping ML: 1078 ofertas obtenidas
[2026-09-22 22:07:26] [AGENTE-ML] Guardados 40 achados en achados_ml.json
[2026-09-22 22:07:26] [AGENTE-AMAZON] Cosechando Bestsellers y ofertas de categorías Amazon...
[2026-09-22 22:07:48] [AGENTE-AMAZON] Amazon direct: 0 ofertas cosechadas
[2026-09-22 22:07:48] [AGENTE-AMAZON] Cosechando ofertas quentes de Amazon en Pelando...
[2026-09-22 22:07:48] [AGENTE-AMAZON] Amazon Pelando: 0 ofertas obtenidas
[2026-09-22 22:07:48] [AGENTE-AMAZON] Guardados 0 achados en achados_amazon.json
[2026-09-23 00:28:54] [PELANDO] Scraping Amazon (https://www.pelando.com.br/cupons-de-descontos/amazon)
[2026-09-23 00:28:59] [PELANDO]   Falha ao acessar Amazon
[2026-09-23 00:29:01] [PELANDO] Scraping KaBuM! (https://www.pelando.com.br/cupons-de-descontos/kabum)
[2026-09-23 00:29:05] [PELANDO]   Falha ao acessar KaBuM!
[2026-09-23 00:29:07] [PELANDO] Scraping Mercado Livre (https://www.pelando.com.br/cupons-de-descontos/mercado-livre)
[2026-09-23 00:29:11] [PELANDO]   Falha ao acessar Mercado Livre
[2026-09-23 00:29:13] [PELANDO] Scraping Shopee (https://www.pelando.com.br/cupons-de-descontos/shopee)
[2026-09-23 00:29:17] [PELANDO]   Falha ao acessar Shopee
[2026-09-23 00:29:19] [PELANDO] Scraping Magazine Luiza (https://www.pelando.com.br/cupons-de-descontos/magalu)
[2026-09-23 00:29:24] [PELANDO]   Falha ao acessar Magazine Luiza
[2026-09-23 00:29:26] [PELANDO] Scraping AliExpress (https://www.pelando.com.br/cupons-de-descontos/aliexpress)
[2026-09-23 00:29:30] [PELANDO]   Falha ao acessar AliExpress
[2026-09-23 00:29:32] [PELANDO] Scraping Pichau (https://www.pelando.com.br/cupons-de-descontos/pichau)
[2026-09-23 00:29:36] [PELANDO]   Falha ao acessar Pichau
[2026-09-23 00:29:38] [PELANDO] Scraping Terabyte Shop (https://www.pelando.com.br/cupons-de-descontos/terabyte)
[2026-09-23 00:29:43] [PELANDO]   Falha ao acessar Terabyte Shop
[2026-09-23 00:29:45] [PELANDO] Completado: 0 Pelando + 5 manuales = 5 total
[2026-09-23 00:29:45] [AGENTE-ML] Consultando scraping de ofertas en Mercado Livre...
[2026-09-23 00:30:42] [AGENTE-ML] Scraping ML: 1078 ofertas obtenidas
[2026-09-23 00:30:42] [AGENTE-ML] Guardados 40 achados en achados_ml.json
[2026-09-23 00:30:43] [AGENTE-AMAZON] Cosechando Bestsellers y ofertas de categorías Amazon...
[2026-09-23 00:31:09] [AGENTE-AMAZON] Amazon direct: 112 ofertas cosechadas
[2026-09-23 00:31:09] [AGENTE-AMAZON] Cosechando ofertas quentes de Amazon en Pelando...
[2026-09-23 00:31:09] [AGENTE-AMAZON] Amazon Pelando: 0 ofertas obtenidas
[2026-09-23 00:31:09] [AGENTE-AMAZON] Guardados 40 achados en achados_amazon.json
[2026-09-23 15:14:28] [PELANDO] Scraping Amazon (https://www.pelando.com.br/cupons-de-descontos/amazon)
[2026-09-23 15:14:33] [PELANDO]   Falha ao acessar Amazon
[2026-09-23 15:14:35] [PELANDO] Scraping KaBuM! (https://www.pelando.com.br/cupons-de-descontos/kabum)
[2026-09-23 15:14:39] [PELANDO]   Falha ao acessar KaBuM!
[2026-09-23 15:14:41] [PELANDO] Scraping Mercado Livre (https://www.pelando.com.br/cupons-de-descontos/mercado-livre)
[2026-09-23 15:14:45] [PELANDO]   Falha ao acessar Mercado Livre
[2026-09-23 15:14:47] [PELANDO] Scraping Shopee (https://www.pelando.com.br/cupons-de-descontos/shopee)
[2026-09-23 15:14:51] [PELANDO]   Falha ao acessar Shopee
[2026-09-23 15:14:53] [PELANDO] Scraping Magazine Luiza (https://www.pelando.com.br/cupons-de-descontos/magalu)
[2026-09-23 15:14:57] [PELANDO]   Falha ao acessar Magazine Luiza
[2026-09-23 15:14:59] [PELANDO] Scraping AliExpress (https://www.pelando.com.br/cupons-de-descontos/aliexpress)
[2026-09-23 15:15:03] [PELANDO]   Falha ao acessar AliExpress
[2026-09-23 15:15:05] [PELANDO] Scraping Pichau (https://www.pelando.com.br/cupons-de-descontos/pichau)
[2026-09-23 15:15:10] [PELANDO]   Falha ao acessar Pichau
[2026-09-23 15:15:12] [PELANDO] Scraping Terabyte Shop (https://www.pelando.com.br/cupons-de-descontos/terabyte)
[2026-09-23 15:15:16] [PELANDO]   Falha ao acessar Terabyte Shop
[2026-09-23 15:15:18] [PELANDO] Completado: 0 Pelando + 5 manuales = 5 total
[2026-09-23 15:15:18] [AGENTE-ML] Consultando scraping de ofertas en Mercado Livre...
[2026-09-23 15:16:17] [AGENTE-ML] Scraping ML: 1096 ofertas obtenidas
[2026-09-23 15:16:17] [AGENTE-ML] Guardados 40 achados en achados_ml.json
[2026-09-23 15:16:17] [AGENTE-AMAZON] Cosechando Bestsellers y ofertas de categorías Amazon...
[2026-09-23 15:16:40] [AGENTE-AMAZON] Amazon direct: 30 ofertas cosechadas
[2026-09-23 15:16:40] [AGENTE-AMAZON] Cosechando ofertas quentes de Amazon en Pelando...
[2026-09-23 15:16:40] [AGENTE-AMAZON] Amazon Pelando: 0 ofertas obtenidas
[2026-09-23 15:16:40] [AGENTE-AMAZON] Guardados 28 achados en achados_amazon.json
[2026-09-23 16:11:26] [PELANDO] Scraping Amazon (https://www.pelando.com.br/cupons-de-descontos/amazon)
[2026-09-23 16:11:30] [PELANDO]   Falha ao acessar Amazon
[2026-09-23 16:11:32] [PELANDO] Scraping KaBuM! (https://www.pelando.com.br/cupons-de-descontos/kabum)
[2026-09-23 16:11:37] [PELANDO]   Falha ao acessar KaBuM!
[2026-09-23 16:11:39] [PELANDO] Scraping Mercado Livre (https://www.pelando.com.br/cupons-de-descontos/mercado-livre)
[2026-09-23 16:11:43] [PELANDO]   Falha ao acessar Mercado Livre
[2026-09-23 16:11:45] [PELANDO] Scraping Shopee (https://www.pelando.com.br/cupons-de-descontos/shopee)
[2026-09-23 16:11:49] [PELANDO]   Falha ao acessar Shopee
[2026-09-23 16:11:51] [PELANDO] Scraping Magazine Luiza (https://www.pelando.com.br/cupons-de-descontos/magalu)
[2026-09-23 16:11:55] [PELANDO]   Falha ao acessar Magazine Luiza
[2026-09-23 16:11:57] [PELANDO] Scraping AliExpress (https://www.pelando.com.br/cupons-de-descontos/aliexpress)
[2026-09-23 16:12:01] [PELANDO]   Falha ao acessar AliExpress
[2026-09-23 16:12:03] [PELANDO] Scraping Pichau (https://www.pelando.com.br/cupons-de-descontos/pichau)
[2026-09-23 16:12:07] [PELANDO]   Falha ao acessar Pichau
[2026-09-23 16:12:09] [PELANDO] Scraping Terabyte Shop (https://www.pelando.com.br/cupons-de-descontos/terabyte)
[2026-09-23 16:12:14] [PELANDO]   Falha ao acessar Terabyte Shop
[2026-09-23 16:12:16] [PELANDO] Completado: 0 Pelando + 5 manuales = 5 total
[2026-09-23 16:12:16] [AGENTE-ML] Consultando scraping de ofertas en Mercado Livre...
[2026-09-23 16:13:17] [AGENTE-ML] Scraping ML: 1062 ofertas obtenidas
[2026-09-23 16:13:17] [AGENTE-ML] Guardados 40 achados en achados_ml.json
[2026-09-23 16:13:17] [AGENTE-AMAZON] Cosechando Bestsellers y ofertas de categorías Amazon...
[2026-09-23 16:13:40] [AGENTE-AMAZON] Amazon direct: 58 ofertas cosechadas
[2026-09-23 16:13:40] [AGENTE-AMAZON] Cosechando ofertas quentes de Amazon en Pelando...
[2026-09-23 16:13:40] [AGENTE-AMAZON] Amazon Pelando: 0 ofertas obtenidas
[2026-09-23 16:13:40] [AGENTE-AMAZON] Guardados 40 achados en achados_amazon.json
[2026-09-23 22:59:54] [CUPONS_ML] Consultando página oficial https://www.mercadolivre.com.br/cupons (Cookie presente: False)...
[2026-09-23 22:59:55] [CUPONS_ML] Página requiere autenticación o sesión activa.
[2026-09-23 22:59:55] [CUPONS_ML] Utilizando fallback de Pelando para Mercado Livre...
[2026-09-23 22:59:55] [CUPONS_ML] Ejecutando fallback en Pelando: https://www.pelando.com.br/cupons-de-descontos/mercado-livre...
[2026-09-23 22:59:55] [CUPONS_ML] Se encontraron 87 ofertas de cupones de Mercado Livre en Pelando.
[2026-09-23 22:59:55] [CUPONS_ML] Fallback Pelando finalizado con 0 cupones procesados.
[2026-09-23 22:59:55] [CUPONS_ML] Limpieza completada: 2 vencidos eliminados, 0 marcados vigente=false.
[2026-09-23 22:59:55] [CUPONS_ML] Cupones ML actualizados: 1 nuevos, 0 refrescados.
[2026-09-23 22:59:55] [CUPONS_ML] Total cupones en cupones.json: 4
[2026-09-24 14:07:46] [PELANDO] Scraping Amazon (https://www.pelando.com.br/cupons-de-descontos/amazon)
[2026-09-24 14:07:50] [PELANDO]   Falha ao acessar Amazon
[2026-09-24 14:07:52] [PELANDO] Scraping KaBuM! (https://www.pelando.com.br/cupons-de-descontos/kabum)
[2026-09-24 14:07:56] [PELANDO]   Falha ao acessar KaBuM!
[2026-09-24 14:07:58] [PELANDO] Scraping Mercado Livre (https://www.pelando.com.br/cupons-de-descontos/mercado-livre)
[2026-09-24 14:08:03] [PELANDO]   Falha ao acessar Mercado Livre
[2026-09-24 14:08:05] [PELANDO] Scraping Shopee (https://www.pelando.com.br/cupons-de-descontos/shopee)
[2026-09-24 14:08:09] [PELANDO]   Falha ao acessar Shopee
[2026-09-24 14:08:11] [PELANDO] Scraping Magazine Luiza (https://www.pelando.com.br/cupons-de-descontos/magalu)
[2026-09-24 14:08:15] [PELANDO]   Falha ao acessar Magazine Luiza
[2026-09-24 14:08:17] [PELANDO] Scraping AliExpress (https://www.pelando.com.br/cupons-de-descontos/aliexpress)
[2026-09-24 14:08:21] [PELANDO]   Falha ao acessar AliExpress
[2026-09-24 14:08:23] [PELANDO] Scraping Pichau (https://www.pelando.com.br/cupons-de-descontos/pichau)
[2026-09-24 14:08:28] [PELANDO]   Falha ao acessar Pichau
[2026-09-24 14:08:30] [PELANDO] Scraping Terabyte Shop (https://www.pelando.com.br/cupons-de-descontos/terabyte)
[2026-09-24 14:08:34] [PELANDO]   Falha ao acessar Terabyte Shop
[2026-09-24 14:08:36] [PELANDO] Completado: 0 Pelando + 11 manuales = 11 total
[2026-09-24 14:08:36] [AGENTE-ML] Consultando scraping de ofertas en Mercado Livre...
[2026-09-24 14:09:36] [AGENTE-ML] Scraping ML: 999 ofertas obtenidas
[2026-09-24 14:09:36] [AGENTE-ML] Guardados 40 achados en achados_ml.json
[2026-09-24 14:09:36] [AGENTE-AMAZON] Cosechando Bestsellers y ofertas de categorías Amazon...
[2026-09-24 14:09:58] [AGENTE-AMAZON] Amazon direct: 0 ofertas cosechadas
[2026-09-24 14:09:58] [AGENTE-AMAZON] Cosechando ofertas quentes de Amazon en Pelando...
[2026-09-24 14:09:58] [AGENTE-AMAZON] Amazon Pelando: 0 ofertas obtenidas
[2026-09-24 14:09:58] [AGENTE-AMAZON] Guardados 0 achados en achados_amazon.json
[2026-09-24 15:36:55] [PELANDO] Scraping Amazon (https://www.pelando.com.br/cupons-de-descontos/amazon)
[2026-09-24 15:36:59] [PELANDO]   Falha ao acessar Amazon
[2026-09-24 15:37:01] [PELANDO] Scraping KaBuM! (https://www.pelando.com.br/cupons-de-descontos/kabum)
[2026-09-24 15:37:06] [PELANDO]   Falha ao acessar KaBuM!
[2026-09-24 15:37:08] [PELANDO] Scraping Mercado Livre (https://www.pelando.com.br/cupons-de-descontos/mercado-livre)
[2026-09-24 15:37:12] [PELANDO]   Falha ao acessar Mercado Livre
[2026-09-24 15:37:14] [PELANDO] Scraping Shopee (https://www.pelando.com.br/cupons-de-descontos/shopee)
[2026-09-24 15:37:18] [PELANDO]   Falha ao acessar Shopee
[2026-09-24 15:37:20] [PELANDO] Scraping Magazine Luiza (https://www.pelando.com.br/cupons-de-descontos/magalu)
[2026-09-24 15:37:24] [PELANDO]   Falha ao acessar Magazine Luiza
[2026-09-24 15:37:26] [PELANDO] Scraping AliExpress (https://www.pelando.com.br/cupons-de-descontos/aliexpress)
[2026-09-24 15:37:31] [PELANDO]   Falha ao acessar AliExpress
[2026-09-24 15:37:33] [PELANDO] Scraping Pichau (https://www.pelando.com.br/cupons-de-descontos/pichau)
[2026-09-24 15:37:37] [PELANDO]   Falha ao acessar Pichau
[2026-09-24 15:37:39] [PELANDO] Scraping Terabyte Shop (https://www.pelando.com.br/cupons-de-descontos/terabyte)
[2026-09-24 15:37:43] [PELANDO]   Falha ao acessar Terabyte Shop
[2026-09-24 15:37:45] [PELANDO] Completado: 0 Pelando + 11 manuales = 11 total
[2026-09-24 15:37:45] [AGENTE-ML] Consultando scraping de ofertas en Mercado Livre...
[2026-09-24 15:38:44] [AGENTE-ML] Scraping ML: 998 ofertas obtenidas
[2026-09-24 15:38:44] [AGENTE-ML] Guardados 40 achados en achados_ml.json
[2026-09-24 15:38:44] [AGENTE-AMAZON] Cosechando Bestsellers y ofertas de categorías Amazon...
[2026-09-24 15:39:09] [AGENTE-AMAZON] Amazon direct: 90 ofertas cosechadas
[2026-09-24 15:39:09] [AGENTE-AMAZON] Cosechando ofertas quentes de Amazon en Pelando...
[2026-09-24 15:39:09] [AGENTE-AMAZON] Amazon Pelando: 0 ofertas obtenidas
[2026-09-24 15:39:09] [AGENTE-AMAZON] Guardados 40 achados en achados_amazon.json
[2026-09-24 19:29:57] [PELANDO] Scraping Amazon (https://www.pelando.com.br/cupons-de-descontos/amazon)
[2026-09-24 19:30:01] [PELANDO]   Falha ao acessar Amazon
[2026-09-24 19:30:03] [PELANDO] Scraping KaBuM! (https://www.pelando.com.br/cupons-de-descontos/kabum)
[2026-09-24 19:30:07] [PELANDO]   Falha ao acessar KaBuM!
[2026-09-24 19:30:09] [PELANDO] Scraping Mercado Livre (https://www.pelando.com.br/cupons-de-descontos/mercado-livre)
[2026-09-24 19:30:13] [PELANDO]   Falha ao acessar Mercado Livre
[2026-09-24 19:30:15] [PELANDO] Scraping Shopee (https://www.pelando.com.br/cupons-de-descontos/shopee)
[2026-09-24 19:30:19] [PELANDO]   Falha ao acessar Shopee
[2026-09-24 19:30:21] [PELANDO] Scraping Magazine Luiza (https://www.pelando.com.br/cupons-de-descontos/magalu)
[2026-09-24 19:30:26] [PELANDO]   Falha ao acessar Magazine Luiza
[2026-09-24 19:30:28] [PELANDO] Scraping AliExpress (https://www.pelando.com.br/cupons-de-descontos/aliexpress)
[2026-09-24 19:30:32] [PELANDO]   Falha ao acessar AliExpress
[2026-09-24 19:30:34] [PELANDO] Scraping Pichau (https://www.pelando.com.br/cupons-de-descontos/pichau)
[2026-09-24 19:30:38] [PELANDO]   Falha ao acessar Pichau
[2026-09-24 19:30:40] [PELANDO] Scraping Terabyte Shop (https://www.pelando.com.br/cupons-de-descontos/terabyte)
[2026-09-24 19:30:44] [PELANDO]   Falha ao acessar Terabyte Shop
[2026-09-24 19:30:46] [PELANDO] Completado: 0 Pelando + 11 manuales = 11 total
[2026-09-24 19:30:46] [AGENTE-ML] Consultando scraping de ofertas en Mercado Livre...
[2026-09-24 19:31:45] [AGENTE-ML] Scraping ML: 1076 ofertas obtenidas
[2026-09-24 19:31:45] [AGENTE-ML] Guardados 40 achados en achados_ml.json
[2026-09-24 19:31:45] [AGENTE-AMAZON] Cosechando Bestsellers y ofertas de categorías Amazon...
[2026-09-24 19:32:09] [AGENTE-AMAZON] Amazon direct: 88 ofertas cosechadas
[2026-09-24 19:32:09] [AGENTE-AMAZON] Cosechando ofertas quentes de Amazon en Pelando...
[2026-09-24 19:32:09] [AGENTE-AMAZON] Amazon Pelando: 0 ofertas obtenidas
[2026-09-24 19:32:09] [AGENTE-AMAZON] Guardados 40 achados en achados_amazon.json
[2026-09-24 22:39:50] [PELANDO] Scraping Amazon (https://www.pelando.com.br/cupons-de-descontos/amazon)
[2026-09-24 22:39:54] [PELANDO]   Falha ao acessar Amazon
[2026-09-24 22:39:56] [PELANDO] Scraping KaBuM! (https://www.pelando.com.br/cupons-de-descontos/kabum)
[2026-09-24 22:40:00] [PELANDO]   Falha ao acessar KaBuM!
[2026-09-24 22:40:02] [PELANDO] Scraping Mercado Livre (https://www.pelando.com.br/cupons-de-descontos/mercado-livre)
[2026-09-24 22:40:07] [PELANDO]   Falha ao acessar Mercado Livre
[2026-09-24 22:40:09] [PELANDO] Scraping Shopee (https://www.pelando.com.br/cupons-de-descontos/shopee)
[2026-09-24 22:40:13] [PELANDO]   Falha ao acessar Shopee
[2026-09-24 22:40:15] [PELANDO] Scraping Magazine Luiza (https://www.pelando.com.br/cupons-de-descontos/magalu)
[2026-09-24 22:40:19] [PELANDO]   Falha ao acessar Magazine Luiza
[2026-09-24 22:40:21] [PELANDO] Scraping AliExpress (https://www.pelando.com.br/cupons-de-descontos/aliexpress)
[2026-09-24 22:40:25] [PELANDO]   Falha ao acessar AliExpress
[2026-09-24 22:40:27] [PELANDO] Scraping Pichau (https://www.pelando.com.br/cupons-de-descontos/pichau)
[2026-09-24 22:40:31] [PELANDO]   Falha ao acessar Pichau
[2026-09-24 22:40:33] [PELANDO] Scraping Terabyte Shop (https://www.pelando.com.br/cupons-de-descontos/terabyte)
[2026-09-24 22:40:37] [PELANDO]   Falha ao acessar Terabyte Shop
[2026-09-24 22:40:39] [PELANDO] Completado: 0 Pelando + 11 manuales = 11 total
[2026-09-24 22:40:39] [AGENTE-ML] Consultando scraping de ofertas en Mercado Livre...
[2026-09-24 22:41:35] [AGENTE-ML] Scraping ML: 1074 ofertas obtenidas
[2026-09-24 22:41:35] [AGENTE-ML] Guardados 40 achados en achados_ml.json
[2026-09-24 22:41:35] [AGENTE-AMAZON] Cosechando Bestsellers y ofertas de categorías Amazon...
[2026-09-24 22:41:57] [AGENTE-AMAZON] Amazon direct: 27 ofertas cosechadas
[2026-09-24 22:41:57] [AGENTE-AMAZON] Cosechando ofertas quentes de Amazon en Pelando...
[2026-09-24 22:41:57] [AGENTE-AMAZON] Amazon Pelando: 0 ofertas obtenidas
[2026-09-24 22:41:57] [AGENTE-AMAZON] Guardados 23 achados en achados_amazon.json
[2026-09-25 00:48:51] [PELANDO] Scraping Amazon (https://www.pelando.com.br/cupons-de-descontos/amazon)
[2026-09-25 00:48:55] [PELANDO]   Falha ao acessar Amazon
[2026-09-25 00:48:57] [PELANDO] Scraping KaBuM! (https://www.pelando.com.br/cupons-de-descontos/kabum)
[2026-09-25 00:49:01] [PELANDO]   Falha ao acessar KaBuM!
[2026-09-25 00:49:03] [PELANDO] Scraping Mercado Livre (https://www.pelando.com.br/cupons-de-descontos/mercado-livre)
[2026-09-25 00:49:08] [PELANDO]   Falha ao acessar Mercado Livre
[2026-09-25 00:49:10] [PELANDO] Scraping Shopee (https://www.pelando.com.br/cupons-de-descontos/shopee)
[2026-09-25 00:49:14] [PELANDO]   Falha ao acessar Shopee
[2026-09-25 00:49:16] [PELANDO] Scraping Magazine Luiza (https://www.pelando.com.br/cupons-de-descontos/magalu)
[2026-09-25 00:49:20] [PELANDO]   Falha ao acessar Magazine Luiza
[2026-09-25 00:49:22] [PELANDO] Scraping AliExpress (https://www.pelando.com.br/cupons-de-descontos/aliexpress)
[2026-09-25 00:49:26] [PELANDO]   Falha ao acessar AliExpress
[2026-09-25 00:49:28] [PELANDO] Scraping Pichau (https://www.pelando.com.br/cupons-de-descontos/pichau)
[2026-09-25 00:49:32] [PELANDO]   Falha ao acessar Pichau
[2026-09-25 00:49:34] [PELANDO] Scraping Terabyte Shop (https://www.pelando.com.br/cupons-de-descontos/terabyte)
[2026-09-25 00:49:38] [PELANDO]   Falha ao acessar Terabyte Shop
[2026-09-25 00:49:40] [PELANDO] Completado: 0 Pelando + 11 manuales = 11 total
[2026-09-25 00:49:40] [AGENTE-ML] Consultando scraping de ofertas en Mercado Livre...
[2026-09-25 00:50:36] [AGENTE-ML] Scraping ML: 1076 ofertas obtenidas
[2026-09-25 00:50:36] [AGENTE-ML] Guardados 40 achados en achados_ml.json
[2026-09-25 00:50:36] [AGENTE-AMAZON] Cosechando Bestsellers y ofertas de categorías Amazon...
[2026-09-25 00:50:59] [AGENTE-AMAZON] Amazon direct: 30 ofertas cosechadas
[2026-09-25 00:50:59] [AGENTE-AMAZON] Cosechando ofertas quentes de Amazon en Pelando...
[2026-09-25 00:50:59] [AGENTE-AMAZON] Amazon Pelando: 0 ofertas obtenidas
[2026-09-25 00:50:59] [AGENTE-AMAZON] Guardados 29 achados en achados_amazon.json
[2026-09-25 13:16:24] [PELANDO] Scraping Amazon (https://www.pelando.com.br/cupons-de-descontos/amazon)
[2026-09-25 13:16:28] [PELANDO]   Falha ao acessar Amazon
[2026-09-25 13:16:30] [PELANDO] Scraping KaBuM! (https://www.pelando.com.br/cupons-de-descontos/kabum)
[2026-09-25 13:16:34] [PELANDO]   Falha ao acessar KaBuM!
[2026-09-25 13:16:36] [PELANDO] Scraping Mercado Livre (https://www.pelando.com.br/cupons-de-descontos/mercado-livre)
[2026-09-25 13:16:41] [PELANDO]   Falha ao acessar Mercado Livre
[2026-09-25 13:16:43] [PELANDO] Scraping Shopee (https://www.pelando.com.br/cupons-de-descontos/shopee)
[2026-09-25 13:16:47] [PELANDO]   Falha ao acessar Shopee
[2026-09-25 13:16:49] [PELANDO] Scraping Magazine Luiza (https://www.pelando.com.br/cupons-de-descontos/magalu)
[2026-09-25 13:16:53] [PELANDO]   Falha ao acessar Magazine Luiza
[2026-09-25 13:16:55] [PELANDO] Scraping AliExpress (https://www.pelando.com.br/cupons-de-descontos/aliexpress)
[2026-09-25 13:16:59] [PELANDO]   Falha ao acessar AliExpress
[2026-09-25 13:17:01] [PELANDO] Scraping Pichau (https://www.pelando.com.br/cupons-de-descontos/pichau)
[2026-09-25 13:17:05] [PELANDO]   Falha ao acessar Pichau
[2026-09-25 13:17:07] [PELANDO] Scraping Terabyte Shop (https://www.pelando.com.br/cupons-de-descontos/terabyte)
[2026-09-25 13:17:11] [PELANDO]   Falha ao acessar Terabyte Shop
[2026-09-25 13:17:13] [PELANDO] Completado: 0 Pelando + 11 manuales = 11 total
[2026-09-25 13:17:13] [AGENTE-ML] Consultando scraping de ofertas en Mercado Livre...
[2026-09-25 13:18:13] [AGENTE-ML] Scraping ML: 1090 ofertas obtenidas
[2026-09-25 13:18:13] [AGENTE-ML] Guardados 40 achados en achados_ml.json
[2026-09-25 13:18:13] [AGENTE-AMAZON] Cosechando Bestsellers y ofertas de categorías Amazon...
[2026-09-25 13:18:36] [AGENTE-AMAZON] Amazon direct: 30 ofertas cosechadas
[2026-09-25 13:18:36] [AGENTE-AMAZON] Cosechando ofertas quentes de Amazon en Pelando...
[2026-09-25 13:18:36] [AGENTE-AMAZON] Amazon Pelando: 0 ofertas obtenidas
[2026-09-25 13:18:36] [AGENTE-AMAZON] Guardados 29 achados en achados_amazon.json
[2026-09-25 14:35:41] [PELANDO] Scraping Amazon (https://www.pelando.com.br/cupons-de-descontos/amazon)
[2026-09-25 14:35:45] [PELANDO]   Falha ao acessar Amazon
[2026-09-25 14:35:47] [PELANDO] Scraping KaBuM! (https://www.pelando.com.br/cupons-de-descontos/kabum)
[2026-09-25 14:35:51] [PELANDO]   Falha ao acessar KaBuM!
[2026-09-25 14:35:53] [PELANDO] Scraping Mercado Livre (https://www.pelando.com.br/cupons-de-descontos/mercado-livre)
[2026-09-25 14:35:58] [PELANDO]   Falha ao acessar Mercado Livre
[2026-09-25 14:36:00] [PELANDO] Scraping Shopee (https://www.pelando.com.br/cupons-de-descontos/shopee)
[2026-09-25 14:36:04] [PELANDO]   Falha ao acessar Shopee
[2026-09-25 14:36:06] [PELANDO] Scraping Magazine Luiza (https://www.pelando.com.br/cupons-de-descontos/magalu)
[2026-09-25 14:36:10] [PELANDO]   Falha ao acessar Magazine Luiza
[2026-09-25 14:36:12] [PELANDO] Scraping AliExpress (https://www.pelando.com.br/cupons-de-descontos/aliexpress)
[2026-09-25 14:36:16] [PELANDO]   Falha ao acessar AliExpress
[2026-09-25 14:36:18] [PELANDO] Scraping Pichau (https://www.pelando.com.br/cupons-de-descontos/pichau)
[2026-09-25 14:36:22] [PELANDO]   Falha ao acessar Pichau
[2026-09-25 14:36:24] [PELANDO] Scraping Terabyte Shop (https://www.pelando.com.br/cupons-de-descontos/terabyte)
[2026-09-25 14:36:28] [PELANDO]   Falha ao acessar Terabyte Shop
[2026-09-25 14:36:30] [PELANDO] Completado: 0 Pelando + 11 manuales = 11 total
[2026-09-25 14:36:30] [AGENTE-ML] Consultando scraping de ofertas en Mercado Livre...
[2026-09-25 14:37:22] [AGENTE-ML] Scraping ML: 1092 ofertas obtenidas
[2026-09-25 14:37:22] [AGENTE-ML] Guardados 40 achados en achados_ml.json
[2026-09-25 14:37:22] [AGENTE-AMAZON] Cosechando Bestsellers y ofertas de categorías Amazon...
[2026-09-25 14:37:48] [AGENTE-AMAZON] Amazon direct: 120 ofertas cosechadas
[2026-09-25 14:37:48] [AGENTE-AMAZON] Cosechando ofertas quentes de Amazon en Pelando...
[2026-09-25 14:37:48] [AGENTE-AMAZON] Amazon Pelando: 0 ofertas obtenidas
[2026-09-25 14:37:48] [AGENTE-AMAZON] Guardados 40 achados en achados_amazon.json
[2026-09-25 12:45:10] [AGENTE-ML] Consultando API oficial de Mercado Libre...
[2026-09-25 12:45:10] [AGENTE-ML] API ML: 0 ofertas obtenidas
[2026-09-25 12:45:46] [AGENTE-ML] Consultando scraping de ofertas en Mercado Livre...
[2026-09-25 12:46:01] [AGENTE-ML] Scraping ML: 278 ofertas obtenidas
[2026-09-25 12:46:59] [AGENTE-ML] Consultando scraping de ofertas en Mercado Livre...
[2026-09-25 12:47:01] [AGENTE-ML] Scraping ML: 47 ofertas obtenidas
[2026-09-25 12:47:01] [AGENTE-ML] Consultando scraping de ofertas en Mercado Livre...
[2026-09-25 12:47:04] [AGENTE-ML] Scraping ML: 47 ofertas obtenidas
[2026-09-25 12:47:04] [AGENTE-ML] Consultando scraping de ofertas en Mercado Livre...
[2026-09-25 12:47:06] [AGENTE-ML] Scraping ML: 46 ofertas obtenidas
[2026-09-25 12:47:06] [AGENTE-ML] Consultando scraping de ofertas en Mercado Livre...
[2026-09-25 12:47:09] [AGENTE-ML] Scraping ML: 48 ofertas obtenidas
[2026-09-25 12:47:09] [AGENTE-ML] Consultando scraping de ofertas en Mercado Livre...
[2026-09-25 12:47:11] [AGENTE-ML] Scraping ML: 46 ofertas obtenidas
[2026-09-25 12:47:11] [AGENTE-ML] Consultando scraping de ofertas en Mercado Livre...
[2026-09-25 12:47:14] [AGENTE-ML] Scraping ML: 47 ofertas obtenidas
[2026-09-25 12:47:14] [AGENTE-ML] Consultando scraping de ofertas en Mercado Livre...
[2026-09-25 12:47:16] [AGENTE-ML] Scraping ML: 31 ofertas obtenidas
[2026-09-25 12:47:16] [AGENTE-ML] Consultando scraping de ofertas en Mercado Livre...
[2026-09-25 12:47:18] [AGENTE-ML] Scraping ML: 39 ofertas obtenidas
[2026-09-25 12:47:18] [AGENTE-ML] Consultando scraping de ofertas en Mercado Livre...
[2026-09-25 12:47:21] [AGENTE-ML] Scraping ML: 44 ofertas obtenidas
[2026-09-25 12:47:21] [AGENTE-ML] Consultando scraping de ofertas en Mercado Livre...
[2026-09-25 12:47:23] [AGENTE-ML] Scraping ML: 41 ofertas obtenidas
[2026-09-25 12:47:23] [AGENTE-ML] Consultando scraping de ofertas en Mercado Livre...
[2026-09-25 12:47:26] [AGENTE-ML] Scraping ML: 46 ofertas obtenidas
[2026-09-25 12:47:26] [AGENTE-ML] Consultando scraping de ofertas en Mercado Livre...
[2026-09-25 12:47:28] [AGENTE-ML] Scraping ML: 0 ofertas obtenidas
[2026-09-25 12:47:28] [AGENTE-ML] Consultando scraping de ofertas en Mercado Livre...
[2026-09-25 12:47:30] [AGENTE-ML] Scraping ML: 39 ofertas obtenidas
[2026-09-25 12:47:30] [AGENTE-ML] Consultando scraping de ofertas en Mercado Livre...
[2026-09-25 12:47:32] [AGENTE-ML] Scraping ML: 44 ofertas obtenidas
[2026-09-25 12:47:32] [AGENTE-ML] Consultando scraping de ofertas en Mercado Livre...
[2026-09-25 12:47:35] [AGENTE-ML] Scraping ML: 45 ofertas obtenidas
[2026-09-25 12:47:35] [AGENTE-ML] Consultando scraping de ofertas en Mercado Livre...
[2026-09-25 12:47:37] [AGENTE-ML] Scraping ML: 46 ofertas obtenidas
[2026-09-25 12:48:21] [AGENTE-ML] Consultando API oficial de Mercado Libre...
[2026-09-25 12:48:21] [AGENTE-ML] API ML responde 403 (necesita token de desarrollador). Se omite esta fuente y se usa solo el scraping.
[2026-09-25 12:48:21] [AGENTE-ML] API ML: 0 ofertas obtenidas
[2026-09-25 12:48:21] [AGENTE-ML] Consultando scraping de ofertas en Mercado Livre...
[2026-09-25 12:48:53] [AGENTE-ML] Scraping ML: 565 ofertas obtenidas
[2026-09-25 12:49:26] [AGENTE-ML] Consultando scraping de ofertas en Mercado Livre...
[2026-09-25 12:49:58] [AGENTE-ML] Scraping ML: 565 ofertas obtenidas
[2026-09-25 12:49:58] [AGENTE-ML] Guardados 40 achados en achados_ml.json
[2026-09-25 12:49:59] [AGENTE-AMAZON] Cosechando Bestsellers y ofertas de categorías Amazon...
[2026-09-25 12:51:15] [AGENTE-AMAZON] Amazon direct: 357 ofertas cosechadas
[2026-09-25 12:51:16] [AGENTE-AMAZON] Cosechando ofertas quentes de Amazon en Pelando...
[2026-09-25 12:51:16] [AGENTE-AMAZON] Amazon Pelando: 33 ofertas obtenidas
[2026-09-25 12:51:16] [AGENTE-AMAZON] Guardados 33 achados en achados_amazon.json
[2026-09-25 12:52:17] [AGENTE-ML] Consultando scraping de ofertas en Mercado Livre...
[2026-09-25 12:52:48] [AGENTE-ML] Scraping ML: 565 ofertas obtenidas
[2026-09-25 12:52:48] [AGENTE-ML] Guardados 400 achados en achados_ml.json
[2026-09-25 12:52:48] [AGENTE-AMAZON] Cosechando Bestsellers y ofertas de categorías Amazon...
[2026-09-25 12:53:59] [AGENTE-AMAZON] Amazon direct: 235 ofertas cosechadas
[2026-09-25 12:53:59] [AGENTE-AMAZON] Cosechando ofertas quentes de Amazon en Pelando...
[2026-09-25 12:53:59] [AGENTE-AMAZON] Amazon Pelando: 33 ofertas obtenidas
[2026-09-25 12:53:59] [AGENTE-AMAZON] Guardados 33 achados en achados_amazon.json
[2026-09-25 12:54:41] [AGENTE-AMAZON] Cosechando Bestsellers y ofertas de categorías Amazon...
[2026-09-25 12:55:55] [AGENTE-AMAZON] Amazon direct: 268 ofertas cosechadas
[2026-09-25 12:56:35] [AGENTE-ML] Consultando scraping de ofertas en Mercado Livre...
[2026-09-25 12:57:08] [AGENTE-ML] Scraping ML: 567 ofertas obtenidas
[2026-09-25 12:57:08] [AGENTE-ML] Guardados 400 achados en achados_ml.json
[2026-09-25 12:57:08] [AGENTE-AMAZON] Cosechando Bestsellers y ofertas de categorías Amazon...
[2026-09-25 12:58:20] [AGENTE-AMAZON] Amazon direct: 208 ofertas cosechadas
[2026-09-25 12:58:20] [AGENTE-AMAZON] Cosechando ofertas quentes de Amazon en Pelando...
[2026-09-25 12:58:20] [AGENTE-AMAZON] Amazon Pelando: 33 ofertas obtenidas
[2026-09-25 12:58:20] [AGENTE-AMAZON] Guardados 232 achados en achados_amazon.json
[2026-09-25 16:01:03] [PELANDO] Scraping Amazon (https://www.pelando.com.br/cupons-de-descontos/amazon)
[2026-09-25 16:01:07] [PELANDO]   Falha ao acessar Amazon
[2026-09-25 16:01:09] [PELANDO] Scraping KaBuM! (https://www.pelando.com.br/cupons-de-descontos/kabum)
[2026-09-25 16:01:14] [PELANDO]   Falha ao acessar KaBuM!
[2026-09-25 16:01:16] [PELANDO] Scraping Mercado Livre (https://www.pelando.com.br/cupons-de-descontos/mercado-livre)
[2026-09-25 16:01:20] [PELANDO]   Falha ao acessar Mercado Livre
[2026-09-25 16:01:22] [PELANDO] Scraping Shopee (https://www.pelando.com.br/cupons-de-descontos/shopee)
[2026-09-25 16:01:26] [PELANDO]   Falha ao acessar Shopee
[2026-09-25 16:01:28] [PELANDO] Scraping Magazine Luiza (https://www.pelando.com.br/cupons-de-descontos/magalu)
[2026-09-25 16:01:32] [PELANDO]   Falha ao acessar Magazine Luiza
[2026-09-25 16:01:34] [PELANDO] Scraping AliExpress (https://www.pelando.com.br/cupons-de-descontos/aliexpress)
[2026-09-25 16:01:38] [PELANDO]   Falha ao acessar AliExpress
[2026-09-25 16:01:40] [PELANDO] Scraping Pichau (https://www.pelando.com.br/cupons-de-descontos/pichau)
[2026-09-25 16:01:45] [PELANDO]   Falha ao acessar Pichau
[2026-09-25 16:01:47] [PELANDO] Scraping Terabyte Shop (https://www.pelando.com.br/cupons-de-descontos/terabyte)
[2026-09-25 16:01:51] [PELANDO]   Falha ao acessar Terabyte Shop
[2026-09-25 16:01:53] [PELANDO] Completado: 0 Pelando + 11 manuales = 11 total
[2026-09-25 16:01:53] [AGENTE-ML] Consultando scraping de ofertas en Mercado Livre...
[2026-09-25 16:02:24] [AGENTE-ML] Scraping ML: 565 ofertas obtenidas
[2026-09-25 16:02:24] [AGENTE-ML] Guardados 400 achados en achados_ml.json
[2026-09-25 16:02:25] [AGENTE-AMAZON] Cosechando Bestsellers y ofertas de categorías Amazon...
[2026-09-25 16:03:31] [AGENTE-AMAZON] Amazon direct: 120 ofertas cosechadas
[2026-09-25 16:03:31] [AGENTE-AMAZON] Cosechando ofertas quentes de Amazon en Pelando...
[2026-09-25 16:03:31] [AGENTE-AMAZON] Amazon Pelando: 0 ofertas obtenidas
[2026-09-25 16:03:31] [AGENTE-AMAZON] Guardados 114 achados en achados_amazon.json
[2026-09-25 20:31:20] [PELANDO] Scraping Amazon (https://www.pelando.com.br/cupons-de-descontos/amazon)
[2026-09-25 20:31:24] [PELANDO]   Falha ao acessar Amazon
[2026-09-25 20:31:26] [PELANDO] Scraping KaBuM! (https://www.pelando.com.br/cupons-de-descontos/kabum)
[2026-09-25 20:31:30] [PELANDO]   Falha ao acessar KaBuM!
[2026-09-25 20:31:32] [PELANDO] Scraping Mercado Livre (https://www.pelando.com.br/cupons-de-descontos/mercado-livre)
[2026-09-25 20:31:37] [PELANDO]   Falha ao acessar Mercado Livre
[2026-09-25 20:31:39] [PELANDO] Scraping Shopee (https://www.pelando.com.br/cupons-de-descontos/shopee)
[2026-09-25 20:31:43] [PELANDO]   Falha ao acessar Shopee
[2026-09-25 20:31:45] [PELANDO] Scraping Magazine Luiza (https://www.pelando.com.br/cupons-de-descontos/magalu)
[2026-09-25 20:31:49] [PELANDO]   Falha ao acessar Magazine Luiza
[2026-09-25 20:31:51] [PELANDO] Scraping AliExpress (https://www.pelando.com.br/cupons-de-descontos/aliexpress)
[2026-09-25 20:31:55] [PELANDO]   Falha ao acessar AliExpress
[2026-09-25 20:31:57] [PELANDO] Scraping Pichau (https://www.pelando.com.br/cupons-de-descontos/pichau)
[2026-09-25 20:32:01] [PELANDO]   Falha ao acessar Pichau
[2026-09-25 20:32:03] [PELANDO] Scraping Terabyte Shop (https://www.pelando.com.br/cupons-de-descontos/terabyte)
[2026-09-25 20:32:07] [PELANDO]   Falha ao acessar Terabyte Shop
[2026-09-25 20:32:09] [PELANDO] Completado: 0 Pelando + 11 manuales = 11 total
[2026-09-25 20:32:09] [AGENTE-ML] Consultando scraping de ofertas en Mercado Livre...
[2026-09-25 20:32:40] [AGENTE-ML] Scraping ML: 599 ofertas obtenidas
[2026-09-25 20:32:40] [AGENTE-ML] Guardados 400 achados en achados_ml.json
[2026-09-25 20:32:40] [AGENTE-AMAZON] Cosechando Bestsellers y ofertas de categorías Amazon...
[2026-09-25 20:33:43] [AGENTE-AMAZON] Amazon direct: 120 ofertas cosechadas
[2026-09-25 20:33:43] [AGENTE-AMAZON] Cosechando ofertas quentes de Amazon en Pelando...
[2026-09-25 20:33:43] [AGENTE-AMAZON] Amazon Pelando: 0 ofertas obtenidas
[2026-09-25 20:33:43] [AGENTE-AMAZON] Guardados 112 achados en achados_amazon.json
[2026-09-25 23:19:37] [PELANDO] Scraping Amazon (https://www.pelando.com.br/cupons-de-descontos/amazon)
[2026-09-25 23:19:41] [PELANDO]   Falha ao acessar Amazon
[2026-09-25 23:19:43] [PELANDO] Scraping KaBuM! (https://www.pelando.com.br/cupons-de-descontos/kabum)
[2026-09-25 23:19:47] [PELANDO]   Falha ao acessar KaBuM!
[2026-09-25 23:19:49] [PELANDO] Scraping Mercado Livre (https://www.pelando.com.br/cupons-de-descontos/mercado-livre)
[2026-09-25 23:19:53] [PELANDO]   Falha ao acessar Mercado Livre
[2026-09-25 23:19:55] [PELANDO] Scraping Shopee (https://www.pelando.com.br/cupons-de-descontos/shopee)
[2026-09-25 23:20:00] [PELANDO]   Falha ao acessar Shopee
[2026-09-25 23:20:02] [PELANDO] Scraping Magazine Luiza (https://www.pelando.com.br/cupons-de-descontos/magalu)
[2026-09-25 23:20:06] [PELANDO]   Falha ao acessar Magazine Luiza
[2026-09-25 23:20:08] [PELANDO] Scraping AliExpress (https://www.pelando.com.br/cupons-de-descontos/aliexpress)
[2026-09-25 23:20:12] [PELANDO]   Falha ao acessar AliExpress
[2026-09-25 23:20:14] [PELANDO] Scraping Pichau (https://www.pelando.com.br/cupons-de-descontos/pichau)
[2026-09-25 23:20:18] [PELANDO]   Falha ao acessar Pichau
[2026-09-25 23:20:20] [PELANDO] Scraping Terabyte Shop (https://www.pelando.com.br/cupons-de-descontos/terabyte)
[2026-09-25 23:20:24] [PELANDO]   Falha ao acessar Terabyte Shop
[2026-09-25 23:20:26] [PELANDO] Completado: 0 Pelando + 11 manuales = 11 total
[2026-09-25 23:20:26] [AGENTE-ML] Consultando scraping de ofertas en Mercado Livre...
[2026-09-25 23:20:57] [AGENTE-ML] Scraping ML: 598 ofertas obtenidas
[2026-09-25 23:20:57] [AGENTE-ML] Guardados 400 achados en achados_ml.json
[2026-09-25 23:20:57] [AGENTE-AMAZON] Cosechando Bestsellers y ofertas de categorías Amazon...
[2026-09-25 23:22:02] [AGENTE-AMAZON] Amazon direct: 117 ofertas cosechadas
[2026-09-25 23:22:02] [AGENTE-AMAZON] Cosechando ofertas quentes de Amazon en Pelando...
[2026-09-25 23:22:02] [AGENTE-AMAZON] Amazon Pelando: 0 ofertas obtenidas
[2026-09-25 23:22:02] [AGENTE-AMAZON] Guardados 113 achados en achados_amazon.json
[2026-09-26 01:01:11] [PELANDO] Scraping Amazon (https://www.pelando.com.br/cupons-de-descontos/amazon)
[2026-09-26 01:01:15] [PELANDO]   Falha ao acessar Amazon
[2026-09-26 01:01:17] [PELANDO] Scraping KaBuM! (https://www.pelando.com.br/cupons-de-descontos/kabum)
[2026-09-26 01:01:22] [PELANDO]   Falha ao acessar KaBuM!
[2026-09-26 01:01:24] [PELANDO] Scraping Mercado Livre (https://www.pelando.com.br/cupons-de-descontos/mercado-livre)
[2026-09-26 01:01:28] [PELANDO]   Falha ao acessar Mercado Livre
[2026-09-26 01:01:30] [PELANDO] Scraping Shopee (https://www.pelando.com.br/cupons-de-descontos/shopee)
[2026-09-26 01:01:34] [PELANDO]   Falha ao acessar Shopee
[2026-09-26 01:01:36] [PELANDO] Scraping Magazine Luiza (https://www.pelando.com.br/cupons-de-descontos/magalu)
[2026-09-26 01:01:40] [PELANDO]   Falha ao acessar Magazine Luiza
[2026-09-26 01:01:42] [PELANDO] Scraping AliExpress (https://www.pelando.com.br/cupons-de-descontos/aliexpress)
[2026-09-26 01:01:46] [PELANDO]   Falha ao acessar AliExpress
[2026-09-26 01:01:48] [PELANDO] Scraping Pichau (https://www.pelando.com.br/cupons-de-descontos/pichau)
[2026-09-26 01:01:52] [PELANDO]   Falha ao acessar Pichau
[2026-09-26 01:01:54] [PELANDO] Scraping Terabyte Shop (https://www.pelando.com.br/cupons-de-descontos/terabyte)
[2026-09-26 01:01:59] [PELANDO]   Falha ao acessar Terabyte Shop
[2026-09-26 01:02:01] [PELANDO] Completado: 0 Pelando + 11 manuales = 11 total
[2026-09-26 01:02:01] [AGENTE-ML] Consultando scraping de ofertas en Mercado Livre...
[2026-09-26 01:02:31] [AGENTE-ML] Scraping ML: 601 ofertas obtenidas
[2026-09-26 01:02:31] [AGENTE-ML] Guardados 400 achados en achados_ml.json
[2026-09-26 01:02:31] [AGENTE-AMAZON] Cosechando Bestsellers y ofertas de categorías Amazon...
[2026-09-26 01:03:35] [AGENTE-AMAZON] Amazon direct: 120 ofertas cosechadas
[2026-09-26 01:03:35] [AGENTE-AMAZON] Cosechando ofertas quentes de Amazon en Pelando...
[2026-09-26 01:03:35] [AGENTE-AMAZON] Amazon Pelando: 0 ofertas obtenidas
[2026-09-26 01:03:35] [AGENTE-AMAZON] Guardados 84 achados en achados_amazon.json
[2026-09-26 12:59:33] [PELANDO] Scraping Amazon (https://www.pelando.com.br/cupons-de-descontos/amazon)
[2026-09-26 12:59:37] [PELANDO]   Falha ao acessar Amazon
[2026-09-26 12:59:39] [PELANDO] Scraping KaBuM! (https://www.pelando.com.br/cupons-de-descontos/kabum)
[2026-09-26 12:59:43] [PELANDO]   Falha ao acessar KaBuM!
[2026-09-26 12:59:45] [PELANDO] Scraping Mercado Livre (https://www.pelando.com.br/cupons-de-descontos/mercado-livre)
[2026-09-26 12:59:49] [PELANDO]   Falha ao acessar Mercado Livre
[2026-09-26 12:59:51] [PELANDO] Scraping Shopee (https://www.pelando.com.br/cupons-de-descontos/shopee)
[2026-09-26 12:59:55] [PELANDO]   Falha ao acessar Shopee
[2026-09-26 12:59:57] [PELANDO] Scraping Magazine Luiza (https://www.pelando.com.br/cupons-de-descontos/magalu)
[2026-09-26 13:00:01] [PELANDO]   Falha ao acessar Magazine Luiza
[2026-09-26 13:00:03] [PELANDO] Scraping AliExpress (https://www.pelando.com.br/cupons-de-descontos/aliexpress)
[2026-09-26 13:00:07] [PELANDO]   Falha ao acessar AliExpress
[2026-09-26 13:00:09] [PELANDO] Scraping Pichau (https://www.pelando.com.br/cupons-de-descontos/pichau)
[2026-09-26 13:00:14] [PELANDO]   Falha ao acessar Pichau
[2026-09-26 13:00:16] [PELANDO] Scraping Terabyte Shop (https://www.pelando.com.br/cupons-de-descontos/terabyte)
[2026-09-26 13:00:20] [PELANDO]   Falha ao acessar Terabyte Shop
[2026-09-26 13:00:22] [PELANDO] Completado: 0 Pelando + 11 manuales = 11 total
[2026-09-26 13:00:22] [AGENTE-ML] Consultando scraping de ofertas en Mercado Livre...
[2026-09-26 13:00:53] [AGENTE-ML] Scraping ML: 606 ofertas obtenidas
[2026-09-26 13:00:53] [AGENTE-ML] Guardados 400 achados en achados_ml.json
[2026-09-26 13:00:53] [AGENTE-AMAZON] Cosechando Bestsellers y ofertas de categorías Amazon...
[2026-09-26 13:01:55] [AGENTE-AMAZON] Amazon direct: 90 ofertas cosechadas
[2026-09-26 13:01:55] [AGENTE-AMAZON] Cosechando ofertas quentes de Amazon en Pelando...
[2026-09-26 13:01:55] [AGENTE-AMAZON] Amazon Pelando: 0 ofertas obtenidas
[2026-09-26 13:01:55] [AGENTE-AMAZON] Guardados 86 achados en achados_amazon.json
[2026-09-26 13:19:55] [AGENTE-ML] Consultando scraping de ofertas en Mercado Livre...
[2026-09-26 13:20:27] [AGENTE-ML] Scraping ML: 605 ofertas obtenidas
[2026-09-26 13:20:27] [AGENTE-ML] Guardados 400 achados en achados_ml.json
[2026-09-26 13:20:48] [AGENTE-ML] Consultando scraping de ofertas en Mercado Livre...
[2026-09-26 13:21:19] [AGENTE-ML] Scraping ML: 607 ofertas obtenidas
[2026-09-26 13:21:19] [AGENTE-ML] Guardados 400 achados en achados_ml.json
[2026-09-26 18:30:19] [PELANDO] Scraping Amazon (https://www.pelando.com.br/cupons-de-descontos/amazon)
[2026-09-26 18:30:24] [PELANDO]   Falha ao acessar Amazon
[2026-09-26 18:30:26] [PELANDO] Scraping KaBuM! (https://www.pelando.com.br/cupons-de-descontos/kabum)
[2026-09-26 18:30:30] [PELANDO]   Falha ao acessar KaBuM!
[2026-09-26 18:30:32] [PELANDO] Scraping Mercado Livre (https://www.pelando.com.br/cupons-de-descontos/mercado-livre)
[2026-09-26 18:30:36] [PELANDO]   Falha ao acessar Mercado Livre
[2026-09-26 18:30:38] [PELANDO] Scraping Shopee (https://www.pelando.com.br/cupons-de-descontos/shopee)
[2026-09-26 18:30:42] [PELANDO]   Falha ao acessar Shopee
[2026-09-26 18:30:44] [PELANDO] Scraping Magazine Luiza (https://www.pelando.com.br/cupons-de-descontos/magalu)
[2026-09-26 18:30:48] [PELANDO]   Falha ao acessar Magazine Luiza
[2026-09-26 18:30:50] [PELANDO] Scraping AliExpress (https://www.pelando.com.br/cupons-de-descontos/aliexpress)
[2026-09-26 18:30:54] [PELANDO]   Falha ao acessar AliExpress
[2026-09-26 18:30:56] [PELANDO] Scraping Pichau (https://www.pelando.com.br/cupons-de-descontos/pichau)
[2026-09-26 18:31:00] [PELANDO]   Falha ao acessar Pichau
[2026-09-26 18:31:02] [PELANDO] Scraping Terabyte Shop (https://www.pelando.com.br/cupons-de-descontos/terabyte)
[2026-09-26 18:31:06] [PELANDO]   Falha ao acessar Terabyte Shop
[2026-09-26 18:31:08] [PELANDO] Completado: 0 Pelando + 14 manuales = 14 total
[2026-09-26 18:31:09] [AGENTE-ML] Consultando scraping de ofertas en Mercado Livre...
[2026-09-26 18:31:39] [AGENTE-ML] Scraping ML: 602 ofertas obtenidas
[2026-09-26 18:31:39] [AGENTE-ML] Guardados 400 achados en achados_ml.json
[2026-09-26 18:31:40] [AGENTE-AMAZON] Cosechando Bestsellers y ofertas de categorías Amazon...
[2026-09-26 18:32:43] [AGENTE-AMAZON] Amazon direct: 120 ofertas cosechadas
[2026-09-26 18:32:43] [AGENTE-AMAZON] Cosechando ofertas quentes de Amazon en Pelando...
[2026-09-26 18:32:43] [AGENTE-AMAZON] Amazon Pelando: 0 ofertas obtenidas
[2026-09-26 18:32:43] [AGENTE-AMAZON] Guardados 106 achados en achados_amazon.json
[2026-09-27 00:05:48] [PELANDO] Scraping Amazon (https://www.pelando.com.br/cupons-de-descontos/amazon)
[2026-09-27 00:05:52] [PELANDO]   Falha ao acessar Amazon
[2026-09-27 00:05:54] [PELANDO] Scraping KaBuM! (https://www.pelando.com.br/cupons-de-descontos/kabum)
[2026-09-27 00:05:58] [PELANDO]   Falha ao acessar KaBuM!
[2026-09-27 00:06:00] [PELANDO] Scraping Mercado Livre (https://www.pelando.com.br/cupons-de-descontos/mercado-livre)
[2026-09-27 00:06:05] [PELANDO]   Falha ao acessar Mercado Livre
[2026-09-27 00:06:07] [PELANDO] Scraping Shopee (https://www.pelando.com.br/cupons-de-descontos/shopee)
[2026-09-27 00:06:11] [PELANDO]   Falha ao acessar Shopee
[2026-09-27 00:06:13] [PELANDO] Scraping Magazine Luiza (https://www.pelando.com.br/cupons-de-descontos/magalu)
[2026-09-27 00:06:17] [PELANDO]   Falha ao acessar Magazine Luiza
[2026-09-27 00:06:19] [PELANDO] Scraping AliExpress (https://www.pelando.com.br/cupons-de-descontos/aliexpress)
[2026-09-27 00:06:23] [PELANDO]   Falha ao acessar AliExpress
[2026-09-27 00:06:25] [PELANDO] Scraping Pichau (https://www.pelando.com.br/cupons-de-descontos/pichau)
[2026-09-27 00:06:29] [PELANDO]   Falha ao acessar Pichau
[2026-09-27 00:06:31] [PELANDO] Scraping Terabyte Shop (https://www.pelando.com.br/cupons-de-descontos/terabyte)
[2026-09-27 00:06:35] [PELANDO]   Falha ao acessar Terabyte Shop
[2026-09-27 00:06:37] [PELANDO] Completado: 0 Pelando + 14 manuales = 14 total
[2026-09-27 00:06:37] [AGENTE-ML] Consultando scraping de ofertas en Mercado Livre...
[2026-09-27 00:07:06] [AGENTE-ML] Scraping ML: 594 ofertas obtenidas
[2026-09-27 00:07:06] [AGENTE-ML] Guardados 400 achados en achados_ml.json
[2026-09-27 00:07:06] [AGENTE-AMAZON] Cosechando Bestsellers y ofertas de categorías Amazon...
[2026-09-27 00:08:08] [AGENTE-AMAZON] Amazon direct: 151 ofertas cosechadas
[2026-09-27 00:08:08] [AGENTE-AMAZON] Cosechando ofertas quentes de Amazon en Pelando...
[2026-09-27 00:08:08] [AGENTE-AMAZON] Amazon Pelando: 0 ofertas obtenidas
[2026-09-27 00:08:08] [AGENTE-AMAZON] Guardados 141 achados en achados_amazon.json
[2026-09-27 01:09:08] [PELANDO] Scraping Amazon (https://www.pelando.com.br/cupons-de-descontos/amazon)
[2026-09-27 01:09:12] [PELANDO]   Falha ao acessar Amazon
[2026-09-27 01:09:14] [PELANDO] Scraping KaBuM! (https://www.pelando.com.br/cupons-de-descontos/kabum)
[2026-09-27 01:09:18] [PELANDO]   Falha ao acessar KaBuM!
[2026-09-27 01:09:20] [PELANDO] Scraping Mercado Livre (https://www.pelando.com.br/cupons-de-descontos/mercado-livre)
[2026-09-27 01:09:25] [PELANDO]   Falha ao acessar Mercado Livre
[2026-09-27 01:09:27] [PELANDO] Scraping Shopee (https://www.pelando.com.br/cupons-de-descontos/shopee)
[2026-09-27 01:09:31] [PELANDO]   Falha ao acessar Shopee
[2026-09-27 01:09:33] [PELANDO] Scraping Magazine Luiza (https://www.pelando.com.br/cupons-de-descontos/magalu)
[2026-09-27 01:09:37] [PELANDO]   Falha ao acessar Magazine Luiza
[2026-09-27 01:09:39] [PELANDO] Scraping AliExpress (https://www.pelando.com.br/cupons-de-descontos/aliexpress)
[2026-09-27 01:09:43] [PELANDO]   Falha ao acessar AliExpress
[2026-09-27 01:09:45] [PELANDO] Scraping Pichau (https://www.pelando.com.br/cupons-de-descontos/pichau)
[2026-09-27 01:09:49] [PELANDO]   Falha ao acessar Pichau
[2026-09-27 01:09:51] [PELANDO] Scraping Terabyte Shop (https://www.pelando.com.br/cupons-de-descontos/terabyte)
[2026-09-27 01:09:56] [PELANDO]   Falha ao acessar Terabyte Shop
[2026-09-27 01:09:58] [PELANDO] Completado: 0 Pelando + 14 manuales = 14 total
[2026-09-27 01:09:58] [AGENTE-ML] Consultando scraping de ofertas en Mercado Livre...
[2026-09-27 01:10:27] [AGENTE-ML] Scraping ML: 593 ofertas obtenidas
[2026-09-27 01:10:27] [AGENTE-ML] Guardados 400 achados en achados_ml.json
[2026-09-27 01:10:27] [AGENTE-AMAZON] Cosechando Bestsellers y ofertas de categorías Amazon...
[2026-09-27 01:11:29] [AGENTE-AMAZON] Amazon direct: 120 ofertas cosechadas
[2026-09-27 01:11:29] [AGENTE-AMAZON] Cosechando ofertas quentes de Amazon en Pelando...
[2026-09-27 01:11:29] [AGENTE-AMAZON] Amazon Pelando: 0 ofertas obtenidas
[2026-09-27 01:11:29] [AGENTE-AMAZON] Guardados 117 achados en achados_amazon.json
[2026-09-27 02:29:33] [PELANDO] Scraping Amazon (https://www.pelando.com.br/cupons-de-descontos/amazon)
[2026-09-27 02:29:37] [PELANDO]   Falha ao acessar Amazon
[2026-09-27 02:29:39] [PELANDO] Scraping KaBuM! (https://www.pelando.com.br/cupons-de-descontos/kabum)
[2026-09-27 02:29:43] [PELANDO]   Falha ao acessar KaBuM!
[2026-09-27 02:29:45] [PELANDO] Scraping Mercado Livre (https://www.pelando.com.br/cupons-de-descontos/mercado-livre)
[2026-09-27 02:29:49] [PELANDO]   Falha ao acessar Mercado Livre
[2026-09-27 02:29:51] [PELANDO] Scraping Shopee (https://www.pelando.com.br/cupons-de-descontos/shopee)
[2026-09-27 02:29:55] [PELANDO]   Falha ao acessar Shopee
[2026-09-27 02:29:57] [PELANDO] Scraping Magazine Luiza (https://www.pelando.com.br/cupons-de-descontos/magalu)
[2026-09-27 02:30:02] [PELANDO]   Falha ao acessar Magazine Luiza
[2026-09-27 02:30:04] [PELANDO] Scraping AliExpress (https://www.pelando.com.br/cupons-de-descontos/aliexpress)
[2026-09-27 02:30:08] [PELANDO]   Falha ao acessar AliExpress
[2026-09-27 02:30:10] [PELANDO] Scraping Pichau (https://www.pelando.com.br/cupons-de-descontos/pichau)
[2026-09-27 02:30:14] [PELANDO]   Falha ao acessar Pichau
[2026-09-27 02:30:16] [PELANDO] Scraping Terabyte Shop (https://www.pelando.com.br/cupons-de-descontos/terabyte)
[2026-09-27 02:30:20] [PELANDO]   Falha ao acessar Terabyte Shop
[2026-09-27 02:30:22] [PELANDO] Completado: 0 Pelando + 14 manuales = 14 total
[2026-09-27 02:30:22] [AGENTE-ML] Consultando scraping de ofertas en Mercado Livre...
[2026-09-27 02:30:52] [AGENTE-ML] Scraping ML: 596 ofertas obtenidas
[2026-09-27 02:30:52] [AGENTE-ML] Guardados 400 achados en achados_ml.json
[2026-09-27 02:30:52] [AGENTE-AMAZON] Cosechando Bestsellers y ofertas de categorías Amazon...
[2026-09-27 02:31:54] [AGENTE-AMAZON] Amazon direct: 90 ofertas cosechadas
[2026-09-27 02:31:54] [AGENTE-AMAZON] Cosechando ofertas quentes de Amazon en Pelando...
[2026-09-27 02:31:54] [AGENTE-AMAZON] Amazon Pelando: 0 ofertas obtenidas
[2026-09-27 02:31:54] [AGENTE-AMAZON] Guardados 85 achados en achados_amazon.json
[2026-09-27 04:46:46] [PELANDO] Scraping Amazon (https://www.pelando.com.br/cupons-de-descontos/amazon)
[2026-09-27 04:46:50] [PELANDO]   Falha ao acessar Amazon
[2026-09-27 04:46:52] [PELANDO] Scraping KaBuM! (https://www.pelando.com.br/cupons-de-descontos/kabum)
[2026-09-27 04:46:56] [PELANDO]   Falha ao acessar KaBuM!
[2026-09-27 04:46:58] [PELANDO] Scraping Mercado Livre (https://www.pelando.com.br/cupons-de-descontos/mercado-livre)
[2026-09-27 04:47:02] [PELANDO]   Falha ao acessar Mercado Livre
[2026-09-27 04:47:04] [PELANDO] Scraping Shopee (https://www.pelando.com.br/cupons-de-descontos/shopee)
[2026-09-27 04:47:08] [PELANDO]   Falha ao acessar Shopee
[2026-09-27 04:47:10] [PELANDO] Scraping Magazine Luiza (https://www.pelando.com.br/cupons-de-descontos/magalu)
[2026-09-27 04:47:14] [PELANDO]   Falha ao acessar Magazine Luiza
[2026-09-27 04:47:16] [PELANDO] Scraping AliExpress (https://www.pelando.com.br/cupons-de-descontos/aliexpress)
[2026-09-27 04:47:21] [PELANDO]   Falha ao acessar AliExpress
[2026-09-27 04:47:23] [PELANDO] Scraping Pichau (https://www.pelando.com.br/cupons-de-descontos/pichau)
[2026-09-27 04:47:27] [PELANDO]   Falha ao acessar Pichau
[2026-09-27 04:47:29] [PELANDO] Scraping Terabyte Shop (https://www.pelando.com.br/cupons-de-descontos/terabyte)
[2026-09-27 04:47:33] [PELANDO]   Falha ao acessar Terabyte Shop
[2026-09-27 04:47:35] [PELANDO] Completado: 0 Pelando + 14 manuales = 14 total
[2026-09-27 04:47:35] [AGENTE-ML] Consultando scraping de ofertas en Mercado Livre...
[2026-09-27 04:48:04] [AGENTE-ML] Scraping ML: 595 ofertas obtenidas
[2026-09-27 04:48:04] [AGENTE-ML] Guardados 400 achados en achados_ml.json
[2026-09-27 04:48:04] [AGENTE-AMAZON] Cosechando Bestsellers y ofertas de categorías Amazon...
[2026-09-27 04:49:06] [AGENTE-AMAZON] Amazon direct: 88 ofertas cosechadas
[2026-09-27 04:49:06] [AGENTE-AMAZON] Cosechando ofertas quentes de Amazon en Pelando...
[2026-09-27 04:49:06] [AGENTE-AMAZON] Amazon Pelando: 0 ofertas obtenidas
[2026-09-27 04:49:06] [AGENTE-AMAZON] Guardados 84 achados en achados_amazon.json
[2026-09-27 08:42:30] [PELANDO] Scraping Amazon (https://www.pelando.com.br/cupons-de-descontos/amazon)
[2026-09-27 08:42:34] [PELANDO]   Falha ao acessar Amazon
[2026-09-27 08:42:36] [PELANDO] Scraping KaBuM! (https://www.pelando.com.br/cupons-de-descontos/kabum)
[2026-09-27 08:42:40] [PELANDO]   Falha ao acessar KaBuM!
[2026-09-27 08:42:42] [PELANDO] Scraping Mercado Livre (https://www.pelando.com.br/cupons-de-descontos/mercado-livre)
[2026-09-27 08:42:46] [PELANDO]   Falha ao acessar Mercado Livre
[2026-09-27 08:42:48] [PELANDO] Scraping Shopee (https://www.pelando.com.br/cupons-de-descontos/shopee)
[2026-09-27 08:42:53] [PELANDO]   Falha ao acessar Shopee
[2026-09-27 08:42:55] [PELANDO] Scraping Magazine Luiza (https://www.pelando.com.br/cupons-de-descontos/magalu)
[2026-09-27 08:42:59] [PELANDO]   Falha ao acessar Magazine Luiza
[2026-09-27 08:43:01] [PELANDO] Scraping AliExpress (https://www.pelando.com.br/cupons-de-descontos/aliexpress)
[2026-09-27 08:43:05] [PELANDO]   Falha ao acessar AliExpress
[2026-09-27 08:43:07] [PELANDO] Scraping Pichau (https://www.pelando.com.br/cupons-de-descontos/pichau)
[2026-09-27 08:43:11] [PELANDO]   Falha ao acessar Pichau
[2026-09-27 08:43:13] [PELANDO] Scraping Terabyte Shop (https://www.pelando.com.br/cupons-de-descontos/terabyte)
[2026-09-27 08:43:17] [PELANDO]   Falha ao acessar Terabyte Shop
[2026-09-27 08:43:19] [PELANDO] Completado: 0 Pelando + 14 manuales = 14 total
[2026-09-27 08:43:19] [AGENTE-ML] Consultando scraping de ofertas en Mercado Livre...
[2026-09-27 08:43:47] [AGENTE-ML] Scraping ML: 603 ofertas obtenidas
[2026-09-27 08:43:47] [AGENTE-ML] Guardados 400 achados en achados_ml.json
[2026-09-27 08:43:47] [AGENTE-AMAZON] Cosechando Bestsellers y ofertas de categorías Amazon...
[2026-09-27 08:44:46] [AGENTE-AMAZON] Amazon direct: 30 ofertas cosechadas
[2026-09-27 08:44:46] [AGENTE-AMAZON] Cosechando ofertas quentes de Amazon en Pelando...
[2026-09-27 08:44:46] [AGENTE-AMAZON] Amazon Pelando: 0 ofertas obtenidas
[2026-09-27 08:44:46] [AGENTE-AMAZON] Guardados 29 achados en achados_amazon.json
[2026-09-27 14:24:39] [PELANDO] Scraping Amazon (https://www.pelando.com.br/cupons-de-descontos/amazon)
[2026-09-27 14:24:44] [PELANDO]   Falha ao acessar Amazon
[2026-09-27 14:24:46] [PELANDO] Scraping KaBuM! (https://www.pelando.com.br/cupons-de-descontos/kabum)
[2026-09-27 14:24:50] [PELANDO]   Falha ao acessar KaBuM!
[2026-09-27 14:24:52] [PELANDO] Scraping Mercado Livre (https://www.pelando.com.br/cupons-de-descontos/mercado-livre)
[2026-09-27 14:24:56] [PELANDO]   Falha ao acessar Mercado Livre
[2026-09-27 14:24:58] [PELANDO] Scraping Shopee (https://www.pelando.com.br/cupons-de-descontos/shopee)
[2026-09-27 14:25:02] [PELANDO]   Falha ao acessar Shopee
[2026-09-27 14:25:04] [PELANDO] Scraping Magazine Luiza (https://www.pelando.com.br/cupons-de-descontos/magalu)
[2026-09-27 14:25:08] [PELANDO]   Falha ao acessar Magazine Luiza
[2026-09-27 14:25:10] [PELANDO] Scraping AliExpress (https://www.pelando.com.br/cupons-de-descontos/aliexpress)
[2026-09-27 14:25:14] [PELANDO]   Falha ao acessar AliExpress
[2026-09-27 14:25:16] [PELANDO] Scraping Pichau (https://www.pelando.com.br/cupons-de-descontos/pichau)
[2026-09-27 14:25:20] [PELANDO]   Falha ao acessar Pichau
[2026-09-27 14:25:22] [PELANDO] Scraping Terabyte Shop (https://www.pelando.com.br/cupons-de-descontos/terabyte)
[2026-09-27 14:25:27] [PELANDO]   Falha ao acessar Terabyte Shop
[2026-09-27 14:25:29] [PELANDO] Completado: 0 Pelando + 15 manuales = 15 total
[2026-09-27 14:25:29] [AGENTE-ML] Consultando scraping de ofertas en Mercado Livre...
[2026-09-27 14:25:57] [AGENTE-ML] Scraping ML: 600 ofertas obtenidas
[2026-09-27 14:25:57] [AGENTE-ML] Guardados 400 achados en achados_ml.json
[2026-09-27 14:25:57] [AGENTE-AMAZON] Cosechando Bestsellers y ofertas de categorías Amazon...
[2026-09-27 14:26:59] [AGENTE-AMAZON] Amazon direct: 149 ofertas cosechadas
[2026-09-27 14:26:59] [AGENTE-AMAZON] Cosechando ofertas quentes de Amazon en Pelando...
[2026-09-27 14:26:59] [AGENTE-AMAZON] Amazon Pelando: 0 ofertas obtenidas
[2026-09-27 14:26:59] [AGENTE-AMAZON] Guardados 143 achados en achados_amazon.json
[2026-09-27 19:58:19] [PELANDO] Scraping Amazon (https://www.pelando.com.br/cupons-de-descontos/amazon)
[2026-09-27 19:58:23] [PELANDO]   Falha ao acessar Amazon
[2026-09-27 19:58:25] [PELANDO] Scraping KaBuM! (https://www.pelando.com.br/cupons-de-descontos/kabum)
[2026-09-27 19:58:29] [PELANDO]   Falha ao acessar KaBuM!
[2026-09-27 19:58:31] [PELANDO] Scraping Mercado Livre (https://www.pelando.com.br/cupons-de-descontos/mercado-livre)
[2026-09-27 19:58:35] [PELANDO]   Falha ao acessar Mercado Livre
[2026-09-27 19:58:37] [PELANDO] Scraping Shopee (https://www.pelando.com.br/cupons-de-descontos/shopee)
[2026-09-27 19:58:41] [PELANDO]   Falha ao acessar Shopee
[2026-09-27 19:58:43] [PELANDO] Scraping Magazine Luiza (https://www.pelando.com.br/cupons-de-descontos/magalu)
[2026-09-27 19:58:47] [PELANDO]   Falha ao acessar Magazine Luiza
[2026-09-27 19:58:49] [PELANDO] Scraping AliExpress (https://www.pelando.com.br/cupons-de-descontos/aliexpress)
[2026-09-27 19:58:53] [PELANDO]   Falha ao acessar AliExpress
[2026-09-27 19:58:55] [PELANDO] Scraping Pichau (https://www.pelando.com.br/cupons-de-descontos/pichau)
[2026-09-27 19:59:00] [PELANDO]   Falha ao acessar Pichau
[2026-09-27 19:59:02] [PELANDO] Scraping Terabyte Shop (https://www.pelando.com.br/cupons-de-descontos/terabyte)
[2026-09-27 19:59:06] [PELANDO]   Falha ao acessar Terabyte Shop
[2026-09-27 19:59:08] [PELANDO] Completado: 0 Pelando + 15 manuales = 15 total
[2026-09-27 19:59:08] [AGENTE-ML] Consultando scraping de ofertas en Mercado Livre...
[2026-09-27 19:59:36] [AGENTE-ML] Scraping ML: 591 ofertas obtenidas
[2026-09-27 19:59:36] [AGENTE-ML] Guardados 400 achados en achados_ml.json
[2026-09-27 19:59:36] [AGENTE-AMAZON] Cosechando Bestsellers y ofertas de categorías Amazon...
[2026-09-27 20:00:37] [AGENTE-AMAZON] Amazon direct: 117 ofertas cosechadas
[2026-09-27 20:00:37] [AGENTE-AMAZON] Cosechando ofertas quentes de Amazon en Pelando...
[2026-09-27 20:00:37] [AGENTE-AMAZON] Amazon Pelando: 0 ofertas obtenidas
[2026-09-27 20:00:37] [AGENTE-AMAZON] Guardados 85 achados en achados_amazon.json
[2026-09-28 01:10:37] [PELANDO] Scraping Amazon (https://www.pelando.com.br/cupons-de-descontos/amazon)
[2026-09-28 01:10:41] [PELANDO]   Falha ao acessar Amazon
[2026-09-28 01:10:43] [PELANDO] Scraping KaBuM! (https://www.pelando.com.br/cupons-de-descontos/kabum)
[2026-09-28 01:10:47] [PELANDO]   Falha ao acessar KaBuM!
[2026-09-28 01:10:49] [PELANDO] Scraping Mercado Livre (https://www.pelando.com.br/cupons-de-descontos/mercado-livre)
[2026-09-28 01:10:54] [PELANDO]   Falha ao acessar Mercado Livre
[2026-09-28 01:10:56] [PELANDO] Scraping Shopee (https://www.pelando.com.br/cupons-de-descontos/shopee)
[2026-09-28 01:11:00] [PELANDO]   Falha ao acessar Shopee
[2026-09-28 01:11:02] [PELANDO] Scraping Magazine Luiza (https://www.pelando.com.br/cupons-de-descontos/magalu)
[2026-09-28 01:11:06] [PELANDO]   Falha ao acessar Magazine Luiza
[2026-09-28 01:11:08] [PELANDO] Scraping AliExpress (https://www.pelando.com.br/cupons-de-descontos/aliexpress)
[2026-09-28 01:11:12] [PELANDO]   Falha ao acessar AliExpress
[2026-09-28 01:11:14] [PELANDO] Scraping Pichau (https://www.pelando.com.br/cupons-de-descontos/pichau)
[2026-09-28 01:11:19] [PELANDO]   Falha ao acessar Pichau
[2026-09-28 01:11:21] [PELANDO] Scraping Terabyte Shop (https://www.pelando.com.br/cupons-de-descontos/terabyte)
[2026-09-28 01:11:25] [PELANDO]   Falha ao acessar Terabyte Shop
[2026-09-28 01:11:27] [PELANDO] Completado: 0 Pelando + 15 manuales = 15 total
[2026-09-28 01:11:27] [AGENTE-ML] Consultando scraping de ofertas en Mercado Livre...
[2026-09-28 01:11:57] [AGENTE-ML] Scraping ML: 600 ofertas obtenidas
[2026-09-28 01:11:57] [AGENTE-ML] Guardados 400 achados en achados_ml.json
[2026-09-28 01:11:57] [AGENTE-AMAZON] Cosechando Bestsellers y ofertas de categorías Amazon...
[2026-09-28 01:12:59] [AGENTE-AMAZON] Amazon direct: 60 ofertas cosechadas
[2026-09-28 01:12:59] [AGENTE-AMAZON] Cosechando ofertas quentes de Amazon en Pelando...
[2026-09-28 01:12:59] [AGENTE-AMAZON] Amazon Pelando: 0 ofertas obtenidas
[2026-09-28 01:12:59] [AGENTE-AMAZON] Guardados 55 achados en achados_amazon.json
[2026-09-28 04:48:56] [PELANDO] Scraping Amazon (https://www.pelando.com.br/cupons-de-descontos/amazon)
[2026-09-28 04:49:00] [PELANDO]   Falha ao acessar Amazon
[2026-09-28 04:49:02] [PELANDO] Scraping KaBuM! (https://www.pelando.com.br/cupons-de-descontos/kabum)
[2026-09-28 04:49:06] [PELANDO]   Falha ao acessar KaBuM!
[2026-09-28 04:49:08] [PELANDO] Scraping Mercado Livre (https://www.pelando.com.br/cupons-de-descontos/mercado-livre)
[2026-09-28 04:49:12] [PELANDO]   Falha ao acessar Mercado Livre
[2026-09-28 04:49:14] [PELANDO] Scraping Shopee (https://www.pelando.com.br/cupons-de-descontos/shopee)
[2026-09-28 04:49:18] [PELANDO]   Falha ao acessar Shopee
[2026-09-28 04:49:20] [PELANDO] Scraping Magazine Luiza (https://www.pelando.com.br/cupons-de-descontos/magalu)
[2026-09-28 04:49:24] [PELANDO]   Falha ao acessar Magazine Luiza
[2026-09-28 04:49:26] [PELANDO] Scraping AliExpress (https://www.pelando.com.br/cupons-de-descontos/aliexpress)
[2026-09-28 04:49:30] [PELANDO]   Falha ao acessar AliExpress
[2026-09-28 04:49:32] [PELANDO] Scraping Pichau (https://www.pelando.com.br/cupons-de-descontos/pichau)
[2026-09-28 04:49:37] [PELANDO]   Falha ao acessar Pichau
[2026-09-28 04:49:39] [PELANDO] Scraping Terabyte Shop (https://www.pelando.com.br/cupons-de-descontos/terabyte)
[2026-09-28 04:49:43] [PELANDO]   Falha ao acessar Terabyte Shop
[2026-09-28 04:49:45] [PELANDO] Completado: 0 Pelando + 15 manuales = 15 total
[2026-09-28 04:49:45] [AGENTE-ML] Consultando scraping de ofertas en Mercado Livre...
[2026-09-28 04:50:12] [AGENTE-ML] Scraping ML: 605 ofertas obtenidas
[2026-09-28 04:50:12] [AGENTE-ML] Guardados 400 achados en achados_ml.json
[2026-09-28 04:50:13] [AGENTE-AMAZON] Cosechando Bestsellers y ofertas de categorías Amazon...
[2026-09-28 04:51:19] [AGENTE-AMAZON] Amazon direct: 242 ofertas cosechadas
[2026-09-28 04:51:19] [AGENTE-AMAZON] Cosechando ofertas quentes de Amazon en Pelando...
[2026-09-28 04:51:19] [AGENTE-AMAZON] Amazon Pelando: 0 ofertas obtenidas
[2026-09-28 04:51:19] [AGENTE-AMAZON] Guardados 223 achados en achados_amazon.json
[2026-09-28 06:06:15] [PELANDO] Scraping Amazon (https://www.pelando.com.br/cupons-de-descontos/amazon)
[2026-09-28 06:06:19] [PELANDO]   Falha ao acessar Amazon
[2026-09-28 06:06:21] [PELANDO] Scraping KaBuM! (https://www.pelando.com.br/cupons-de-descontos/kabum)
[2026-09-28 06:06:25] [PELANDO]   Falha ao acessar KaBuM!
[2026-09-28 06:06:27] [PELANDO] Scraping Mercado Livre (https://www.pelando.com.br/cupons-de-descontos/mercado-livre)
[2026-09-28 06:06:31] [PELANDO]   Falha ao acessar Mercado Livre
[2026-09-28 06:06:33] [PELANDO] Scraping Shopee (https://www.pelando.com.br/cupons-de-descontos/shopee)
[2026-09-28 06:06:37] [PELANDO]   Falha ao acessar Shopee
[2026-09-28 06:06:39] [PELANDO] Scraping Magazine Luiza (https://www.pelando.com.br/cupons-de-descontos/magalu)
[2026-09-28 06:06:43] [PELANDO]   Falha ao acessar Magazine Luiza
[2026-09-28 06:06:45] [PELANDO] Scraping AliExpress (https://www.pelando.com.br/cupons-de-descontos/aliexpress)
[2026-09-28 06:06:49] [PELANDO]   Falha ao acessar AliExpress
[2026-09-28 06:06:51] [PELANDO] Scraping Pichau (https://www.pelando.com.br/cupons-de-descontos/pichau)
[2026-09-28 06:06:55] [PELANDO]   Falha ao acessar Pichau
[2026-09-28 06:06:57] [PELANDO] Scraping Terabyte Shop (https://www.pelando.com.br/cupons-de-descontos/terabyte)
[2026-09-28 06:07:02] [PELANDO]   Falha ao acessar Terabyte Shop
[2026-09-28 06:07:04] [PELANDO] Completado: 0 Pelando + 15 manuales = 15 total
[2026-09-28 06:07:04] [AGENTE-ML] Consultando scraping de ofertas en Mercado Livre...
[2026-09-28 06:07:32] [AGENTE-ML] Scraping ML: 597 ofertas obtenidas
[2026-09-28 06:07:32] [AGENTE-ML] Guardados 400 achados en achados_ml.json
[2026-09-28 06:07:32] [AGENTE-AMAZON] Cosechando Bestsellers y ofertas de categorías Amazon...
[2026-09-28 06:08:36] [AGENTE-AMAZON] Amazon direct: 149 ofertas cosechadas
[2026-09-28 06:08:36] [AGENTE-AMAZON] Cosechando ofertas quentes de Amazon en Pelando...
[2026-09-28 06:08:36] [AGENTE-AMAZON] Amazon Pelando: 0 ofertas obtenidas
[2026-09-28 06:08:36] [AGENTE-AMAZON] Guardados 143 achados en achados_amazon.json
[2026-09-28 14:42:54] [PELANDO] Scraping Amazon (https://www.pelando.com.br/cupons-de-descontos/amazon)
[2026-09-28 14:42:59] [PELANDO]   Falha ao acessar Amazon
[2026-09-28 14:43:01] [PELANDO] Scraping KaBuM! (https://www.pelando.com.br/cupons-de-descontos/kabum)
[2026-09-28 14:43:05] [PELANDO]   Falha ao acessar KaBuM!
[2026-09-28 14:43:07] [PELANDO] Scraping Mercado Livre (https://www.pelando.com.br/cupons-de-descontos/mercado-livre)
[2026-09-28 14:43:12] [PELANDO]   Falha ao acessar Mercado Livre
[2026-09-28 14:43:14] [PELANDO] Scraping Shopee (https://www.pelando.com.br/cupons-de-descontos/shopee)
[2026-09-28 14:43:18] [PELANDO]   Falha ao acessar Shopee
[2026-09-28 14:43:20] [PELANDO] Scraping Magazine Luiza (https://www.pelando.com.br/cupons-de-descontos/magalu)
[2026-09-28 14:43:24] [PELANDO]   Falha ao acessar Magazine Luiza
[2026-09-28 14:43:26] [PELANDO] Scraping AliExpress (https://www.pelando.com.br/cupons-de-descontos/aliexpress)
[2026-09-28 14:43:30] [PELANDO]   Falha ao acessar AliExpress
[2026-09-28 14:43:32] [PELANDO] Scraping Pichau (https://www.pelando.com.br/cupons-de-descontos/pichau)
[2026-09-28 14:43:37] [PELANDO]   Falha ao acessar Pichau
[2026-09-28 14:43:39] [PELANDO] Scraping Terabyte Shop (https://www.pelando.com.br/cupons-de-descontos/terabyte)
[2026-09-28 14:43:43] [PELANDO]   Falha ao acessar Terabyte Shop
[2026-09-28 14:43:45] [PELANDO] Completado: 0 Pelando + 29 manuales = 29 total
[2026-09-28 14:43:45] [AGENTE-ML] Consultando scraping de ofertas en Mercado Livre...
[2026-09-28 14:44:16] [AGENTE-ML] Scraping ML: 596 ofertas obtenidas
[2026-09-28 14:44:16] [AGENTE-ML] Guardados 400 achados en achados_ml.json
[2026-09-28 14:44:16] [AGENTE-AMAZON] Cosechando Bestsellers y ofertas de categorías Amazon...
[2026-09-28 14:45:27] [AGENTE-AMAZON] Amazon direct: 239 ofertas cosechadas
[2026-09-28 14:45:27] [AGENTE-AMAZON] Cosechando ofertas quentes de Amazon en Pelando...
[2026-09-28 14:45:27] [AGENTE-AMAZON] Amazon Pelando: 0 ofertas obtenidas
[2026-09-28 14:45:27] [AGENTE-AMAZON] Guardados 226 achados en achados_amazon.json
[2026-09-28 20:17:25] [PELANDO] Scraping Amazon (https://www.pelando.com.br/cupons-de-descontos/amazon)
[2026-09-28 20:17:30] [PELANDO]   Falha ao acessar Amazon
[2026-09-28 20:17:32] [PELANDO] Scraping KaBuM! (https://www.pelando.com.br/cupons-de-descontos/kabum)
[2026-09-28 20:17:36] [PELANDO]   Falha ao acessar KaBuM!
[2026-09-28 20:17:38] [PELANDO] Scraping Mercado Livre (https://www.pelando.com.br/cupons-de-descontos/mercado-livre)
[2026-09-28 20:17:42] [PELANDO]   Falha ao acessar Mercado Livre
[2026-09-28 20:17:44] [PELANDO] Scraping Shopee (https://www.pelando.com.br/cupons-de-descontos/shopee)
[2026-09-28 20:17:48] [PELANDO]   Falha ao acessar Shopee
[2026-09-28 20:17:50] [PELANDO] Scraping Magazine Luiza (https://www.pelando.com.br/cupons-de-descontos/magalu)
[2026-09-28 20:17:54] [PELANDO]   Falha ao acessar Magazine Luiza
[2026-09-28 20:17:56] [PELANDO] Scraping AliExpress (https://www.pelando.com.br/cupons-de-descontos/aliexpress)
[2026-09-28 20:18:01] [PELANDO]   Falha ao acessar AliExpress
[2026-09-28 20:18:03] [PELANDO] Scraping Pichau (https://www.pelando.com.br/cupons-de-descontos/pichau)
[2026-09-28 20:18:07] [PELANDO]   Falha ao acessar Pichau
[2026-09-28 20:18:09] [PELANDO] Scraping Terabyte Shop (https://www.pelando.com.br/cupons-de-descontos/terabyte)
[2026-09-28 20:18:13] [PELANDO]   Falha ao acessar Terabyte Shop
[2026-09-28 20:18:15] [PELANDO] Completado: 0 Pelando + 29 manuales = 29 total
[2026-09-28 20:18:15] [AGENTE-ML] Consultando scraping de ofertas en Mercado Livre...
[2026-09-28 20:18:44] [AGENTE-ML] Scraping ML: 595 ofertas obtenidas
[2026-09-28 20:18:44] [AGENTE-ML] Guardados 400 achados en achados_ml.json
[2026-09-28 20:18:44] [AGENTE-AMAZON] Cosechando Bestsellers y ofertas de categorías Amazon...
[2026-09-28 20:19:48] [AGENTE-AMAZON] Amazon direct: 175 ofertas cosechadas
[2026-09-28 20:19:48] [AGENTE-AMAZON] Cosechando ofertas quentes de Amazon en Pelando...
[2026-09-28 20:19:48] [AGENTE-AMAZON] Amazon Pelando: 0 ofertas obtenidas
[2026-09-28 20:19:48] [AGENTE-AMAZON] Guardados 165 achados en achados_amazon.json
[2026-09-29 01:04:03] [PELANDO] Scraping Amazon (https://www.pelando.com.br/cupons-de-descontos/amazon)
[2026-09-29 01:04:07] [PELANDO]   Falha ao acessar Amazon
[2026-09-29 01:04:09] [PELANDO] Scraping KaBuM! (https://www.pelando.com.br/cupons-de-descontos/kabum)
[2026-09-29 01:04:13] [PELANDO]   Falha ao acessar KaBuM!
[2026-09-29 01:04:15] [PELANDO] Scraping Mercado Livre (https://www.pelando.com.br/cupons-de-descontos/mercado-livre)
[2026-09-29 01:04:20] [PELANDO]   Falha ao acessar Mercado Livre
[2026-09-29 01:04:22] [PELANDO] Scraping Shopee (https://www.pelando.com.br/cupons-de-descontos/shopee)
[2026-09-29 01:04:26] [PELANDO]   Falha ao acessar Shopee
[2026-09-29 01:04:28] [PELANDO] Scraping Magazine Luiza (https://www.pelando.com.br/cupons-de-descontos/magalu)
[2026-09-29 01:04:32] [PELANDO]   Falha ao acessar Magazine Luiza
[2026-09-29 01:04:34] [PELANDO] Scraping AliExpress (https://www.pelando.com.br/cupons-de-descontos/aliexpress)
[2026-09-29 01:04:38] [PELANDO]   Falha ao acessar AliExpress
[2026-09-29 01:04:40] [PELANDO] Scraping Pichau (https://www.pelando.com.br/cupons-de-descontos/pichau)
[2026-09-29 01:04:44] [PELANDO]   Falha ao acessar Pichau
[2026-09-29 01:04:46] [PELANDO] Scraping Terabyte Shop (https://www.pelando.com.br/cupons-de-descontos/terabyte)
[2026-09-29 01:04:51] [PELANDO]   Falha ao acessar Terabyte Shop
[2026-09-29 01:04:53] [PELANDO] Completado: 0 Pelando + 29 manuales = 29 total
[2026-09-29 01:04:53] [AGENTE-ML] Consultando scraping de ofertas en Mercado Livre...
[2026-09-29 01:05:22] [AGENTE-ML] Scraping ML: 590 ofertas obtenidas
[2026-09-29 01:05:22] [AGENTE-ML] Guardados 400 achados en achados_ml.json
[2026-09-29 01:05:22] [AGENTE-AMAZON] Cosechando Bestsellers y ofertas de categorías Amazon...
[2026-09-29 01:06:21] [AGENTE-AMAZON] Amazon direct: 0 ofertas cosechadas
[2026-09-29 01:06:21] [AGENTE-AMAZON] Cosechando ofertas quentes de Amazon en Pelando...
[2026-09-29 01:06:21] [AGENTE-AMAZON] Amazon Pelando: 0 ofertas obtenidas
[2026-09-29 01:06:21] [AGENTE-AMAZON] Guardados 0 achados en achados_amazon.json
[2026-09-29 02:39:08] [PELANDO] Scraping Amazon (https://www.pelando.com.br/cupons-de-descontos/amazon)
[2026-09-29 02:39:12] [PELANDO]   Falha ao acessar Amazon
[2026-09-29 02:39:14] [PELANDO] Scraping KaBuM! (https://www.pelando.com.br/cupons-de-descontos/kabum)
[2026-09-29 02:39:19] [PELANDO]   Falha ao acessar KaBuM!
[2026-09-29 02:39:21] [PELANDO] Scraping Mercado Livre (https://www.pelando.com.br/cupons-de-descontos/mercado-livre)
[2026-09-29 02:39:25] [PELANDO]   Falha ao acessar Mercado Livre
[2026-09-29 02:39:27] [PELANDO] Scraping Shopee (https://www.pelando.com.br/cupons-de-descontos/shopee)
[2026-09-29 02:39:31] [PELANDO]   Falha ao acessar Shopee
[2026-09-29 02:39:33] [PELANDO] Scraping Magazine Luiza (https://www.pelando.com.br/cupons-de-descontos/magalu)
[2026-09-29 02:39:37] [PELANDO]   Falha ao acessar Magazine Luiza
[2026-09-29 02:39:39] [PELANDO] Scraping AliExpress (https://www.pelando.com.br/cupons-de-descontos/aliexpress)
[2026-09-29 02:39:44] [PELANDO]   Falha ao acessar AliExpress
[2026-09-29 02:39:46] [PELANDO] Scraping Pichau (https://www.pelando.com.br/cupons-de-descontos/pichau)
[2026-09-29 02:39:50] [PELANDO]   Falha ao acessar Pichau
[2026-09-29 02:39:52] [PELANDO] Scraping Terabyte Shop (https://www.pelando.com.br/cupons-de-descontos/terabyte)
[2026-09-29 02:39:56] [PELANDO]   Falha ao acessar Terabyte Shop
[2026-09-29 02:39:58] [PELANDO] Completado: 0 Pelando + 29 manuales = 29 total
[2026-09-29 02:39:58] [AGENTE-ML] Consultando scraping de ofertas en Mercado Livre...
[2026-09-29 02:40:29] [AGENTE-ML] Scraping ML: 593 ofertas obtenidas
[2026-09-29 02:40:29] [AGENTE-ML] Guardados 400 achados en achados_ml.json
[2026-09-29 02:40:29] [AGENTE-AMAZON] Cosechando Bestsellers y ofertas de categorías Amazon...
[2026-09-29 02:41:34] [AGENTE-AMAZON] Amazon direct: 87 ofertas cosechadas
[2026-09-29 02:41:34] [AGENTE-AMAZON] Cosechando ofertas quentes de Amazon en Pelando...
[2026-09-29 02:41:34] [AGENTE-AMAZON] Amazon Pelando: 0 ofertas obtenidas
[2026-09-29 02:41:34] [AGENTE-AMAZON] Guardados 85 achados en achados_amazon.json
[2026-09-29 05:14:15] [PELANDO] Scraping Amazon (https://www.pelando.com.br/cupons-de-descontos/amazon)
[2026-09-29 05:14:20] [PELANDO]   Falha ao acessar Amazon
[2026-09-29 05:14:22] [PELANDO] Scraping KaBuM! (https://www.pelando.com.br/cupons-de-descontos/kabum)
[2026-09-29 05:14:26] [PELANDO]   Falha ao acessar KaBuM!
[2026-09-29 05:14:28] [PELANDO] Scraping Mercado Livre (https://www.pelando.com.br/cupons-de-descontos/mercado-livre)
[2026-09-29 05:14:32] [PELANDO]   Falha ao acessar Mercado Livre
[2026-09-29 05:14:34] [PELANDO] Scraping Shopee (https://www.pelando.com.br/cupons-de-descontos/shopee)
[2026-09-29 05:14:38] [PELANDO]   Falha ao acessar Shopee
[2026-09-29 05:14:40] [PELANDO] Scraping Magazine Luiza (https://www.pelando.com.br/cupons-de-descontos/magalu)
[2026-09-29 05:14:44] [PELANDO]   Falha ao acessar Magazine Luiza
[2026-09-29 05:14:46] [PELANDO] Scraping AliExpress (https://www.pelando.com.br/cupons-de-descontos/aliexpress)
[2026-09-29 05:14:51] [PELANDO]   Falha ao acessar AliExpress
[2026-09-29 05:14:53] [PELANDO] Scraping Pichau (https://www.pelando.com.br/cupons-de-descontos/pichau)
[2026-09-29 05:14:57] [PELANDO]   Falha ao acessar Pichau
[2026-09-29 05:14:59] [PELANDO] Scraping Terabyte Shop (https://www.pelando.com.br/cupons-de-descontos/terabyte)
[2026-09-29 05:15:03] [PELANDO]   Falha ao acessar Terabyte Shop
[2026-09-29 05:15:05] [PELANDO] Completado: 0 Pelando + 29 manuales = 29 total
[2026-09-29 05:15:05] [AGENTE-ML] Consultando scraping de ofertas en Mercado Livre...
[2026-09-29 05:15:33] [AGENTE-ML] Scraping ML: 600 ofertas obtenidas
[2026-09-29 05:15:33] [AGENTE-ML] Guardados 400 achados en achados_ml.json
[2026-09-29 05:15:33] [AGENTE-AMAZON] Cosechando Bestsellers y ofertas de categorías Amazon...
[2026-09-29 05:16:35] [AGENTE-AMAZON] Amazon direct: 120 ofertas cosechadas
[2026-09-29 05:16:35] [AGENTE-AMAZON] Cosechando ofertas quentes de Amazon en Pelando...
[2026-09-29 05:16:35] [AGENTE-AMAZON] Amazon Pelando: 0 ofertas obtenidas
[2026-09-29 05:16:35] [AGENTE-AMAZON] Guardados 115 achados en achados_amazon.json
[2026-09-29 06:24:26] [PELANDO] Scraping Amazon (https://www.pelando.com.br/cupons-de-descontos/amazon)
[2026-09-29 06:24:31] [PELANDO]   Falha ao acessar Amazon
[2026-09-29 06:24:33] [PELANDO] Scraping KaBuM! (https://www.pelando.com.br/cupons-de-descontos/kabum)
[2026-09-29 06:24:37] [PELANDO]   Falha ao acessar KaBuM!
[2026-09-29 06:24:39] [PELANDO] Scraping Mercado Livre (https://www.pelando.com.br/cupons-de-descontos/mercado-livre)
[2026-09-29 06:24:44] [PELANDO]   Falha ao acessar Mercado Livre
[2026-09-29 06:24:46] [PELANDO] Scraping Shopee (https://www.pelando.com.br/cupons-de-descontos/shopee)
[2026-09-29 06:24:50] [PELANDO]   Falha ao acessar Shopee
[2026-09-29 06:24:52] [PELANDO] Scraping Magazine Luiza (https://www.pelando.com.br/cupons-de-descontos/magalu)
[2026-09-29 06:24:57] [PELANDO]   Falha ao acessar Magazine Luiza
[2026-09-29 06:24:59] [PELANDO] Scraping AliExpress (https://www.pelando.com.br/cupons-de-descontos/aliexpress)
[2026-09-29 06:25:03] [PELANDO]   Falha ao acessar AliExpress
[2026-09-29 06:25:05] [PELANDO] Scraping Pichau (https://www.pelando.com.br/cupons-de-descontos/pichau)
[2026-09-29 06:25:10] [PELANDO]   Falha ao acessar Pichau
[2026-09-29 06:25:12] [PELANDO] Scraping Terabyte Shop (https://www.pelando.com.br/cupons-de-descontos/terabyte)
[2026-09-29 06:25:17] [PELANDO]   Falha ao acessar Terabyte Shop
[2026-09-29 06:25:19] [PELANDO] Completado: 0 Pelando + 29 manuales = 29 total
[2026-09-29 06:25:19] [AGENTE-ML] Consultando scraping de ofertas en Mercado Livre...
[2026-09-29 06:25:48] [AGENTE-ML] Scraping ML: 602 ofertas obtenidas
[2026-09-29 06:25:49] [AGENTE-ML] Guardados 400 achados en achados_ml.json
[2026-09-29 06:25:49] [AGENTE-AMAZON] Cosechando Bestsellers y ofertas de categorías Amazon...
[2026-09-29 06:26:55] [AGENTE-AMAZON] Amazon direct: 181 ofertas cosechadas
[2026-09-29 06:26:55] [AGENTE-AMAZON] Cosechando ofertas quentes de Amazon en Pelando...
[2026-09-29 06:26:55] [AGENTE-AMAZON] Amazon Pelando: 0 ofertas obtenidas
[2026-09-29 06:26:55] [AGENTE-AMAZON] Guardados 165 achados en achados_amazon.json
[2026-09-29 13:33:03] [PELANDO] Scraping Amazon (https://www.pelando.com.br/cupons-de-descontos/amazon)
[2026-09-29 13:33:07] [PELANDO]   Falha ao acessar Amazon
[2026-09-29 13:33:09] [PELANDO] Scraping KaBuM! (https://www.pelando.com.br/cupons-de-descontos/kabum)
[2026-09-29 13:33:13] [PELANDO]   Falha ao acessar KaBuM!
[2026-09-29 13:33:15] [PELANDO] Scraping Mercado Livre (https://www.pelando.com.br/cupons-de-descontos/mercado-livre)
[2026-09-29 13:33:19] [PELANDO]   Falha ao acessar Mercado Livre
[2026-09-29 13:33:21] [PELANDO] Scraping Shopee (https://www.pelando.com.br/cupons-de-descontos/shopee)
[2026-09-29 13:33:25] [PELANDO]   Falha ao acessar Shopee
[2026-09-29 13:33:27] [PELANDO] Scraping Magazine Luiza (https://www.pelando.com.br/cupons-de-descontos/magalu)
[2026-09-29 13:33:31] [PELANDO]   Falha ao acessar Magazine Luiza
[2026-09-29 13:33:33] [PELANDO] Scraping AliExpress (https://www.pelando.com.br/cupons-de-descontos/aliexpress)
[2026-09-29 13:33:38] [PELANDO]   Falha ao acessar AliExpress
[2026-09-29 13:33:40] [PELANDO] Scraping Pichau (https://www.pelando.com.br/cupons-de-descontos/pichau)
[2026-09-29 13:33:44] [PELANDO]   Falha ao acessar Pichau
[2026-09-29 13:33:46] [PELANDO] Scraping Terabyte Shop (https://www.pelando.com.br/cupons-de-descontos/terabyte)
[2026-09-29 13:33:50] [PELANDO]   Falha ao acessar Terabyte Shop
[2026-09-29 13:33:52] [PELANDO] Completado: 0 Pelando + 34 manuales = 34 total
[2026-09-29 13:33:52] [AGENTE-ML] Consultando scraping de ofertas en Mercado Livre...
[2026-09-29 13:34:20] [AGENTE-ML] Scraping ML: 598 ofertas obtenidas
[2026-09-29 13:34:20] [AGENTE-ML] Guardados 400 achados en achados_ml.json
[2026-09-29 13:34:21] [AGENTE-AMAZON] Cosechando Bestsellers y ofertas de categorías Amazon...
[2026-09-29 13:35:27] [AGENTE-AMAZON] Amazon direct: 237 ofertas cosechadas
[2026-09-29 13:35:27] [AGENTE-AMAZON] Cosechando ofertas quentes de Amazon en Pelando...
[2026-09-29 13:35:27] [AGENTE-AMAZON] Amazon Pelando: 0 ofertas obtenidas
[2026-09-29 13:35:27] [AGENTE-AMAZON] Guardados 223 achados en achados_amazon.json
[2026-09-29 13:34:18] [AGENTE-ML] Consultando scraping de ofertas en Mercado Livre...
[2026-09-29 13:34:50] [AGENTE-ML] Scraping ML: 605 ofertas obtenidas
[2026-09-29 13:34:50] [AGENTE-ML] Guardados 400 achados en achados_ml.json
[2026-09-29 13:35:19] [AGENTE-ML] Consultando scraping de ofertas en Mercado Livre...
[2026-09-29 13:35:51] [AGENTE-ML] Scraping ML: 605 ofertas obtenidas
[2026-09-29 13:35:51] [AGENTE-ML] Guardados 400 achados en achados_ml.json
[2026-09-29 19:03:10] [PELANDO] Scraping Amazon (https://www.pelando.com.br/cupons-de-descontos/amazon)
[2026-09-29 19:03:14] [PELANDO]   Falha ao acessar Amazon
[2026-09-29 19:03:16] [PELANDO] Scraping KaBuM! (https://www.pelando.com.br/cupons-de-descontos/kabum)
[2026-09-29 19:03:21] [PELANDO]   Falha ao acessar KaBuM!
[2026-09-29 19:03:23] [PELANDO] Scraping Mercado Livre (https://www.pelando.com.br/cupons-de-descontos/mercado-livre)
[2026-09-29 19:03:27] [PELANDO]   Falha ao acessar Mercado Livre
[2026-09-29 19:03:29] [PELANDO] Scraping Shopee (https://www.pelando.com.br/cupons-de-descontos/shopee)
[2026-09-29 19:03:33] [PELANDO]   Falha ao acessar Shopee
[2026-09-29 19:03:35] [PELANDO] Scraping Magazine Luiza (https://www.pelando.com.br/cupons-de-descontos/magalu)
[2026-09-29 19:03:39] [PELANDO]   Falha ao acessar Magazine Luiza
[2026-09-29 19:03:41] [PELANDO] Scraping AliExpress (https://www.pelando.com.br/cupons-de-descontos/aliexpress)
[2026-09-29 19:03:45] [PELANDO]   Falha ao acessar AliExpress
[2026-09-29 19:03:47] [PELANDO] Scraping Pichau (https://www.pelando.com.br/cupons-de-descontos/pichau)
[2026-09-29 19:03:51] [PELANDO]   Falha ao acessar Pichau
[2026-09-29 19:03:53] [PELANDO] Scraping Terabyte Shop (https://www.pelando.com.br/cupons-de-descontos/terabyte)
[2026-09-29 19:03:57] [PELANDO]   Falha ao acessar Terabyte Shop
[2026-09-29 19:03:59] [PELANDO] Completado: 0 Pelando + 24 manuales = 24 total
[2026-09-29 19:03:59] [AGENTE-ML] Consultando scraping de ofertas en Mercado Livre...
[2026-09-29 19:04:31] [AGENTE-ML] Scraping ML: 600 ofertas obtenidas
[2026-09-29 19:04:31] [AGENTE-ML] Guardados 400 achados en achados_ml.json
[2026-09-29 19:04:31] [AGENTE-AMAZON] Cosechando Bestsellers y ofertas de categorías Amazon...
[2026-09-29 19:05:35] [AGENTE-AMAZON] Amazon direct: 150 ofertas cosechadas
[2026-09-29 19:05:35] [AGENTE-AMAZON] Cosechando ofertas quentes de Amazon en Pelando...
[2026-09-29 19:05:35] [AGENTE-AMAZON] Amazon Pelando: 0 ofertas obtenidas
[2026-09-29 19:05:35] [AGENTE-AMAZON] Guardados 130 achados en achados_amazon.json
[2026-09-30 00:29:59] [PELANDO] Scraping Amazon (https://www.pelando.com.br/cupons-de-descontos/amazon)
[2026-09-30 00:30:03] [PELANDO]   Falha ao acessar Amazon
[2026-09-30 00:30:05] [PELANDO] Scraping KaBuM! (https://www.pelando.com.br/cupons-de-descontos/kabum)
[2026-09-30 00:30:09] [PELANDO]   Falha ao acessar KaBuM!
[2026-09-30 00:30:11] [PELANDO] Scraping Mercado Livre (https://www.pelando.com.br/cupons-de-descontos/mercado-livre)
[2026-09-30 00:30:15] [PELANDO]   Falha ao acessar Mercado Livre
[2026-09-30 00:30:17] [PELANDO] Scraping Shopee (https://www.pelando.com.br/cupons-de-descontos/shopee)
[2026-09-30 00:30:21] [PELANDO]   Falha ao acessar Shopee
[2026-09-30 00:30:23] [PELANDO] Scraping Magazine Luiza (https://www.pelando.com.br/cupons-de-descontos/magalu)
[2026-09-30 00:30:27] [PELANDO]   Falha ao acessar Magazine Luiza
[2026-09-30 00:30:29] [PELANDO] Scraping AliExpress (https://www.pelando.com.br/cupons-de-descontos/aliexpress)
[2026-09-30 00:30:33] [PELANDO]   Falha ao acessar AliExpress
[2026-09-30 00:30:35] [PELANDO] Scraping Pichau (https://www.pelando.com.br/cupons-de-descontos/pichau)
[2026-09-30 00:30:40] [PELANDO]   Falha ao acessar Pichau
[2026-09-30 00:30:42] [PELANDO] Scraping Terabyte Shop (https://www.pelando.com.br/cupons-de-descontos/terabyte)
[2026-09-30 00:30:46] [PELANDO]   Falha ao acessar Terabyte Shop
[2026-09-30 00:30:48] [PELANDO] Completado: 0 Pelando + 23 manuales = 23 total
[2026-09-30 00:30:48] [AGENTE-ML] Consultando scraping de ofertas en Mercado Livre...
[2026-09-30 00:31:17] [AGENTE-ML] Scraping ML: 604 ofertas obtenidas
[2026-09-30 00:31:17] [AGENTE-ML] Guardados 400 achados en achados_ml.json
[2026-09-30 00:31:17] [AGENTE-AMAZON] Cosechando Bestsellers y ofertas de categorías Amazon...
[2026-09-30 00:32:19] [AGENTE-AMAZON] Amazon direct: 119 ofertas cosechadas
[2026-09-30 00:32:19] [AGENTE-AMAZON] Cosechando ofertas quentes de Amazon en Pelando...
[2026-09-30 00:32:19] [AGENTE-AMAZON] Amazon Pelando: 0 ofertas obtenidas
[2026-09-30 00:32:19] [AGENTE-AMAZON] Guardados 110 achados en achados_amazon.json
[2026-09-30 01:44:55] [PELANDO] Scraping Amazon (https://www.pelando.com.br/cupons-de-descontos/amazon)
[2026-09-30 01:44:59] [PELANDO]   Falha ao acessar Amazon
[2026-09-30 01:45:01] [PELANDO] Scraping KaBuM! (https://www.pelando.com.br/cupons-de-descontos/kabum)
[2026-09-30 01:45:05] [PELANDO]   Falha ao acessar KaBuM!
[2026-09-30 01:45:07] [PELANDO] Scraping Mercado Livre (https://www.pelando.com.br/cupons-de-descontos/mercado-livre)
[2026-09-30 01:45:12] [PELANDO]   Falha ao acessar Mercado Livre
[2026-09-30 01:45:14] [PELANDO] Scraping Shopee (https://www.pelando.com.br/cupons-de-descontos/shopee)
[2026-09-30 01:45:18] [PELANDO]   Falha ao acessar Shopee
[2026-09-30 01:45:20] [PELANDO] Scraping Magazine Luiza (https://www.pelando.com.br/cupons-de-descontos/magalu)
[2026-09-30 01:45:24] [PELANDO]   Falha ao acessar Magazine Luiza
[2026-09-30 01:45:26] [PELANDO] Scraping AliExpress (https://www.pelando.com.br/cupons-de-descontos/aliexpress)
[2026-09-30 01:45:30] [PELANDO]   Falha ao acessar AliExpress
[2026-09-30 01:45:32] [PELANDO] Scraping Pichau (https://www.pelando.com.br/cupons-de-descontos/pichau)
[2026-09-30 01:45:36] [PELANDO]   Falha ao acessar Pichau
[2026-09-30 01:45:38] [PELANDO] Scraping Terabyte Shop (https://www.pelando.com.br/cupons-de-descontos/terabyte)
[2026-09-30 01:45:43] [PELANDO]   Falha ao acessar Terabyte Shop
[2026-09-30 01:45:45] [PELANDO] Completado: 0 Pelando + 23 manuales = 23 total
[2026-09-30 01:45:45] [AGENTE-ML] Consultando scraping de ofertas en Mercado Livre...
[2026-09-30 01:46:14] [AGENTE-ML] Scraping ML: 599 ofertas obtenidas
[2026-09-30 01:46:14] [AGENTE-ML] Guardados 400 achados en achados_ml.json
[2026-09-30 01:46:14] [AGENTE-AMAZON] Cosechando Bestsellers y ofertas de categorías Amazon...
[2026-09-30 01:47:13] [AGENTE-AMAZON] Amazon direct: 0 ofertas cosechadas
[2026-09-30 01:47:13] [AGENTE-AMAZON] Cosechando ofertas quentes de Amazon en Pelando...
[2026-09-30 01:47:13] [AGENTE-AMAZON] Amazon Pelando: 0 ofertas obtenidas
[2026-09-30 01:47:13] [AGENTE-AMAZON] Guardados 0 achados en achados_amazon.json
[2026-09-29 23:21:53] [AGENTE-ML] Consultando scraping de ofertas en Mercado Livre...
[2026-09-29 23:22:24] [AGENTE-ML] Scraping ML: 600 ofertas obtenidas
[2026-09-29 23:22:24] [AGENTE-ML] Guardados 400 achados en achados_ml.json
[2026-09-30 05:02:21] [PELANDO] Scraping Amazon (https://www.pelando.com.br/cupons-de-descontos/amazon)
[2026-09-30 05:02:26] [PELANDO]   Falha ao acessar Amazon
[2026-09-30 05:02:28] [PELANDO] Scraping KaBuM! (https://www.pelando.com.br/cupons-de-descontos/kabum)
[2026-09-30 05:02:32] [PELANDO]   Falha ao acessar KaBuM!
[2026-09-30 05:02:34] [PELANDO] Scraping Mercado Livre (https://www.pelando.com.br/cupons-de-descontos/mercado-livre)
[2026-09-30 05:02:38] [PELANDO]   Falha ao acessar Mercado Livre
[2026-09-30 05:02:40] [PELANDO] Scraping Shopee (https://www.pelando.com.br/cupons-de-descontos/shopee)
[2026-09-30 05:02:44] [PELANDO]   Falha ao acessar Shopee
[2026-09-30 05:02:46] [PELANDO] Scraping Magazine Luiza (https://www.pelando.com.br/cupons-de-descontos/magalu)
[2026-09-30 05:02:50] [PELANDO]   Falha ao acessar Magazine Luiza
[2026-09-30 05:02:52] [PELANDO] Scraping AliExpress (https://www.pelando.com.br/cupons-de-descontos/aliexpress)
[2026-09-30 05:02:56] [PELANDO]   Falha ao acessar AliExpress
[2026-09-30 05:02:58] [PELANDO] Scraping Pichau (https://www.pelando.com.br/cupons-de-descontos/pichau)
[2026-09-30 05:03:03] [PELANDO]   Falha ao acessar Pichau
[2026-09-30 05:03:05] [PELANDO] Scraping Terabyte Shop (https://www.pelando.com.br/cupons-de-descontos/terabyte)
[2026-09-30 05:03:09] [PELANDO]   Falha ao acessar Terabyte Shop
[2026-09-30 05:03:11] [PELANDO] Completado: 0 Pelando + 23 manuales = 23 total
[2026-09-30 05:03:11] [AGENTE-ML] Consultando scraping de ofertas en Mercado Livre...
[2026-09-30 05:03:39] [AGENTE-ML] Scraping ML: 591 ofertas obtenidas
[2026-09-30 05:03:39] [AGENTE-ML] Guardados 400 achados en achados_ml.json
[2026-09-30 05:03:39] [AGENTE-AMAZON] Cosechando Bestsellers y ofertas de categorías Amazon...
[2026-09-30 05:04:45] [AGENTE-AMAZON] Amazon direct: 148 ofertas cosechadas
[2026-09-30 05:04:45] [AGENTE-AMAZON] Cosechando ofertas quentes de Amazon en Pelando...
[2026-09-30 05:04:45] [AGENTE-AMAZON] Amazon Pelando: 0 ofertas obtenidas
[2026-09-30 05:04:45] [AGENTE-AMAZON] Guardados 135 achados en achados_amazon.json
[2026-09-30 07:41:59] [PELANDO] Scraping Amazon (https://www.pelando.com.br/cupons-de-descontos/amazon)
[2026-09-30 07:42:03] [PELANDO]   Falha ao acessar Amazon
[2026-09-30 07:42:05] [PELANDO] Scraping KaBuM! (https://www.pelando.com.br/cupons-de-descontos/kabum)
[2026-09-30 07:42:09] [PELANDO]   Falha ao acessar KaBuM!
[2026-09-30 07:42:11] [PELANDO] Scraping Mercado Livre (https://www.pelando.com.br/cupons-de-descontos/mercado-livre)
[2026-09-30 07:42:15] [PELANDO]   Falha ao acessar Mercado Livre
[2026-09-30 07:42:17] [PELANDO] Scraping Shopee (https://www.pelando.com.br/cupons-de-descontos/shopee)
[2026-09-30 07:42:21] [PELANDO]   Falha ao acessar Shopee
[2026-09-30 07:42:23] [PELANDO] Scraping Magazine Luiza (https://www.pelando.com.br/cupons-de-descontos/magalu)
[2026-09-30 07:42:27] [PELANDO]   Falha ao acessar Magazine Luiza
[2026-09-30 07:42:29] [PELANDO] Scraping AliExpress (https://www.pelando.com.br/cupons-de-descontos/aliexpress)
[2026-09-30 07:42:34] [PELANDO]   Falha ao acessar AliExpress
[2026-09-30 07:42:36] [PELANDO] Scraping Pichau (https://www.pelando.com.br/cupons-de-descontos/pichau)
[2026-09-30 07:42:40] [PELANDO]   Falha ao acessar Pichau
[2026-09-30 07:42:42] [PELANDO] Scraping Terabyte Shop (https://www.pelando.com.br/cupons-de-descontos/terabyte)
[2026-09-30 07:42:46] [PELANDO]   Falha ao acessar Terabyte Shop
[2026-09-30 07:42:48] [PELANDO] Completado: 0 Pelando + 23 manuales = 23 total
[2026-09-30 07:42:48] [AGENTE-ML] Consultando scraping de ofertas en Mercado Livre...
[2026-09-30 07:43:17] [AGENTE-ML] Scraping ML: 592 ofertas obtenidas
[2026-09-30 07:43:17] [AGENTE-ML] Guardados 400 achados en achados_ml.json
[2026-09-30 07:43:17] [AGENTE-AMAZON] Cosechando Bestsellers y ofertas de categorías Amazon...
[2026-09-30 07:44:15] [AGENTE-AMAZON] Amazon direct: 0 ofertas cosechadas
[2026-09-30 07:44:15] [AGENTE-AMAZON] Cosechando ofertas quentes de Amazon en Pelando...
[2026-09-30 07:44:15] [AGENTE-AMAZON] Amazon Pelando: 0 ofertas obtenidas
[2026-09-30 07:44:15] [AGENTE-AMAZON] Guardados 0 achados en achados_amazon.json
[2026-09-30 14:24:47] [PELANDO] Scraping Amazon (https://www.pelando.com.br/cupons-de-descontos/amazon)
[2026-09-30 14:24:52] [PELANDO]   Falha ao acessar Amazon
[2026-09-30 14:24:54] [PELANDO] Scraping KaBuM! (https://www.pelando.com.br/cupons-de-descontos/kabum)
[2026-09-30 14:24:58] [PELANDO]   Falha ao acessar KaBuM!
[2026-09-30 14:25:00] [PELANDO] Scraping Mercado Livre (https://www.pelando.com.br/cupons-de-descontos/mercado-livre)
[2026-09-30 14:25:04] [PELANDO]   Falha ao acessar Mercado Livre
[2026-09-30 14:25:06] [PELANDO] Scraping Shopee (https://www.pelando.com.br/cupons-de-descontos/shopee)
[2026-09-30 14:25:10] [PELANDO]   Falha ao acessar Shopee
[2026-09-30 14:25:12] [PELANDO] Scraping Magazine Luiza (https://www.pelando.com.br/cupons-de-descontos/magalu)
[2026-09-30 14:25:17] [PELANDO]   Falha ao acessar Magazine Luiza
[2026-09-30 14:25:19] [PELANDO] Scraping AliExpress (https://www.pelando.com.br/cupons-de-descontos/aliexpress)
[2026-09-30 14:25:23] [PELANDO]   Falha ao acessar AliExpress
[2026-09-30 14:25:25] [PELANDO] Scraping Pichau (https://www.pelando.com.br/cupons-de-descontos/pichau)
[2026-09-30 14:25:29] [PELANDO]   Falha ao acessar Pichau
[2026-09-30 14:25:31] [PELANDO] Scraping Terabyte Shop (https://www.pelando.com.br/cupons-de-descontos/terabyte)
[2026-09-30 14:25:35] [PELANDO]   Falha ao acessar Terabyte Shop
[2026-09-30 14:25:37] [PELANDO] Completado: 0 Pelando + 30 manuales = 30 total
[2026-09-30 14:25:37] [AGENTE-ML] Consultando scraping de ofertas en Mercado Livre...
[2026-09-30 14:26:07] [AGENTE-ML] Scraping ML: 599 ofertas obtenidas
[2026-09-30 14:26:07] [AGENTE-ML] Guardados 400 achados en achados_ml.json
[2026-09-30 14:26:07] [AGENTE-AMAZON] Cosechando Bestsellers y ofertas de categorías Amazon...
[2026-09-30 14:27:14] [AGENTE-AMAZON] Amazon direct: 294 ofertas cosechadas
[2026-09-30 14:27:14] [AGENTE-AMAZON] Cosechando ofertas quentes de Amazon en Pelando...
[2026-09-30 14:27:15] [AGENTE-AMAZON] Amazon Pelando: 0 ofertas obtenidas
[2026-09-30 14:27:15] [AGENTE-AMAZON] Guardados 241 achados en achados_amazon.json
[2026-09-30 19:58:40] [PELANDO] Scraping Amazon (https://www.pelando.com.br/cupons-de-descontos/amazon)
[2026-09-30 19:58:45] [PELANDO]   Falha ao acessar Amazon
[2026-09-30 19:58:47] [PELANDO] Scraping KaBuM! (https://www.pelando.com.br/cupons-de-descontos/kabum)
[2026-09-30 19:58:51] [PELANDO]   Falha ao acessar KaBuM!
[2026-09-30 19:58:53] [PELANDO] Scraping Mercado Livre (https://www.pelando.com.br/cupons-de-descontos/mercado-livre)
[2026-09-30 19:58:58] [PELANDO]   Falha ao acessar Mercado Livre
[2026-09-30 19:59:00] [PELANDO] Scraping Shopee (https://www.pelando.com.br/cupons-de-descontos/shopee)
[2026-09-30 19:59:04] [PELANDO]   Falha ao acessar Shopee
[2026-09-30 19:59:06] [PELANDO] Scraping Magazine Luiza (https://www.pelando.com.br/cupons-de-descontos/magalu)
[2026-09-30 19:59:10] [PELANDO]   Falha ao acessar Magazine Luiza
[2026-09-30 19:59:12] [PELANDO] Scraping AliExpress (https://www.pelando.com.br/cupons-de-descontos/aliexpress)
[2026-09-30 19:59:17] [PELANDO]   Falha ao acessar AliExpress
[2026-09-30 19:59:19] [PELANDO] Scraping Pichau (https://www.pelando.com.br/cupons-de-descontos/pichau)
[2026-09-30 19:59:23] [PELANDO]   Falha ao acessar Pichau
[2026-09-30 19:59:25] [PELANDO] Scraping Terabyte Shop (https://www.pelando.com.br/cupons-de-descontos/terabyte)
[2026-09-30 19:59:29] [PELANDO]   Falha ao acessar Terabyte Shop
[2026-09-30 19:59:31] [PELANDO] Completado: 0 Pelando + 30 manuales = 30 total
[2026-09-30 19:59:32] [AGENTE-ML] Consultando scraping de ofertas en Mercado Livre...
[2026-09-30 20:00:01] [AGENTE-ML] Scraping ML: 602 ofertas obtenidas
[2026-09-30 20:00:01] [AGENTE-ML] Guardados 400 achados en achados_ml.json
[2026-09-30 20:00:01] [AGENTE-AMAZON] Cosechando Bestsellers y ofertas de categorías Amazon...
[2026-09-30 20:01:06] [AGENTE-AMAZON] Amazon direct: 179 ofertas cosechadas
[2026-09-30 20:01:06] [AGENTE-AMAZON] Cosechando ofertas quentes de Amazon en Pelando...
[2026-09-30 20:01:06] [AGENTE-AMAZON] Amazon Pelando: 0 ofertas obtenidas
[2026-09-30 20:01:06] [AGENTE-AMAZON] Guardados 169 achados en achados_amazon.json
[2026-10-01 01:08:29] [PELANDO] Scraping Amazon (https://www.pelando.com.br/cupons-de-descontos/amazon)
[2026-10-01 01:08:33] [PELANDO]   Falha ao acessar Amazon
[2026-10-01 01:08:35] [PELANDO] Scraping KaBuM! (https://www.pelando.com.br/cupons-de-descontos/kabum)
[2026-10-01 01:08:39] [PELANDO]   Falha ao acessar KaBuM!
[2026-10-01 01:08:41] [PELANDO] Scraping Mercado Livre (https://www.pelando.com.br/cupons-de-descontos/mercado-livre)
[2026-10-01 01:08:46] [PELANDO]   Falha ao acessar Mercado Livre
[2026-10-01 01:08:48] [PELANDO] Scraping Shopee (https://www.pelando.com.br/cupons-de-descontos/shopee)
[2026-10-01 01:08:52] [PELANDO]   Falha ao acessar Shopee
[2026-10-01 01:08:54] [PELANDO] Scraping Magazine Luiza (https://www.pelando.com.br/cupons-de-descontos/magalu)
[2026-10-01 01:08:58] [PELANDO]   Falha ao acessar Magazine Luiza
[2026-10-01 01:09:00] [PELANDO] Scraping AliExpress (https://www.pelando.com.br/cupons-de-descontos/aliexpress)
[2026-10-01 01:09:04] [PELANDO]   Falha ao acessar AliExpress
[2026-10-01 01:09:06] [PELANDO] Scraping Pichau (https://www.pelando.com.br/cupons-de-descontos/pichau)
[2026-10-01 01:09:10] [PELANDO]   Falha ao acessar Pichau
[2026-10-01 01:09:12] [PELANDO] Scraping Terabyte Shop (https://www.pelando.com.br/cupons-de-descontos/terabyte)
[2026-10-01 01:09:16] [PELANDO]   Falha ao acessar Terabyte Shop
[2026-10-01 01:09:18] [PELANDO] Completado: 0 Pelando + 27 manuales = 27 total
[2026-10-01 01:09:19] [AGENTE-ML] Consultando scraping de ofertas en Mercado Livre...
[2026-10-01 01:09:48] [AGENTE-ML] Scraping ML: 610 ofertas obtenidas
[2026-10-01 01:09:48] [AGENTE-ML] Guardados 400 achados en achados_ml.json
[2026-10-01 01:09:48] [AGENTE-AMAZON] Cosechando Bestsellers y ofertas de categorías Amazon...
[2026-10-01 01:10:47] [AGENTE-AMAZON] Amazon direct: 0 ofertas cosechadas
[2026-10-01 01:10:47] [AGENTE-AMAZON] Cosechando ofertas quentes de Amazon en Pelando...
[2026-10-01 01:10:47] [AGENTE-AMAZON] Amazon Pelando: 0 ofertas obtenidas
[2026-10-01 01:10:47] [AGENTE-AMAZON] Guardados 0 achados en achados_amazon.json
[2026-10-01 03:04:53] [PELANDO] Scraping Amazon (https://www.pelando.com.br/cupons-de-descontos/amazon)
[2026-10-01 03:04:57] [PELANDO]   Falha ao acessar Amazon
[2026-10-01 03:04:59] [PELANDO] Scraping KaBuM! (https://www.pelando.com.br/cupons-de-descontos/kabum)
[2026-10-01 03:05:04] [PELANDO]   Falha ao acessar KaBuM!
[2026-10-01 03:05:06] [PELANDO] Scraping Mercado Livre (https://www.pelando.com.br/cupons-de-descontos/mercado-livre)
[2026-10-01 03:05:10] [PELANDO]   Falha ao acessar Mercado Livre
[2026-10-01 03:05:12] [PELANDO] Scraping Shopee (https://www.pelando.com.br/cupons-de-descontos/shopee)
[2026-10-01 03:05:16] [PELANDO]   Falha ao acessar Shopee
[2026-10-01 03:05:18] [PELANDO] Scraping Magazine Luiza (https://www.pelando.com.br/cupons-de-descontos/magalu)
[2026-10-01 03:05:22] [PELANDO]   Falha ao acessar Magazine Luiza
[2026-10-01 03:05:24] [PELANDO] Scraping AliExpress (https://www.pelando.com.br/cupons-de-descontos/aliexpress)
[2026-10-01 03:05:28] [PELANDO]   Falha ao acessar AliExpress
[2026-10-01 03:05:30] [PELANDO] Scraping Pichau (https://www.pelando.com.br/cupons-de-descontos/pichau)
[2026-10-01 03:05:34] [PELANDO]   Falha ao acessar Pichau
[2026-10-01 03:05:36] [PELANDO] Scraping Terabyte Shop (https://www.pelando.com.br/cupons-de-descontos/terabyte)
[2026-10-01 03:05:40] [PELANDO]   Falha ao acessar Terabyte Shop
[2026-10-01 03:05:42] [PELANDO] Completado: 0 Pelando + 27 manuales = 27 total
[2026-10-01 03:05:42] [AGENTE-ML] Consultando scraping de ofertas en Mercado Livre...
[2026-10-01 03:06:13] [AGENTE-ML] Scraping ML: 541 ofertas obtenidas
[2026-10-01 03:06:13] [AGENTE-ML] Guardados 400 achados en achados_ml.json
[2026-10-01 03:06:13] [AGENTE-AMAZON] Cosechando Bestsellers y ofertas de categorías Amazon...
[2026-10-01 03:07:13] [AGENTE-AMAZON] Amazon direct: 30 ofertas cosechadas
[2026-10-01 03:07:13] [AGENTE-AMAZON] Cosechando ofertas quentes de Amazon en Pelando...
[2026-10-01 03:07:13] [AGENTE-AMAZON] Amazon Pelando: 0 ofertas obtenidas
[2026-10-01 03:07:13] [AGENTE-AMAZON] Guardados 29 achados en achados_amazon.json
[2026-10-01 05:15:54] [PELANDO] Scraping Amazon (https://www.pelando.com.br/cupons-de-descontos/amazon)
[2026-10-01 05:15:58] [PELANDO]   Falha ao acessar Amazon
[2026-10-01 05:16:00] [PELANDO] Scraping KaBuM! (https://www.pelando.com.br/cupons-de-descontos/kabum)
[2026-10-01 05:16:04] [PELANDO]   Falha ao acessar KaBuM!
[2026-10-01 05:16:06] [PELANDO] Scraping Mercado Livre (https://www.pelando.com.br/cupons-de-descontos/mercado-livre)
[2026-10-01 05:16:11] [PELANDO]   Falha ao acessar Mercado Livre
[2026-10-01 05:16:13] [PELANDO] Scraping Shopee (https://www.pelando.com.br/cupons-de-descontos/shopee)
[2026-10-01 05:16:17] [PELANDO]   Falha ao acessar Shopee
[2026-10-01 05:16:19] [PELANDO] Scraping Magazine Luiza (https://www.pelando.com.br/cupons-de-descontos/magalu)
[2026-10-01 05:16:23] [PELANDO]   Falha ao acessar Magazine Luiza
[2026-10-01 05:16:25] [PELANDO] Scraping AliExpress (https://www.pelando.com.br/cupons-de-descontos/aliexpress)
[2026-10-01 05:16:29] [PELANDO]   Falha ao acessar AliExpress
[2026-10-01 05:16:31] [PELANDO] Scraping Pichau (https://www.pelando.com.br/cupons-de-descontos/pichau)
[2026-10-01 05:16:36] [PELANDO]   Falha ao acessar Pichau
[2026-10-01 05:16:38] [PELANDO] Scraping Terabyte Shop (https://www.pelando.com.br/cupons-de-descontos/terabyte)
[2026-10-01 05:16:42] [PELANDO]   Falha ao acessar Terabyte Shop
[2026-10-01 05:16:44] [PELANDO] Completado: 0 Pelando + 27 manuales = 27 total
[2026-10-01 05:16:44] [AGENTE-ML] Consultando scraping de ofertas en Mercado Livre...
[2026-10-01 05:17:14] [AGENTE-ML] Scraping ML: 594 ofertas obtenidas
[2026-10-01 05:17:14] [AGENTE-ML] Guardados 400 achados en achados_ml.json
[2026-10-01 05:17:15] [AGENTE-AMAZON] Cosechando Bestsellers y ofertas de categorías Amazon...
[2026-10-01 05:18:23] [AGENTE-AMAZON] Amazon direct: 209 ofertas cosechadas
[2026-10-01 05:18:23] [AGENTE-AMAZON] Cosechando ofertas quentes de Amazon en Pelando...
[2026-10-01 05:18:23] [AGENTE-AMAZON] Amazon Pelando: 0 ofertas obtenidas
[2026-10-01 05:18:23] [AGENTE-AMAZON] Guardados 181 achados en achados_amazon.json
[2026-10-01 10:33:55] [PELANDO] Scraping Amazon (https://www.pelando.com.br/cupons-de-descontos/amazon)
[2026-10-01 10:33:59] [PELANDO]   Falha ao acessar Amazon
[2026-10-01 10:34:01] [PELANDO] Scraping KaBuM! (https://www.pelando.com.br/cupons-de-descontos/kabum)
[2026-10-01 10:34:05] [PELANDO]   Falha ao acessar KaBuM!
[2026-10-01 10:34:07] [PELANDO] Scraping Mercado Livre (https://www.pelando.com.br/cupons-de-descontos/mercado-livre)
[2026-10-01 10:34:11] [PELANDO]   Falha ao acessar Mercado Livre
[2026-10-01 10:34:13] [PELANDO] Scraping Shopee (https://www.pelando.com.br/cupons-de-descontos/shopee)
[2026-10-01 10:34:17] [PELANDO]   Falha ao acessar Shopee
[2026-10-01 10:34:19] [PELANDO] Scraping Magazine Luiza (https://www.pelando.com.br/cupons-de-descontos/magalu)
[2026-10-01 10:34:23] [PELANDO]   Falha ao acessar Magazine Luiza
[2026-10-01 10:34:25] [PELANDO] Scraping AliExpress (https://www.pelando.com.br/cupons-de-descontos/aliexpress)
[2026-10-01 10:34:30] [PELANDO]   Falha ao acessar AliExpress
[2026-10-01 10:34:32] [PELANDO] Scraping Pichau (https://www.pelando.com.br/cupons-de-descontos/pichau)
[2026-10-01 10:34:36] [PELANDO]   Falha ao acessar Pichau
[2026-10-01 10:34:38] [PELANDO] Scraping Terabyte Shop (https://www.pelando.com.br/cupons-de-descontos/terabyte)
[2026-10-01 10:34:42] [PELANDO]   Falha ao acessar Terabyte Shop
[2026-10-01 10:34:44] [PELANDO] Completado: 0 Pelando + 27 manuales = 27 total
[2026-10-01 10:34:44] [AGENTE-ML] Consultando scraping de ofertas en Mercado Livre...
[2026-10-01 10:35:12] [AGENTE-ML] Scraping ML: 610 ofertas obtenidas
[2026-10-01 10:35:12] [AGENTE-ML] Guardados 400 achados en achados_ml.json
[2026-10-01 10:35:13] [AGENTE-AMAZON] Cosechando Bestsellers y ofertas de categorías Amazon...
[2026-10-01 10:36:15] [AGENTE-AMAZON] Amazon direct: 174 ofertas cosechadas
[2026-10-01 10:36:15] [AGENTE-AMAZON] Cosechando ofertas quentes de Amazon en Pelando...
[2026-10-01 10:36:15] [AGENTE-AMAZON] Amazon Pelando: 0 ofertas obtenidas
[2026-10-01 10:36:15] [AGENTE-AMAZON] Guardados 161 achados en achados_amazon.json
[2026-10-01 17:11:25] [PELANDO] Scraping Amazon (https://www.pelando.com.br/cupons-de-descontos/amazon)
[2026-10-01 17:11:29] [PELANDO]   Falha ao acessar Amazon
[2026-10-01 17:11:31] [PELANDO] Scraping KaBuM! (https://www.pelando.com.br/cupons-de-descontos/kabum)
[2026-10-01 17:11:35] [PELANDO]   Falha ao acessar KaBuM!
[2026-10-01 17:11:37] [PELANDO] Scraping Mercado Livre (https://www.pelando.com.br/cupons-de-descontos/mercado-livre)
[2026-10-01 17:11:41] [PELANDO]   Falha ao acessar Mercado Livre
[2026-10-01 17:11:43] [PELANDO] Scraping Shopee (https://www.pelando.com.br/cupons-de-descontos/shopee)
[2026-10-01 17:11:47] [PELANDO]   Falha ao acessar Shopee
[2026-10-01 17:11:49] [PELANDO] Scraping Magazine Luiza (https://www.pelando.com.br/cupons-de-descontos/magalu)
[2026-10-01 17:11:54] [PELANDO]   Falha ao acessar Magazine Luiza
[2026-10-01 17:11:56] [PELANDO] Scraping AliExpress (https://www.pelando.com.br/cupons-de-descontos/aliexpress)
[2026-10-01 17:12:00] [PELANDO]   Falha ao acessar AliExpress
[2026-10-01 17:12:02] [PELANDO] Scraping Pichau (https://www.pelando.com.br/cupons-de-descontos/pichau)
[2026-10-01 17:12:06] [PELANDO]   Falha ao acessar Pichau
[2026-10-01 17:12:08] [PELANDO] Scraping Terabyte Shop (https://www.pelando.com.br/cupons-de-descontos/terabyte)
[2026-10-01 17:12:12] [PELANDO]   Falha ao acessar Terabyte Shop
[2026-10-01 17:12:14] [PELANDO] Completado: 0 Pelando + 40 manuales = 40 total
[2026-10-01 17:12:14] [AGENTE-ML] Consultando scraping de ofertas en Mercado Livre...
[2026-10-01 17:12:42] [AGENTE-ML] Scraping ML: 610 ofertas obtenidas
[2026-10-01 17:12:42] [AGENTE-ML] Guardados 400 achados en achados_ml.json
[2026-10-01 17:12:42] [AGENTE-AMAZON] Cosechando Bestsellers y ofertas de categorías Amazon...
[2026-10-01 17:13:48] [AGENTE-AMAZON] Amazon direct: 150 ofertas cosechadas
[2026-10-01 17:13:48] [AGENTE-AMAZON] Cosechando ofertas quentes de Amazon en Pelando...
[2026-10-01 17:13:48] [AGENTE-AMAZON] Amazon Pelando: 0 ofertas obtenidas
[2026-10-01 17:13:48] [AGENTE-AMAZON] Guardados 143 achados en achados_amazon.json
[2026-10-01 22:40:26] [PELANDO] Scraping Amazon (https://www.pelando.com.br/cupons-de-descontos/amazon)
[2026-10-01 22:40:30] [PELANDO]   Falha ao acessar Amazon
[2026-10-01 22:40:32] [PELANDO] Scraping KaBuM! (https://www.pelando.com.br/cupons-de-descontos/kabum)
[2026-10-01 22:40:36] [PELANDO]   Falha ao acessar KaBuM!
[2026-10-01 22:40:38] [PELANDO] Scraping Mercado Livre (https://www.pelando.com.br/cupons-de-descontos/mercado-livre)
[2026-10-01 22:40:42] [PELANDO]   Falha ao acessar Mercado Livre
[2026-10-01 22:40:44] [PELANDO] Scraping Shopee (https://www.pelando.com.br/cupons-de-descontos/shopee)
[2026-10-01 22:40:49] [PELANDO]   Falha ao acessar Shopee
[2026-10-01 22:40:51] [PELANDO] Scraping Magazine Luiza (https://www.pelando.com.br/cupons-de-descontos/magalu)
[2026-10-01 22:40:55] [PELANDO]   Falha ao acessar Magazine Luiza
[2026-10-01 22:40:57] [PELANDO] Scraping AliExpress (https://www.pelando.com.br/cupons-de-descontos/aliexpress)
[2026-10-01 22:41:01] [PELANDO]   Falha ao acessar AliExpress
[2026-10-01 22:41:03] [PELANDO] Scraping Pichau (https://www.pelando.com.br/cupons-de-descontos/pichau)
[2026-10-01 22:41:07] [PELANDO]   Falha ao acessar Pichau
[2026-10-01 22:41:09] [PELANDO] Scraping Terabyte Shop (https://www.pelando.com.br/cupons-de-descontos/terabyte)
[2026-10-01 22:41:13] [PELANDO]   Falha ao acessar Terabyte Shop
[2026-10-01 22:41:15] [PELANDO] Completado: 0 Pelando + 40 manuales = 40 total
[2026-10-01 22:41:16] [AGENTE-ML] Consultando scraping de ofertas en Mercado Livre...
[2026-10-01 22:41:45] [AGENTE-ML] Scraping ML: 598 ofertas obtenidas
[2026-10-01 22:41:45] [AGENTE-ML] Guardados 400 achados en achados_ml.json
[2026-10-01 22:41:45] [AGENTE-AMAZON] Cosechando Bestsellers y ofertas de categorías Amazon...
[2026-10-01 22:42:47] [AGENTE-AMAZON] Amazon direct: 89 ofertas cosechadas
[2026-10-01 22:42:47] [AGENTE-AMAZON] Cosechando ofertas quentes de Amazon en Pelando...
[2026-10-01 22:42:47] [AGENTE-AMAZON] Amazon Pelando: 0 ofertas obtenidas
[2026-10-01 22:42:47] [AGENTE-AMAZON] Guardados 81 achados en achados_amazon.json
[2026-10-02 01:14:44] [PELANDO] Scraping Amazon (https://www.pelando.com.br/cupons-de-descontos/amazon)
[2026-10-02 01:14:48] [PELANDO]   Falha ao acessar Amazon
[2026-10-02 01:14:50] [PELANDO] Scraping KaBuM! (https://www.pelando.com.br/cupons-de-descontos/kabum)
[2026-10-02 01:14:54] [PELANDO]   Falha ao acessar KaBuM!
[2026-10-02 01:14:56] [PELANDO] Scraping Mercado Livre (https://www.pelando.com.br/cupons-de-descontos/mercado-livre)
[2026-10-02 01:15:01] [PELANDO]   Falha ao acessar Mercado Livre
[2026-10-02 01:15:03] [PELANDO] Scraping Shopee (https://www.pelando.com.br/cupons-de-descontos/shopee)
[2026-10-02 01:15:07] [PELANDO]   Falha ao acessar Shopee
[2026-10-02 01:15:09] [PELANDO] Scraping Magazine Luiza (https://www.pelando.com.br/cupons-de-descontos/magalu)
[2026-10-02 01:15:13] [PELANDO]   Falha ao acessar Magazine Luiza
[2026-10-02 01:15:15] [PELANDO] Scraping AliExpress (https://www.pelando.com.br/cupons-de-descontos/aliexpress)
[2026-10-02 01:15:19] [PELANDO]   Falha ao acessar AliExpress
[2026-10-02 01:15:21] [PELANDO] Scraping Pichau (https://www.pelando.com.br/cupons-de-descontos/pichau)
[2026-10-02 01:15:25] [PELANDO]   Falha ao acessar Pichau
[2026-10-02 01:15:27] [PELANDO] Scraping Terabyte Shop (https://www.pelando.com.br/cupons-de-descontos/terabyte)
[2026-10-02 01:15:31] [PELANDO]   Falha ao acessar Terabyte Shop
[2026-10-02 01:15:33] [PELANDO] Completado: 0 Pelando + 40 manuales = 40 total
[2026-10-02 01:15:33] [AGENTE-ML] Consultando scraping de ofertas en Mercado Livre...
[2026-10-02 01:16:04] [AGENTE-ML] Scraping ML: 602 ofertas obtenidas
[2026-10-02 01:16:04] [AGENTE-ML] Guardados 400 achados en achados_ml.json
[2026-10-02 01:16:04] [AGENTE-AMAZON] Cosechando Bestsellers y ofertas de categorías Amazon...
[2026-10-02 01:17:06] [AGENTE-AMAZON] Amazon direct: 91 ofertas cosechadas
[2026-10-02 01:17:06] [AGENTE-AMAZON] Cosechando ofertas quentes de Amazon en Pelando...
[2026-10-02 01:17:06] [AGENTE-AMAZON] Amazon Pelando: 0 ofertas obtenidas
[2026-10-02 01:17:06] [AGENTE-AMAZON] Guardados 88 achados en achados_amazon.json
[2026-10-02 01:52:57] [PELANDO] Scraping Amazon (https://www.pelando.com.br/cupons-de-descontos/amazon)
[2026-10-02 01:53:01] [PELANDO]   Falha ao acessar Amazon
[2026-10-02 01:53:03] [PELANDO] Scraping KaBuM! (https://www.pelando.com.br/cupons-de-descontos/kabum)
[2026-10-02 01:53:07] [PELANDO]   Falha ao acessar KaBuM!
[2026-10-02 01:53:09] [PELANDO] Scraping Mercado Livre (https://www.pelando.com.br/cupons-de-descontos/mercado-livre)
[2026-10-02 01:53:13] [PELANDO]   Falha ao acessar Mercado Livre
[2026-10-02 01:53:15] [PELANDO] Scraping Shopee (https://www.pelando.com.br/cupons-de-descontos/shopee)
[2026-10-02 01:53:19] [PELANDO]   Falha ao acessar Shopee
[2026-10-02 01:53:21] [PELANDO] Scraping Magazine Luiza (https://www.pelando.com.br/cupons-de-descontos/magalu)
[2026-10-02 01:53:25] [PELANDO]   Falha ao acessar Magazine Luiza
[2026-10-02 01:53:27] [PELANDO] Scraping AliExpress (https://www.pelando.com.br/cupons-de-descontos/aliexpress)
[2026-10-02 01:53:32] [PELANDO]   Falha ao acessar AliExpress
[2026-10-02 01:53:34] [PELANDO] Scraping Pichau (https://www.pelando.com.br/cupons-de-descontos/pichau)
[2026-10-02 01:53:38] [PELANDO]   Falha ao acessar Pichau
[2026-10-02 01:53:40] [PELANDO] Scraping Terabyte Shop (https://www.pelando.com.br/cupons-de-descontos/terabyte)
[2026-10-02 01:53:44] [PELANDO]   Falha ao acessar Terabyte Shop
[2026-10-02 01:53:46] [PELANDO] Completado: 0 Pelando + 40 manuales = 40 total
[2026-10-02 01:53:46] [AGENTE-ML] Consultando scraping de ofertas en Mercado Livre...
[2026-10-02 01:54:13] [AGENTE-ML] Scraping ML: 598 ofertas obtenidas
[2026-10-02 01:54:13] [AGENTE-ML] Guardados 400 achados en achados_ml.json
[2026-10-02 01:54:14] [AGENTE-AMAZON] Cosechando Bestsellers y ofertas de categorías Amazon...
[2026-10-02 01:55:15] [AGENTE-AMAZON] Amazon direct: 149 ofertas cosechadas
[2026-10-02 01:55:15] [AGENTE-AMAZON] Cosechando ofertas quentes de Amazon en Pelando...
[2026-10-02 01:55:15] [AGENTE-AMAZON] Amazon Pelando: 0 ofertas obtenidas
[2026-10-02 01:55:15] [AGENTE-AMAZON] Guardados 142 achados en achados_amazon.json
[2026-10-02 05:04:03] [PELANDO] Scraping Amazon (https://www.pelando.com.br/cupons-de-descontos/amazon)
[2026-10-02 05:04:08] [PELANDO]   Falha ao acessar Amazon
[2026-10-02 05:04:10] [PELANDO] Scraping KaBuM! (https://www.pelando.com.br/cupons-de-descontos/kabum)
[2026-10-02 05:04:14] [PELANDO]   Falha ao acessar KaBuM!
[2026-10-02 05:04:16] [PELANDO] Scraping Mercado Livre (https://www.pelando.com.br/cupons-de-descontos/mercado-livre)
[2026-10-02 05:04:20] [PELANDO]   Falha ao acessar Mercado Livre
[2026-10-02 05:04:22] [PELANDO] Scraping Shopee (https://www.pelando.com.br/cupons-de-descontos/shopee)
[2026-10-02 05:04:26] [PELANDO]   Falha ao acessar Shopee
[2026-10-02 05:04:28] [PELANDO] Scraping Magazine Luiza (https://www.pelando.com.br/cupons-de-descontos/magalu)
[2026-10-02 05:04:32] [PELANDO]   Falha ao acessar Magazine Luiza
[2026-10-02 05:04:34] [PELANDO] Scraping AliExpress (https://www.pelando.com.br/cupons-de-descontos/aliexpress)
[2026-10-02 05:04:39] [PELANDO]   Falha ao acessar AliExpress
[2026-10-02 05:04:41] [PELANDO] Scraping Pichau (https://www.pelando.com.br/cupons-de-descontos/pichau)
[2026-10-02 05:04:45] [PELANDO]   Falha ao acessar Pichau
[2026-10-02 05:04:47] [PELANDO] Scraping Terabyte Shop (https://www.pelando.com.br/cupons-de-descontos/terabyte)
[2026-10-02 05:04:51] [PELANDO]   Falha ao acessar Terabyte Shop
[2026-10-02 05:04:53] [PELANDO] Completado: 0 Pelando + 40 manuales = 40 total
[2026-10-02 05:04:53] [AGENTE-ML] Consultando scraping de ofertas en Mercado Livre...
[2026-10-02 05:05:22] [AGENTE-ML] Scraping ML: 599 ofertas obtenidas
[2026-10-02 05:05:22] [AGENTE-ML] Guardados 400 achados en achados_ml.json
[2026-10-02 05:05:22] [AGENTE-AMAZON] Cosechando Bestsellers y ofertas de categorías Amazon...
[2026-10-02 05:06:28] [AGENTE-AMAZON] Amazon direct: 150 ofertas cosechadas
[2026-10-02 05:06:28] [AGENTE-AMAZON] Cosechando ofertas quentes de Amazon en Pelando...
[2026-10-02 05:06:28] [AGENTE-AMAZON] Amazon Pelando: 0 ofertas obtenidas
[2026-10-02 05:06:28] [AGENTE-AMAZON] Guardados 139 achados en achados_amazon.json
[2026-10-02 07:43:55] [PELANDO] Scraping Amazon (https://www.pelando.com.br/cupons-de-descontos/amazon)
[2026-10-02 07:43:59] [PELANDO]   Falha ao acessar Amazon
[2026-10-02 07:44:01] [PELANDO] Scraping KaBuM! (https://www.pelando.com.br/cupons-de-descontos/kabum)
[2026-10-02 07:44:06] [PELANDO]   Falha ao acessar KaBuM!
[2026-10-02 07:44:08] [PELANDO] Scraping Mercado Livre (https://www.pelando.com.br/cupons-de-descontos/mercado-livre)
[2026-10-02 07:44:12] [PELANDO]   Falha ao acessar Mercado Livre
[2026-10-02 07:44:14] [PELANDO] Scraping Shopee (https://www.pelando.com.br/cupons-de-descontos/shopee)
[2026-10-02 07:44:18] [PELANDO]   Falha ao acessar Shopee
[2026-10-02 07:44:20] [PELANDO] Scraping Magazine Luiza (https://www.pelando.com.br/cupons-de-descontos/magalu)
[2026-10-02 07:44:24] [PELANDO]   Falha ao acessar Magazine Luiza
[2026-10-02 07:44:26] [PELANDO] Scraping AliExpress (https://www.pelando.com.br/cupons-de-descontos/aliexpress)
[2026-10-02 07:44:31] [PELANDO]   Falha ao acessar AliExpress
[2026-10-02 07:44:33] [PELANDO] Scraping Pichau (https://www.pelando.com.br/cupons-de-descontos/pichau)
[2026-10-02 07:44:37] [PELANDO]   Falha ao acessar Pichau
[2026-10-02 07:44:39] [PELANDO] Scraping Terabyte Shop (https://www.pelando.com.br/cupons-de-descontos/terabyte)
[2026-10-02 07:44:43] [PELANDO]   Falha ao acessar Terabyte Shop
[2026-10-02 07:44:45] [PELANDO] Completado: 0 Pelando + 40 manuales = 40 total
[2026-10-02 07:44:45] [AGENTE-ML] Consultando scraping de ofertas en Mercado Livre...
[2026-10-02 07:45:16] [AGENTE-ML] Scraping ML: 603 ofertas obtenidas
[2026-10-02 07:45:16] [AGENTE-ML] Guardados 400 achados en achados_ml.json
[2026-10-02 07:45:16] [AGENTE-AMAZON] Cosechando Bestsellers y ofertas de categorías Amazon...
[2026-10-02 07:46:20] [AGENTE-AMAZON] Amazon direct: 90 ofertas cosechadas
[2026-10-02 07:46:20] [AGENTE-AMAZON] Cosechando ofertas quentes de Amazon en Pelando...
[2026-10-02 07:46:20] [AGENTE-AMAZON] Amazon Pelando: 0 ofertas obtenidas
[2026-10-02 07:46:20] [AGENTE-AMAZON] Guardados 87 achados en achados_amazon.json
[2026-10-02 14:18:20] [PELANDO] Scraping Amazon (https://www.pelando.com.br/cupons-de-descontos/amazon)
[2026-10-02 14:18:25] [PELANDO]   Falha ao acessar Amazon
[2026-10-02 14:18:27] [PELANDO] Scraping KaBuM! (https://www.pelando.com.br/cupons-de-descontos/kabum)
[2026-10-02 14:18:31] [PELANDO]   Falha ao acessar KaBuM!
[2026-10-02 14:18:33] [PELANDO] Scraping Mercado Livre (https://www.pelando.com.br/cupons-de-descontos/mercado-livre)
[2026-10-02 14:18:37] [PELANDO]   Falha ao acessar Mercado Livre
[2026-10-02 14:18:39] [PELANDO] Scraping Shopee (https://www.pelando.com.br/cupons-de-descontos/shopee)
[2026-10-02 14:18:43] [PELANDO]   Falha ao acessar Shopee
[2026-10-02 14:18:45] [PELANDO] Scraping Magazine Luiza (https://www.pelando.com.br/cupons-de-descontos/magalu)
[2026-10-02 14:18:49] [PELANDO]   Falha ao acessar Magazine Luiza
[2026-10-02 14:18:51] [PELANDO] Scraping AliExpress (https://www.pelando.com.br/cupons-de-descontos/aliexpress)
[2026-10-02 14:18:55] [PELANDO]   Falha ao acessar AliExpress
[2026-10-02 14:18:57] [PELANDO] Scraping Pichau (https://www.pelando.com.br/cupons-de-descontos/pichau)
[2026-10-02 14:19:02] [PELANDO]   Falha ao acessar Pichau
[2026-10-02 14:19:04] [PELANDO] Scraping Terabyte Shop (https://www.pelando.com.br/cupons-de-descontos/terabyte)
[2026-10-02 14:19:08] [PELANDO]   Falha ao acessar Terabyte Shop
[2026-10-02 14:19:10] [PELANDO] Completado: 0 Pelando + 48 manuales = 48 total
[2026-10-02 14:19:10] [AGENTE-ML] Consultando scraping de ofertas en Mercado Livre...
[2026-10-02 14:19:40] [AGENTE-ML] Scraping ML: 595 ofertas obtenidas
[2026-10-02 14:19:40] [AGENTE-ML] Guardados 400 achados en achados_ml.json
[2026-10-02 14:19:41] [AGENTE-AMAZON] Cosechando Bestsellers y ofertas de categorías Amazon...
[2026-10-02 14:20:49] [AGENTE-AMAZON] Amazon direct: 212 ofertas cosechadas
[2026-10-02 14:20:49] [AGENTE-AMAZON] Cosechando ofertas quentes de Amazon en Pelando...
[2026-10-02 14:20:49] [AGENTE-AMAZON] Amazon Pelando: 0 ofertas obtenidas
[2026-10-02 14:20:49] [AGENTE-AMAZON] Guardados 200 achados en achados_amazon.json
[2026-10-02 19:52:27] [PELANDO] Scraping Amazon (https://www.pelando.com.br/cupons-de-descontos/amazon)
[2026-10-02 19:52:31] [PELANDO]   Falha ao acessar Amazon
[2026-10-02 19:52:33] [PELANDO] Scraping KaBuM! (https://www.pelando.com.br/cupons-de-descontos/kabum)
[2026-10-02 19:52:37] [PELANDO]   Falha ao acessar KaBuM!
[2026-10-02 19:52:39] [PELANDO] Scraping Mercado Livre (https://www.pelando.com.br/cupons-de-descontos/mercado-livre)
[2026-10-02 19:52:43] [PELANDO]   Falha ao acessar Mercado Livre
[2026-10-02 19:52:45] [PELANDO] Scraping Shopee (https://www.pelando.com.br/cupons-de-descontos/shopee)
[2026-10-02 19:52:50] [PELANDO]   Falha ao acessar Shopee
[2026-10-02 19:52:52] [PELANDO] Scraping Magazine Luiza (https://www.pelando.com.br/cupons-de-descontos/magalu)
[2026-10-02 19:52:56] [PELANDO]   Falha ao acessar Magazine Luiza
[2026-10-02 19:52:58] [PELANDO] Scraping AliExpress (https://www.pelando.com.br/cupons-de-descontos/aliexpress)
[2026-10-02 19:53:02] [PELANDO]   Falha ao acessar AliExpress
[2026-10-02 19:53:04] [PELANDO] Scraping Pichau (https://www.pelando.com.br/cupons-de-descontos/pichau)
[2026-10-02 19:53:08] [PELANDO]   Falha ao acessar Pichau
[2026-10-02 19:53:10] [PELANDO] Scraping Terabyte Shop (https://www.pelando.com.br/cupons-de-descontos/terabyte)
[2026-10-02 19:53:15] [PELANDO]   Falha ao acessar Terabyte Shop
[2026-10-02 19:53:17] [PELANDO] Completado: 0 Pelando + 48 manuales = 48 total
[2026-10-02 19:53:17] [AGENTE-ML] Consultando scraping de ofertas en Mercado Livre...
[2026-10-02 19:53:46] [AGENTE-ML] Scraping ML: 596 ofertas obtenidas
[2026-10-02 19:53:46] [AGENTE-ML] Guardados 400 achados en achados_ml.json
[2026-10-02 19:53:46] [AGENTE-AMAZON] Cosechando Bestsellers y ofertas de categorías Amazon...
[2026-10-02 19:54:48] [AGENTE-AMAZON] Amazon direct: 120 ofertas cosechadas
[2026-10-02 19:54:48] [AGENTE-AMAZON] Cosechando ofertas quentes de Amazon en Pelando...
[2026-10-02 19:54:48] [AGENTE-AMAZON] Amazon Pelando: 0 ofertas obtenidas
[2026-10-02 19:54:48] [AGENTE-AMAZON] Guardados 113 achados en achados_amazon.json
[2026-10-03 01:03:30] [PELANDO] Scraping Amazon (https://www.pelando.com.br/cupons-de-descontos/amazon)
[2026-10-03 01:03:34] [PELANDO]   Falha ao acessar Amazon
[2026-10-03 01:03:36] [PELANDO] Scraping KaBuM! (https://www.pelando.com.br/cupons-de-descontos/kabum)
[2026-10-03 01:03:41] [PELANDO]   Falha ao acessar KaBuM!
[2026-10-03 01:03:43] [PELANDO] Scraping Mercado Livre (https://www.pelando.com.br/cupons-de-descontos/mercado-livre)
[2026-10-03 01:03:47] [PELANDO]   Falha ao acessar Mercado Livre
[2026-10-03 01:03:49] [PELANDO] Scraping Shopee (https://www.pelando.com.br/cupons-de-descontos/shopee)
[2026-10-03 01:03:53] [PELANDO]   Falha ao acessar Shopee
[2026-10-03 01:03:55] [PELANDO] Scraping Magazine Luiza (https://www.pelando.com.br/cupons-de-descontos/magalu)
[2026-10-03 01:04:00] [PELANDO]   Falha ao acessar Magazine Luiza
[2026-10-03 01:04:02] [PELANDO] Scraping AliExpress (https://www.pelando.com.br/cupons-de-descontos/aliexpress)
[2026-10-03 01:04:06] [PELANDO]   Falha ao acessar AliExpress
[2026-10-03 01:04:08] [PELANDO] Scraping Pichau (https://www.pelando.com.br/cupons-de-descontos/pichau)
[2026-10-03 01:04:12] [PELANDO]   Falha ao acessar Pichau
[2026-10-03 01:04:14] [PELANDO] Scraping Terabyte Shop (https://www.pelando.com.br/cupons-de-descontos/terabyte)
[2026-10-03 01:04:19] [PELANDO]   Falha ao acessar Terabyte Shop
[2026-10-03 01:04:21] [PELANDO] Completado: 0 Pelando + 46 manuales = 46 total
[2026-10-03 01:04:21] [AGENTE-ML] Consultando scraping de ofertas en Mercado Livre...
[2026-10-03 01:04:51] [AGENTE-ML] Scraping ML: 609 ofertas obtenidas
[2026-10-03 01:04:51] [AGENTE-ML] Guardados 400 achados en achados_ml.json
[2026-10-03 01:04:51] [AGENTE-AMAZON] Cosechando Bestsellers y ofertas de categorías Amazon...
[2026-10-03 01:05:54] [AGENTE-AMAZON] Amazon direct: 59 ofertas cosechadas
[2026-10-03 01:05:54] [AGENTE-AMAZON] Cosechando ofertas quentes de Amazon en Pelando...
[2026-10-03 01:05:54] [AGENTE-AMAZON] Amazon Pelando: 0 ofertas obtenidas
[2026-10-03 01:05:54] [AGENTE-AMAZON] Guardados 54 achados en achados_amazon.json
[2026-10-03 02:53:15] [PELANDO] Scraping Amazon (https://www.pelando.com.br/cupons-de-descontos/amazon)
[2026-10-03 02:53:20] [PELANDO]   Falha ao acessar Amazon
[2026-10-03 02:53:22] [PELANDO] Scraping KaBuM! (https://www.pelando.com.br/cupons-de-descontos/kabum)
[2026-10-03 02:53:26] [PELANDO]   Falha ao acessar KaBuM!
[2026-10-03 02:53:28] [PELANDO] Scraping Mercado Livre (https://www.pelando.com.br/cupons-de-descontos/mercado-livre)
[2026-10-03 02:53:32] [PELANDO]   Falha ao acessar Mercado Livre
[2026-10-03 02:53:34] [PELANDO] Scraping Shopee (https://www.pelando.com.br/cupons-de-descontos/shopee)
[2026-10-03 02:53:38] [PELANDO]   Falha ao acessar Shopee
[2026-10-03 02:53:40] [PELANDO] Scraping Magazine Luiza (https://www.pelando.com.br/cupons-de-descontos/magalu)
[2026-10-03 02:53:45] [PELANDO]   Falha ao acessar Magazine Luiza
[2026-10-03 02:53:47] [PELANDO] Scraping AliExpress (https://www.pelando.com.br/cupons-de-descontos/aliexpress)
[2026-10-03 02:53:51] [PELANDO]   Falha ao acessar AliExpress
[2026-10-03 02:53:53] [PELANDO] Scraping Pichau (https://www.pelando.com.br/cupons-de-descontos/pichau)
[2026-10-03 02:53:57] [PELANDO]   Falha ao acessar Pichau
[2026-10-03 02:53:59] [PELANDO] Scraping Terabyte Shop (https://www.pelando.com.br/cupons-de-descontos/terabyte)
[2026-10-03 02:54:03] [PELANDO]   Falha ao acessar Terabyte Shop
[2026-10-03 02:54:05] [PELANDO] Completado: 0 Pelando + 46 manuales = 46 total
[2026-10-03 02:54:05] [AGENTE-ML] Consultando scraping de ofertas en Mercado Livre...
[2026-10-03 02:54:34] [AGENTE-ML] Scraping ML: 604 ofertas obtenidas
[2026-10-03 02:54:34] [AGENTE-ML] Guardados 400 achados en achados_ml.json
[2026-10-03 02:54:34] [AGENTE-AMAZON] Cosechando Bestsellers y ofertas de categorías Amazon...
[2026-10-03 02:55:35] [AGENTE-AMAZON] Amazon direct: 58 ofertas cosechadas
[2026-10-03 02:55:35] [AGENTE-AMAZON] Cosechando ofertas quentes de Amazon en Pelando...
[2026-10-03 02:55:35] [AGENTE-AMAZON] Amazon Pelando: 0 ofertas obtenidas
[2026-10-03 02:55:35] [AGENTE-AMAZON] Guardados 55 achados en achados_amazon.json
[2026-10-03 04:48:47] [PELANDO] Scraping Amazon (https://www.pelando.com.br/cupons-de-descontos/amazon)
[2026-10-03 04:48:52] [PELANDO]   Falha ao acessar Amazon
[2026-10-03 04:48:54] [PELANDO] Scraping KaBuM! (https://www.pelando.com.br/cupons-de-descontos/kabum)
[2026-10-03 04:48:58] [PELANDO]   Falha ao acessar KaBuM!
[2026-10-03 04:49:00] [PELANDO] Scraping Mercado Livre (https://www.pelando.com.br/cupons-de-descontos/mercado-livre)
[2026-10-03 04:49:04] [PELANDO]   Falha ao acessar Mercado Livre
[2026-10-03 04:49:06] [PELANDO] Scraping Shopee (https://www.pelando.com.br/cupons-de-descontos/shopee)
[2026-10-03 04:49:11] [PELANDO]   Falha ao acessar Shopee
[2026-10-03 04:49:13] [PELANDO] Scraping Magazine Luiza (https://www.pelando.com.br/cupons-de-descontos/magalu)
[2026-10-03 04:49:17] [PELANDO]   Falha ao acessar Magazine Luiza
[2026-10-03 04:49:19] [PELANDO] Scraping AliExpress (https://www.pelando.com.br/cupons-de-descontos/aliexpress)
[2026-10-03 04:49:23] [PELANDO]   Falha ao acessar AliExpress
[2026-10-03 04:49:25] [PELANDO] Scraping Pichau (https://www.pelando.com.br/cupons-de-descontos/pichau)
[2026-10-03 04:49:29] [PELANDO]   Falha ao acessar Pichau
[2026-10-03 04:49:31] [PELANDO] Scraping Terabyte Shop (https://www.pelando.com.br/cupons-de-descontos/terabyte)
[2026-10-03 04:49:36] [PELANDO]   Falha ao acessar Terabyte Shop
[2026-10-03 04:49:38] [PELANDO] Completado: 0 Pelando + 46 manuales = 46 total
[2026-10-03 04:49:38] [AGENTE-ML] Consultando scraping de ofertas en Mercado Livre...
[2026-10-03 04:50:09] [AGENTE-ML] Scraping ML: 611 ofertas obtenidas
[2026-10-03 04:50:09] [AGENTE-ML] Guardados 400 achados en achados_ml.json
[2026-10-03 04:50:09] [AGENTE-AMAZON] Cosechando Bestsellers y ofertas de categorías Amazon...
[2026-10-03 04:51:16] [AGENTE-AMAZON] Amazon direct: 210 ofertas cosechadas
[2026-10-03 04:51:16] [AGENTE-AMAZON] Cosechando ofertas quentes de Amazon en Pelando...
[2026-10-03 04:51:16] [AGENTE-AMAZON] Amazon Pelando: 0 ofertas obtenidas
[2026-10-03 04:51:16] [AGENTE-AMAZON] Guardados 202 achados en achados_amazon.json
[2026-10-03 08:42:49] [PELANDO] Scraping Amazon (https://www.pelando.com.br/cupons-de-descontos/amazon)
[2026-10-03 08:42:53] [PELANDO]   Falha ao acessar Amazon
[2026-10-03 08:42:55] [PELANDO] Scraping KaBuM! (https://www.pelando.com.br/cupons-de-descontos/kabum)
[2026-10-03 08:42:59] [PELANDO]   Falha ao acessar KaBuM!
[2026-10-03 08:43:01] [PELANDO] Scraping Mercado Livre (https://www.pelando.com.br/cupons-de-descontos/mercado-livre)
[2026-10-03 08:43:05] [PELANDO]   Falha ao acessar Mercado Livre
[2026-10-03 08:43:07] [PELANDO] Scraping Shopee (https://www.pelando.com.br/cupons-de-descontos/shopee)
[2026-10-03 08:43:12] [PELANDO]   Falha ao acessar Shopee
[2026-10-03 08:43:14] [PELANDO] Scraping Magazine Luiza (https://www.pelando.com.br/cupons-de-descontos/magalu)
[2026-10-03 08:43:18] [PELANDO]   Falha ao acessar Magazine Luiza
[2026-10-03 08:43:20] [PELANDO] Scraping AliExpress (https://www.pelando.com.br/cupons-de-descontos/aliexpress)
[2026-10-03 08:43:24] [PELANDO]   Falha ao acessar AliExpress
[2026-10-03 08:43:26] [PELANDO] Scraping Pichau (https://www.pelando.com.br/cupons-de-descontos/pichau)
[2026-10-03 08:43:30] [PELANDO]   Falha ao acessar Pichau
[2026-10-03 08:43:32] [PELANDO] Scraping Terabyte Shop (https://www.pelando.com.br/cupons-de-descontos/terabyte)
[2026-10-03 08:43:36] [PELANDO]   Falha ao acessar Terabyte Shop
[2026-10-03 08:43:38] [PELANDO] Completado: 0 Pelando + 46 manuales = 46 total
[2026-10-03 08:43:38] [AGENTE-ML] Consultando scraping de ofertas en Mercado Livre...
[2026-10-03 08:44:08] [AGENTE-ML] Scraping ML: 603 ofertas obtenidas
[2026-10-03 08:44:08] [AGENTE-ML] Guardados 400 achados en achados_ml.json
[2026-10-03 08:44:08] [AGENTE-AMAZON] Cosechando Bestsellers y ofertas de categorías Amazon...
[2026-10-03 08:45:07] [AGENTE-AMAZON] Amazon direct: 0 ofertas cosechadas
[2026-10-03 08:45:07] [AGENTE-AMAZON] Cosechando ofertas quentes de Amazon en Pelando...
[2026-10-03 08:45:07] [AGENTE-AMAZON] Amazon Pelando: 0 ofertas obtenidas
[2026-10-03 08:45:07] [AGENTE-AMAZON] Guardados 0 achados en achados_amazon.json
[2026-10-03 14:03:53] [PELANDO] Scraping Amazon (https://www.pelando.com.br/cupons-de-descontos/amazon)
[2026-10-03 14:03:58] [PELANDO]   Falha ao acessar Amazon
[2026-10-03 14:04:00] [PELANDO] Scraping KaBuM! (https://www.pelando.com.br/cupons-de-descontos/kabum)
[2026-10-03 14:04:04] [PELANDO]   Falha ao acessar KaBuM!
[2026-10-03 14:04:06] [PELANDO] Scraping Mercado Livre (https://www.pelando.com.br/cupons-de-descontos/mercado-livre)
[2026-10-03 14:04:10] [PELANDO]   Falha ao acessar Mercado Livre
[2026-10-03 14:04:12] [PELANDO] Scraping Shopee (https://www.pelando.com.br/cupons-de-descontos/shopee)
[2026-10-03 14:04:16] [PELANDO]   Falha ao acessar Shopee
[2026-10-03 14:04:18] [PELANDO] Scraping Magazine Luiza (https://www.pelando.com.br/cupons-de-descontos/magalu)
[2026-10-03 14:04:22] [PELANDO]   Falha ao acessar Magazine Luiza
[2026-10-03 14:04:24] [PELANDO] Scraping AliExpress (https://www.pelando.com.br/cupons-de-descontos/aliexpress)
[2026-10-03 14:04:28] [PELANDO]   Falha ao acessar AliExpress
[2026-10-03 14:04:30] [PELANDO] Scraping Pichau (https://www.pelando.com.br/cupons-de-descontos/pichau)
[2026-10-03 14:04:34] [PELANDO]   Falha ao acessar Pichau
[2026-10-03 14:04:36] [PELANDO] Scraping Terabyte Shop (https://www.pelando.com.br/cupons-de-descontos/terabyte)
[2026-10-03 14:04:41] [PELANDO]   Falha ao acessar Terabyte Shop
[2026-10-03 14:04:43] [PELANDO] Completado: 0 Pelando + 49 manuales = 49 total
[2026-10-03 14:04:43] [AGENTE-ML] Consultando scraping de ofertas en Mercado Livre...
[2026-10-03 14:05:11] [AGENTE-ML] Scraping ML: 602 ofertas obtenidas
[2026-10-03 14:05:11] [AGENTE-ML] Guardados 400 achados en achados_ml.json
[2026-10-03 14:05:11] [AGENTE-AMAZON] Cosechando Bestsellers y ofertas de categorías Amazon...
[2026-10-03 14:06:17] [AGENTE-AMAZON] Amazon direct: 208 ofertas cosechadas
[2026-10-03 14:06:17] [AGENTE-AMAZON] Cosechando ofertas quentes de Amazon en Pelando...
[2026-10-03 14:06:17] [AGENTE-AMAZON] Amazon Pelando: 0 ofertas obtenidas
[2026-10-03 14:06:17] [AGENTE-AMAZON] Guardados 193 achados en achados_amazon.json
[2026-10-03 19:37:32] [PELANDO] Scraping Amazon (https://www.pelando.com.br/cupons-de-descontos/amazon)
[2026-10-03 19:37:36] [PELANDO]   Falha ao acessar Amazon
[2026-10-03 19:37:38] [PELANDO] Scraping KaBuM! (https://www.pelando.com.br/cupons-de-descontos/kabum)
[2026-10-03 19:37:43] [PELANDO]   Falha ao acessar KaBuM!
[2026-10-03 19:37:45] [PELANDO] Scraping Mercado Livre (https://www.pelando.com.br/cupons-de-descontos/mercado-livre)
[2026-10-03 19:37:49] [PELANDO]   Falha ao acessar Mercado Livre
[2026-10-03 19:37:51] [PELANDO] Scraping Shopee (https://www.pelando.com.br/cupons-de-descontos/shopee)
[2026-10-03 19:37:55] [PELANDO]   Falha ao acessar Shopee
[2026-10-03 19:37:57] [PELANDO] Scraping Magazine Luiza (https://www.pelando.com.br/cupons-de-descontos/magalu)
[2026-10-03 19:38:01] [PELANDO]   Falha ao acessar Magazine Luiza
[2026-10-03 19:38:03] [PELANDO] Scraping AliExpress (https://www.pelando.com.br/cupons-de-descontos/aliexpress)
[2026-10-03 19:38:07] [PELANDO]   Falha ao acessar AliExpress
[2026-10-03 19:38:09] [PELANDO] Scraping Pichau (https://www.pelando.com.br/cupons-de-descontos/pichau)
[2026-10-03 19:38:13] [PELANDO]   Falha ao acessar Pichau
[2026-10-03 19:38:15] [PELANDO] Scraping Terabyte Shop (https://www.pelando.com.br/cupons-de-descontos/terabyte)
[2026-10-03 19:38:20] [PELANDO]   Falha ao acessar Terabyte Shop
[2026-10-03 19:38:22] [PELANDO] Completado: 0 Pelando + 49 manuales = 49 total
[2026-10-03 19:38:22] [AGENTE-ML] Consultando scraping de ofertas en Mercado Livre...
[2026-10-03 19:38:51] [AGENTE-ML] Scraping ML: 607 ofertas obtenidas
[2026-10-03 19:38:51] [AGENTE-ML] Guardados 400 achados en achados_ml.json
[2026-10-03 19:38:51] [AGENTE-AMAZON] Cosechando Bestsellers y ofertas de categorías Amazon...
[2026-10-03 19:39:55] [AGENTE-AMAZON] Amazon direct: 179 ofertas cosechadas
[2026-10-03 19:39:55] [AGENTE-AMAZON] Cosechando ofertas quentes de Amazon en Pelando...
[2026-10-03 19:39:55] [AGENTE-AMAZON] Amazon Pelando: 0 ofertas obtenidas
[2026-10-03 19:39:55] [AGENTE-AMAZON] Guardados 168 achados en achados_amazon.json
[2026-10-04 01:08:21] [PELANDO] Scraping Amazon (https://www.pelando.com.br/cupons-de-descontos/amazon)
[2026-10-04 01:08:25] [PELANDO]   Falha ao acessar Amazon
[2026-10-04 01:08:27] [PELANDO] Scraping KaBuM! (https://www.pelando.com.br/cupons-de-descontos/kabum)
[2026-10-04 01:08:31] [PELANDO]   Falha ao acessar KaBuM!
[2026-10-04 01:08:33] [PELANDO] Scraping Mercado Livre (https://www.pelando.com.br/cupons-de-descontos/mercado-livre)
[2026-10-04 01:08:37] [PELANDO]   Falha ao acessar Mercado Livre
[2026-10-04 01:08:39] [PELANDO] Scraping Shopee (https://www.pelando.com.br/cupons-de-descontos/shopee)
[2026-10-04 01:08:44] [PELANDO]   Falha ao acessar Shopee
[2026-10-04 01:08:46] [PELANDO] Scraping Magazine Luiza (https://www.pelando.com.br/cupons-de-descontos/magalu)
[2026-10-04 01:08:50] [PELANDO]   Falha ao acessar Magazine Luiza
[2026-10-04 01:08:52] [PELANDO] Scraping AliExpress (https://www.pelando.com.br/cupons-de-descontos/aliexpress)
[2026-10-04 01:08:56] [PELANDO]   Falha ao acessar AliExpress
[2026-10-04 01:08:58] [PELANDO] Scraping Pichau (https://www.pelando.com.br/cupons-de-descontos/pichau)
[2026-10-04 01:09:02] [PELANDO]   Falha ao acessar Pichau
[2026-10-04 01:09:04] [PELANDO] Scraping Terabyte Shop (https://www.pelando.com.br/cupons-de-descontos/terabyte)
[2026-10-04 01:09:08] [PELANDO]   Falha ao acessar Terabyte Shop
[2026-10-04 01:09:10] [PELANDO] Completado: 0 Pelando + 47 manuales = 47 total
[2026-10-04 01:09:10] [AGENTE-ML] Consultando scraping de ofertas en Mercado Livre...
[2026-10-04 01:09:39] [AGENTE-ML] Scraping ML: 595 ofertas obtenidas
[2026-10-04 01:09:39] [AGENTE-ML] Guardados 400 achados en achados_ml.json
[2026-10-04 01:09:39] [AGENTE-AMAZON] Cosechando Bestsellers y ofertas de categorías Amazon...
[2026-10-04 01:10:40] [AGENTE-AMAZON] Amazon direct: 90 ofertas cosechadas
[2026-10-04 01:10:40] [AGENTE-AMAZON] Cosechando ofertas quentes de Amazon en Pelando...
[2026-10-04 01:10:40] [AGENTE-AMAZON] Amazon Pelando: 0 ofertas obtenidas
[2026-10-04 01:10:40] [AGENTE-AMAZON] Guardados 84 achados en achados_amazon.json
[2026-10-04 05:19:54] [PELANDO] Scraping Amazon (https://www.pelando.com.br/cupons-de-descontos/amazon)
[2026-10-04 05:19:59] [PELANDO]   Falha ao acessar Amazon
[2026-10-04 05:20:01] [PELANDO] Scraping KaBuM! (https://www.pelando.com.br/cupons-de-descontos/kabum)
[2026-10-04 05:20:05] [PELANDO]   Falha ao acessar KaBuM!
[2026-10-04 05:20:07] [PELANDO] Scraping Mercado Livre (https://www.pelando.com.br/cupons-de-descontos/mercado-livre)
[2026-10-04 05:20:11] [PELANDO]   Falha ao acessar Mercado Livre
[2026-10-04 05:20:13] [PELANDO] Scraping Shopee (https://www.pelando.com.br/cupons-de-descontos/shopee)
[2026-10-04 05:20:17] [PELANDO]   Falha ao acessar Shopee
[2026-10-04 05:20:19] [PELANDO] Scraping Magazine Luiza (https://www.pelando.com.br/cupons-de-descontos/magalu)
[2026-10-04 05:20:23] [PELANDO]   Falha ao acessar Magazine Luiza
[2026-10-04 05:20:25] [PELANDO] Scraping AliExpress (https://www.pelando.com.br/cupons-de-descontos/aliexpress)
[2026-10-04 05:20:29] [PELANDO]   Falha ao acessar AliExpress
[2026-10-04 05:20:31] [PELANDO] Scraping Pichau (https://www.pelando.com.br/cupons-de-descontos/pichau)
[2026-10-04 05:20:35] [PELANDO]   Falha ao acessar Pichau
[2026-10-04 05:20:37] [PELANDO] Scraping Terabyte Shop (https://www.pelando.com.br/cupons-de-descontos/terabyte)
[2026-10-04 05:20:41] [PELANDO]   Falha ao acessar Terabyte Shop
[2026-10-04 05:20:43] [PELANDO] Completado: 0 Pelando + 47 manuales = 47 total
[2026-10-04 05:20:44] [AGENTE-ML] Consultando scraping de ofertas en Mercado Livre...
[2026-10-04 05:21:11] [AGENTE-ML] Scraping ML: 591 ofertas obtenidas
[2026-10-04 05:21:11] [AGENTE-ML] Guardados 400 achados en achados_ml.json
[2026-10-04 05:21:11] [AGENTE-AMAZON] Cosechando Bestsellers y ofertas de categorías Amazon...
[2026-10-04 05:22:17] [AGENTE-AMAZON] Amazon direct: 272 ofertas cosechadas
[2026-10-04 05:22:17] [AGENTE-AMAZON] Cosechando ofertas quentes de Amazon en Pelando...
[2026-10-04 05:22:17] [AGENTE-AMAZON] Amazon Pelando: 0 ofertas obtenidas
[2026-10-04 05:22:17] [AGENTE-AMAZON] Guardados 247 achados en achados_amazon.json
[2026-10-04 06:31:05] [PELANDO] Scraping Amazon (https://www.pelando.com.br/cupons-de-descontos/amazon)
[2026-10-04 06:31:09] [PELANDO]   Falha ao acessar Amazon
[2026-10-04 06:31:11] [PELANDO] Scraping KaBuM! (https://www.pelando.com.br/cupons-de-descontos/kabum)
[2026-10-04 06:31:15] [PELANDO]   Falha ao acessar KaBuM!
[2026-10-04 06:31:17] [PELANDO] Scraping Mercado Livre (https://www.pelando.com.br/cupons-de-descontos/mercado-livre)
[2026-10-04 06:31:21] [PELANDO]   Falha ao acessar Mercado Livre
[2026-10-04 06:31:23] [PELANDO] Scraping Shopee (https://www.pelando.com.br/cupons-de-descontos/shopee)
[2026-10-04 06:31:27] [PELANDO]   Falha ao acessar Shopee
[2026-10-04 06:31:29] [PELANDO] Scraping Magazine Luiza (https://www.pelando.com.br/cupons-de-descontos/magalu)
[2026-10-04 06:31:33] [PELANDO]   Falha ao acessar Magazine Luiza
[2026-10-04 06:31:35] [PELANDO] Scraping AliExpress (https://www.pelando.com.br/cupons-de-descontos/aliexpress)
[2026-10-04 06:31:40] [PELANDO]   Falha ao acessar AliExpress
[2026-10-04 06:31:42] [PELANDO] Scraping Pichau (https://www.pelando.com.br/cupons-de-descontos/pichau)
[2026-10-04 06:31:46] [PELANDO]   Falha ao acessar Pichau
[2026-10-04 06:31:48] [PELANDO] Scraping Terabyte Shop (https://www.pelando.com.br/cupons-de-descontos/terabyte)
[2026-10-04 06:31:52] [PELANDO]   Falha ao acessar Terabyte Shop
[2026-10-04 06:31:54] [PELANDO] Completado: 0 Pelando + 47 manuales = 47 total
[2026-10-04 06:31:54] [AGENTE-ML] Consultando scraping de ofertas en Mercado Livre...
[2026-10-04 06:32:22] [AGENTE-ML] Scraping ML: 590 ofertas obtenidas
[2026-10-04 06:32:22] [AGENTE-ML] Guardados 400 achados en achados_ml.json
[2026-10-04 06:32:22] [AGENTE-AMAZON] Cosechando Bestsellers y ofertas de categorías Amazon...
[2026-10-04 06:33:27] [AGENTE-AMAZON] Amazon direct: 210 ofertas cosechadas
[2026-10-04 06:33:27] [AGENTE-AMAZON] Cosechando ofertas quentes de Amazon en Pelando...
[2026-10-04 06:33:27] [AGENTE-AMAZON] Amazon Pelando: 0 ofertas obtenidas
[2026-10-04 06:33:27] [AGENTE-AMAZON] Guardados 196 achados en achados_amazon.json
[2026-10-04 12:57:02] [PELANDO] Scraping Amazon (https://www.pelando.com.br/cupons-de-descontos/amazon)
[2026-10-04 12:57:06] [PELANDO]   Falha ao acessar Amazon
[2026-10-04 12:57:08] [PELANDO] Scraping KaBuM! (https://www.pelando.com.br/cupons-de-descontos/kabum)
[2026-10-04 12:57:12] [PELANDO]   Falha ao acessar KaBuM!
[2026-10-04 12:57:14] [PELANDO] Scraping Mercado Livre (https://www.pelando.com.br/cupons-de-descontos/mercado-livre)
[2026-10-04 12:57:19] [PELANDO]   Falha ao acessar Mercado Livre
[2026-10-04 12:57:21] [PELANDO] Scraping Shopee (https://www.pelando.com.br/cupons-de-descontos/shopee)
[2026-10-04 12:57:25] [PELANDO]   Falha ao acessar Shopee
[2026-10-04 12:57:27] [PELANDO] Scraping Magazine Luiza (https://www.pelando.com.br/cupons-de-descontos/magalu)
[2026-10-04 12:57:31] [PELANDO]   Falha ao acessar Magazine Luiza
[2026-10-04 12:57:33] [PELANDO] Scraping AliExpress (https://www.pelando.com.br/cupons-de-descontos/aliexpress)
[2026-10-04 12:57:37] [PELANDO]   Falha ao acessar AliExpress
[2026-10-04 12:57:39] [PELANDO] Scraping Pichau (https://www.pelando.com.br/cupons-de-descontos/pichau)
[2026-10-04 12:57:44] [PELANDO]   Falha ao acessar Pichau
[2026-10-04 12:57:46] [PELANDO] Scraping Terabyte Shop (https://www.pelando.com.br/cupons-de-descontos/terabyte)
[2026-10-04 12:57:50] [PELANDO]   Falha ao acessar Terabyte Shop
[2026-10-04 12:57:52] [PELANDO] Completado: 0 Pelando + 48 manuales = 48 total
[2026-10-04 12:57:52] [AGENTE-ML] Consultando scraping de ofertas en Mercado Livre...
[2026-10-04 12:58:23] [AGENTE-ML] Scraping ML: 605 ofertas obtenidas
[2026-10-04 12:58:23] [AGENTE-ML] Guardados 400 achados en achados_ml.json
[2026-10-04 12:58:23] [AGENTE-AMAZON] Cosechando Bestsellers y ofertas de categorías Amazon...
[2026-10-04 12:59:31] [AGENTE-AMAZON] Amazon direct: 241 ofertas cosechadas
[2026-10-04 12:59:31] [AGENTE-AMAZON] Cosechando ofertas quentes de Amazon en Pelando...
[2026-10-04 12:59:31] [AGENTE-AMAZON] Amazon Pelando: 0 ofertas obtenidas
[2026-10-04 12:59:31] [AGENTE-AMAZON] Guardados 217 achados en achados_amazon.json
[2026-10-04 18:31:20] [PELANDO] Scraping Amazon (https://www.pelando.com.br/cupons-de-descontos/amazon)
[2026-10-04 18:31:24] [PELANDO]   Falha ao acessar Amazon
[2026-10-04 18:31:26] [PELANDO] Scraping KaBuM! (https://www.pelando.com.br/cupons-de-descontos/kabum)
[2026-10-04 18:31:30] [PELANDO]   Falha ao acessar KaBuM!
[2026-10-04 18:31:32] [PELANDO] Scraping Mercado Livre (https://www.pelando.com.br/cupons-de-descontos/mercado-livre)
[2026-10-04 18:31:37] [PELANDO]   Falha ao acessar Mercado Livre
[2026-10-04 18:31:39] [PELANDO] Scraping Shopee (https://www.pelando.com.br/cupons-de-descontos/shopee)
[2026-10-04 18:31:43] [PELANDO]   Falha ao acessar Shopee
[2026-10-04 18:31:45] [PELANDO] Scraping Magazine Luiza (https://www.pelando.com.br/cupons-de-descontos/magalu)
[2026-10-04 18:31:49] [PELANDO]   Falha ao acessar Magazine Luiza
[2026-10-04 18:31:51] [PELANDO] Scraping AliExpress (https://www.pelando.com.br/cupons-de-descontos/aliexpress)
[2026-10-04 18:31:55] [PELANDO]   Falha ao acessar AliExpress
[2026-10-04 18:31:57] [PELANDO] Scraping Pichau (https://www.pelando.com.br/cupons-de-descontos/pichau)
[2026-10-04 18:32:01] [PELANDO]   Falha ao acessar Pichau
[2026-10-04 18:32:03] [PELANDO] Scraping Terabyte Shop (https://www.pelando.com.br/cupons-de-descontos/terabyte)
[2026-10-04 18:32:07] [PELANDO]   Falha ao acessar Terabyte Shop
[2026-10-04 18:32:09] [PELANDO] Completado: 0 Pelando + 48 manuales = 48 total
[2026-10-04 18:32:09] [AGENTE-ML] Consultando scraping de ofertas en Mercado Livre...
[2026-10-04 18:32:40] [AGENTE-ML] Scraping ML: 603 ofertas obtenidas
[2026-10-04 18:32:40] [AGENTE-ML] Guardados 400 achados en achados_ml.json
[2026-10-04 18:32:41] [AGENTE-AMAZON] Cosechando Bestsellers y ofertas de categorías Amazon...
[2026-10-04 18:33:44] [AGENTE-AMAZON] Amazon direct: 89 ofertas cosechadas
[2026-10-04 18:33:44] [AGENTE-AMAZON] Cosechando ofertas quentes de Amazon en Pelando...
[2026-10-04 18:33:44] [AGENTE-AMAZON] Amazon Pelando: 0 ofertas obtenidas
[2026-10-04 18:33:44] [AGENTE-AMAZON] Guardados 79 achados en achados_amazon.json
[2026-10-05 00:04:00] [PELANDO] Scraping Amazon (https://www.pelando.com.br/cupons-de-descontos/amazon)
[2026-10-05 00:04:04] [PELANDO]   Falha ao acessar Amazon
[2026-10-05 00:04:06] [PELANDO] Scraping KaBuM! (https://www.pelando.com.br/cupons-de-descontos/kabum)
[2026-10-05 00:04:10] [PELANDO]   Falha ao acessar KaBuM!
[2026-10-05 00:04:12] [PELANDO] Scraping Mercado Livre (https://www.pelando.com.br/cupons-de-descontos/mercado-livre)
[2026-10-05 00:04:17] [PELANDO]   Falha ao acessar Mercado Livre
[2026-10-05 00:04:19] [PELANDO] Scraping Shopee (https://www.pelando.com.br/cupons-de-descontos/shopee)
[2026-10-05 00:04:23] [PELANDO]   Falha ao acessar Shopee
[2026-10-05 00:04:25] [PELANDO] Scraping Magazine Luiza (https://www.pelando.com.br/cupons-de-descontos/magalu)
[2026-10-05 00:04:29] [PELANDO]   Falha ao acessar Magazine Luiza
[2026-10-05 00:04:31] [PELANDO] Scraping AliExpress (https://www.pelando.com.br/cupons-de-descontos/aliexpress)
[2026-10-05 00:04:35] [PELANDO]   Falha ao acessar AliExpress
[2026-10-05 00:04:37] [PELANDO] Scraping Pichau (https://www.pelando.com.br/cupons-de-descontos/pichau)
[2026-10-05 00:04:42] [PELANDO]   Falha ao acessar Pichau
[2026-10-05 00:04:44] [PELANDO] Scraping Terabyte Shop (https://www.pelando.com.br/cupons-de-descontos/terabyte)
[2026-10-05 00:04:48] [PELANDO]   Falha ao acessar Terabyte Shop
[2026-10-05 00:04:50] [PELANDO] Completado: 0 Pelando + 43 manuales = 43 total
[2026-10-05 00:04:50] [AGENTE-ML] Consultando scraping de ofertas en Mercado Livre...
[2026-10-05 00:05:21] [AGENTE-ML] Scraping ML: 606 ofertas obtenidas
[2026-10-05 00:05:21] [AGENTE-ML] Guardados 400 achados en achados_ml.json
[2026-10-05 00:05:21] [AGENTE-AMAZON] Cosechando Bestsellers y ofertas de categorías Amazon...
[2026-10-05 00:06:24] [AGENTE-AMAZON] Amazon direct: 90 ofertas cosechadas
[2026-10-05 00:06:24] [AGENTE-AMAZON] Cosechando ofertas quentes de Amazon en Pelando...
[2026-10-05 00:06:24] [AGENTE-AMAZON] Amazon Pelando: 0 ofertas obtenidas
[2026-10-05 00:06:24] [AGENTE-AMAZON] Guardados 84 achados en achados_amazon.json
[2026-10-05 01:07:48] [PELANDO] Scraping Amazon (https://www.pelando.com.br/cupons-de-descontos/amazon)
[2026-10-05 01:07:52] [PELANDO]   Falha ao acessar Amazon
[2026-10-05 01:07:54] [PELANDO] Scraping KaBuM! (https://www.pelando.com.br/cupons-de-descontos/kabum)
[2026-10-05 01:07:58] [PELANDO]   Falha ao acessar KaBuM!
[2026-10-05 01:08:00] [PELANDO] Scraping Mercado Livre (https://www.pelando.com.br/cupons-de-descontos/mercado-livre)
[2026-10-05 01:08:05] [PELANDO]   Falha ao acessar Mercado Livre
[2026-10-05 01:08:07] [PELANDO] Scraping Shopee (https://www.pelando.com.br/cupons-de-descontos/shopee)
[2026-10-05 01:08:11] [PELANDO]   Falha ao acessar Shopee
[2026-10-05 01:08:13] [PELANDO] Scraping Magazine Luiza (https://www.pelando.com.br/cupons-de-descontos/magalu)
[2026-10-05 01:08:17] [PELANDO]   Falha ao acessar Magazine Luiza
[2026-10-05 01:08:19] [PELANDO] Scraping AliExpress (https://www.pelando.com.br/cupons-de-descontos/aliexpress)
[2026-10-05 01:08:23] [PELANDO]   Falha ao acessar AliExpress
[2026-10-05 01:08:25] [PELANDO] Scraping Pichau (https://www.pelando.com.br/cupons-de-descontos/pichau)
[2026-10-05 01:08:29] [PELANDO]   Falha ao acessar Pichau
[2026-10-05 01:08:31] [PELANDO] Scraping Terabyte Shop (https://www.pelando.com.br/cupons-de-descontos/terabyte)
[2026-10-05 01:08:35] [PELANDO]   Falha ao acessar Terabyte Shop
[2026-10-05 01:08:37] [PELANDO] Completado: 0 Pelando + 43 manuales = 43 total
[2026-10-05 01:08:37] [AGENTE-ML] Consultando scraping de ofertas en Mercado Livre...
[2026-10-05 01:09:05] [AGENTE-ML] Scraping ML: 605 ofertas obtenidas
[2026-10-05 01:09:05] [AGENTE-ML] Guardados 400 achados en achados_ml.json
[2026-10-05 01:09:06] [AGENTE-AMAZON] Cosechando Bestsellers y ofertas de categorías Amazon...
[2026-10-05 01:10:07] [AGENTE-AMAZON] Amazon direct: 30 ofertas cosechadas
[2026-10-05 01:10:07] [AGENTE-AMAZON] Cosechando ofertas quentes de Amazon en Pelando...
[2026-10-05 01:10:07] [AGENTE-AMAZON] Amazon Pelando: 0 ofertas obtenidas
[2026-10-05 01:10:07] [AGENTE-AMAZON] Guardados 25 achados en achados_amazon.json
[2026-10-05 03:00:19] [PELANDO] Scraping Amazon (https://www.pelando.com.br/cupons-de-descontos/amazon)
[2026-10-05 03:00:23] [PELANDO]   Falha ao acessar Amazon
[2026-10-05 03:00:25] [PELANDO] Scraping KaBuM! (https://www.pelando.com.br/cupons-de-descontos/kabum)
[2026-10-05 03:00:29] [PELANDO]   Falha ao acessar KaBuM!
[2026-10-05 03:00:31] [PELANDO] Scraping Mercado Livre (https://www.pelando.com.br/cupons-de-descontos/mercado-livre)
[2026-10-05 03:00:36] [PELANDO]   Falha ao acessar Mercado Livre
[2026-10-05 03:00:38] [PELANDO] Scraping Shopee (https://www.pelando.com.br/cupons-de-descontos/shopee)
[2026-10-05 03:00:42] [PELANDO]   Falha ao acessar Shopee
[2026-10-05 03:00:44] [PELANDO] Scraping Magazine Luiza (https://www.pelando.com.br/cupons-de-descontos/magalu)
[2026-10-05 03:00:48] [PELANDO]   Falha ao acessar Magazine Luiza
[2026-10-05 03:00:50] [PELANDO] Scraping AliExpress (https://www.pelando.com.br/cupons-de-descontos/aliexpress)
[2026-10-05 03:00:54] [PELANDO]   Falha ao acessar AliExpress
[2026-10-05 03:00:56] [PELANDO] Scraping Pichau (https://www.pelando.com.br/cupons-de-descontos/pichau)
[2026-10-05 03:01:00] [PELANDO]   Falha ao acessar Pichau
[2026-10-05 03:01:02] [PELANDO] Scraping Terabyte Shop (https://www.pelando.com.br/cupons-de-descontos/terabyte)
[2026-10-05 03:01:06] [PELANDO]   Falha ao acessar Terabyte Shop
[2026-10-05 03:01:08] [PELANDO] Completado: 0 Pelando + 43 manuales = 43 total
[2026-10-05 03:01:09] [AGENTE-ML] Consultando scraping de ofertas en Mercado Livre...
[2026-10-05 03:01:38] [AGENTE-ML] Scraping ML: 588 ofertas obtenidas
[2026-10-05 03:01:38] [AGENTE-ML] Guardados 400 achados en achados_ml.json
[2026-10-05 03:01:38] [AGENTE-AMAZON] Cosechando Bestsellers y ofertas de categorías Amazon...
[2026-10-05 03:02:39] [AGENTE-AMAZON] Amazon direct: 0 ofertas cosechadas
[2026-10-05 03:02:39] [AGENTE-AMAZON] Cosechando ofertas quentes de Amazon en Pelando...
[2026-10-05 03:02:39] [AGENTE-AMAZON] Amazon Pelando: 0 ofertas obtenidas
[2026-10-05 03:02:39] [AGENTE-AMAZON] Guardados 0 achados en achados_amazon.json
[2026-10-05 05:03:03] [PELANDO] Scraping Amazon (https://www.pelando.com.br/cupons-de-descontos/amazon)
[2026-10-05 05:03:07] [PELANDO]   Falha ao acessar Amazon
[2026-10-05 05:03:09] [PELANDO] Scraping KaBuM! (https://www.pelando.com.br/cupons-de-descontos/kabum)
[2026-10-05 05:03:13] [PELANDO]   Falha ao acessar KaBuM!
[2026-10-05 05:03:15] [PELANDO] Scraping Mercado Livre (https://www.pelando.com.br/cupons-de-descontos/mercado-livre)
[2026-10-05 05:03:19] [PELANDO]   Falha ao acessar Mercado Livre
[2026-10-05 05:03:21] [PELANDO] Scraping Shopee (https://www.pelando.com.br/cupons-de-descontos/shopee)
[2026-10-05 05:03:25] [PELANDO]   Falha ao acessar Shopee
[2026-10-05 05:03:27] [PELANDO] Scraping Magazine Luiza (https://www.pelando.com.br/cupons-de-descontos/magalu)
[2026-10-05 05:03:31] [PELANDO]   Falha ao acessar Magazine Luiza
[2026-10-05 05:03:33] [PELANDO] Scraping AliExpress (https://www.pelando.com.br/cupons-de-descontos/aliexpress)
[2026-10-05 05:03:38] [PELANDO]   Falha ao acessar AliExpress
[2026-10-05 05:03:40] [PELANDO] Scraping Pichau (https://www.pelando.com.br/cupons-de-descontos/pichau)
[2026-10-05 05:03:44] [PELANDO]   Falha ao acessar Pichau
[2026-10-05 05:03:46] [PELANDO] Scraping Terabyte Shop (https://www.pelando.com.br/cupons-de-descontos/terabyte)
[2026-10-05 05:03:50] [PELANDO]   Falha ao acessar Terabyte Shop
[2026-10-05 05:03:52] [PELANDO] Completado: 0 Pelando + 43 manuales = 43 total
[2026-10-05 05:03:52] [AGENTE-ML] Consultando scraping de ofertas en Mercado Livre...
[2026-10-05 05:04:19] [AGENTE-ML] Scraping ML: 604 ofertas obtenidas
[2026-10-05 05:04:19] [AGENTE-ML] Guardados 400 achados en achados_ml.json
[2026-10-05 05:04:19] [AGENTE-AMAZON] Cosechando Bestsellers y ofertas de categorías Amazon...
[2026-10-05 05:05:21] [AGENTE-AMAZON] Amazon direct: 122 ofertas cosechadas
[2026-10-05 05:05:21] [AGENTE-AMAZON] Cosechando ofertas quentes de Amazon en Pelando...
[2026-10-05 05:05:21] [AGENTE-AMAZON] Amazon Pelando: 0 ofertas obtenidas
[2026-10-05 05:05:21] [AGENTE-AMAZON] Guardados 120 achados en achados_amazon.json
[2026-10-05 10:09:57] [PELANDO] Scraping Amazon (https://www.pelando.com.br/cupons-de-descontos/amazon)
[2026-10-05 10:10:01] [PELANDO]   Falha ao acessar Amazon
[2026-10-05 10:10:03] [PELANDO] Scraping KaBuM! (https://www.pelando.com.br/cupons-de-descontos/kabum)
[2026-10-05 10:10:07] [PELANDO]   Falha ao acessar KaBuM!
[2026-10-05 10:10:09] [PELANDO] Scraping Mercado Livre (https://www.pelando.com.br/cupons-de-descontos/mercado-livre)
[2026-10-05 10:10:13] [PELANDO]   Falha ao acessar Mercado Livre
[2026-10-05 10:10:15] [PELANDO] Scraping Shopee (https://www.pelando.com.br/cupons-de-descontos/shopee)
[2026-10-05 10:10:19] [PELANDO]   Falha ao acessar Shopee
[2026-10-05 10:10:21] [PELANDO] Scraping Magazine Luiza (https://www.pelando.com.br/cupons-de-descontos/magalu)
[2026-10-05 10:10:26] [PELANDO]   Falha ao acessar Magazine Luiza
[2026-10-05 10:10:28] [PELANDO] Scraping AliExpress (https://www.pelando.com.br/cupons-de-descontos/aliexpress)
[2026-10-05 10:10:32] [PELANDO]   Falha ao acessar AliExpress
[2026-10-05 10:10:34] [PELANDO] Scraping Pichau (https://www.pelando.com.br/cupons-de-descontos/pichau)
[2026-10-05 10:10:38] [PELANDO]   Falha ao acessar Pichau
[2026-10-05 10:10:40] [PELANDO] Scraping Terabyte Shop (https://www.pelando.com.br/cupons-de-descontos/terabyte)
[2026-10-05 10:10:44] [PELANDO]   Falha ao acessar Terabyte Shop
[2026-10-05 10:10:46] [PELANDO] Completado: 0 Pelando + 43 manuales = 43 total
[2026-10-05 10:10:46] [AGENTE-ML] Consultando scraping de ofertas en Mercado Livre...
[2026-10-05 10:11:14] [AGENTE-ML] Scraping ML: 604 ofertas obtenidas
[2026-10-05 10:11:14] [AGENTE-ML] Guardados 400 achados en achados_ml.json
[2026-10-05 10:11:14] [AGENTE-AMAZON] Cosechando Bestsellers y ofertas de categorías Amazon...
[2026-10-05 10:12:15] [AGENTE-AMAZON] Amazon direct: 120 ofertas cosechadas
[2026-10-05 10:12:15] [AGENTE-AMAZON] Cosechando ofertas quentes de Amazon en Pelando...
[2026-10-05 10:12:15] [AGENTE-AMAZON] Amazon Pelando: 0 ofertas obtenidas
[2026-10-05 10:12:15] [AGENTE-AMAZON] Guardados 110 achados en achados_amazon.json
[2026-10-05 19:52:11] [PELANDO] Scraping Amazon (https://www.pelando.com.br/cupons-de-descontos/amazon)
[2026-10-05 19:52:15] [PELANDO]   Falha ao acessar Amazon
[2026-10-05 19:52:17] [PELANDO] Scraping KaBuM! (https://www.pelando.com.br/cupons-de-descontos/kabum)
[2026-10-05 19:52:22] [PELANDO]   Falha ao acessar KaBuM!
[2026-10-05 19:52:24] [PELANDO] Scraping Mercado Livre (https://www.pelando.com.br/cupons-de-descontos/mercado-livre)
[2026-10-05 19:52:28] [PELANDO]   Falha ao acessar Mercado Livre
[2026-10-05 19:52:30] [PELANDO] Scraping Shopee (https://www.pelando.com.br/cupons-de-descontos/shopee)
[2026-10-05 19:52:34] [PELANDO]   Falha ao acessar Shopee
[2026-10-05 19:52:36] [PELANDO] Scraping Magazine Luiza (https://www.pelando.com.br/cupons-de-descontos/magalu)
[2026-10-05 19:52:40] [PELANDO]   Falha ao acessar Magazine Luiza
[2026-10-05 19:52:42] [PELANDO] Scraping AliExpress (https://www.pelando.com.br/cupons-de-descontos/aliexpress)
[2026-10-05 19:52:46] [PELANDO]   Falha ao acessar AliExpress
[2026-10-05 19:52:48] [PELANDO] Scraping Pichau (https://www.pelando.com.br/cupons-de-descontos/pichau)
[2026-10-05 19:52:52] [PELANDO]   Falha ao acessar Pichau
[2026-10-05 19:52:54] [PELANDO] Scraping Terabyte Shop (https://www.pelando.com.br/cupons-de-descontos/terabyte)
[2026-10-05 19:52:58] [PELANDO]   Falha ao acessar Terabyte Shop
[2026-10-05 19:53:00] [PELANDO] Completado: 0 Pelando + 58 manuales = 58 total
[2026-10-05 19:53:01] [AGENTE-ML] Consultando scraping de ofertas en Mercado Livre...
[2026-10-05 19:53:30] [AGENTE-ML] Scraping ML: 608 ofertas obtenidas
[2026-10-05 19:53:30] [AGENTE-ML] Guardados 400 achados en achados_ml.json
[2026-10-05 19:53:30] [AGENTE-AMAZON] Cosechando Bestsellers y ofertas de categorías Amazon...
[2026-10-05 19:54:30] [AGENTE-AMAZON] Amazon direct: 59 ofertas cosechadas
[2026-10-05 19:54:30] [AGENTE-AMAZON] Cosechando ofertas quentes de Amazon en Pelando...
[2026-10-05 19:54:30] [AGENTE-AMAZON] Amazon Pelando: 0 ofertas obtenidas
[2026-10-05 19:54:30] [AGENTE-AMAZON] Guardados 49 achados en achados_amazon.json
[2026-10-06 01:07:16] [PELANDO] Scraping Amazon (https://www.pelando.com.br/cupons-de-descontos/amazon)
[2026-10-06 01:07:20] [PELANDO]   Falha ao acessar Amazon
[2026-10-06 01:07:22] [PELANDO] Scraping KaBuM! (https://www.pelando.com.br/cupons-de-descontos/kabum)
[2026-10-06 01:07:27] [PELANDO]   Falha ao acessar KaBuM!
[2026-10-06 01:07:29] [PELANDO] Scraping Mercado Livre (https://www.pelando.com.br/cupons-de-descontos/mercado-livre)
[2026-10-06 01:07:33] [PELANDO]   Falha ao acessar Mercado Livre
[2026-10-06 01:07:35] [PELANDO] Scraping Shopee (https://www.pelando.com.br/cupons-de-descontos/shopee)
[2026-10-06 01:07:39] [PELANDO]   Falha ao acessar Shopee
[2026-10-06 01:07:41] [PELANDO] Scraping Magazine Luiza (https://www.pelando.com.br/cupons-de-descontos/magalu)
[2026-10-06 01:07:45] [PELANDO]   Falha ao acessar Magazine Luiza
[2026-10-06 01:07:47] [PELANDO] Scraping AliExpress (https://www.pelando.com.br/cupons-de-descontos/aliexpress)
[2026-10-06 01:07:51] [PELANDO]   Falha ao acessar AliExpress
[2026-10-06 01:07:53] [PELANDO] Scraping Pichau (https://www.pelando.com.br/cupons-de-descontos/pichau)
[2026-10-06 01:07:57] [PELANDO]   Falha ao acessar Pichau
[2026-10-06 01:07:59] [PELANDO] Scraping Terabyte Shop (https://www.pelando.com.br/cupons-de-descontos/terabyte)
[2026-10-06 01:08:03] [PELANDO]   Falha ao acessar Terabyte Shop
[2026-10-06 01:08:05] [PELANDO] Completado: 0 Pelando + 56 manuales = 56 total
[2026-10-06 01:08:05] [AGENTE-ML] Consultando scraping de ofertas en Mercado Livre...
[2026-10-06 01:08:34] [AGENTE-ML] Scraping ML: 612 ofertas obtenidas
[2026-10-06 01:08:34] [AGENTE-ML] Guardados 400 achados en achados_ml.json
[2026-10-06 01:08:34] [AGENTE-AMAZON] Cosechando Bestsellers y ofertas de categorías Amazon...
[2026-10-06 01:09:35] [AGENTE-AMAZON] Amazon direct: 60 ofertas cosechadas
[2026-10-06 01:09:35] [AGENTE-AMAZON] Cosechando ofertas quentes de Amazon en Pelando...
[2026-10-06 01:09:35] [AGENTE-AMAZON] Amazon Pelando: 0 ofertas obtenidas
[2026-10-06 01:09:35] [AGENTE-AMAZON] Guardados 55 achados en achados_amazon.json
[2026-10-06 05:50:24] [PELANDO] Scraping Amazon (https://www.pelando.com.br/cupons-de-descontos/amazon)
[2026-10-06 05:50:28] [PELANDO]   Falha ao acessar Amazon
[2026-10-06 05:50:30] [PELANDO] Scraping KaBuM! (https://www.pelando.com.br/cupons-de-descontos/kabum)
[2026-10-06 05:50:34] [PELANDO]   Falha ao acessar KaBuM!
[2026-10-06 05:50:36] [PELANDO] Scraping Mercado Livre (https://www.pelando.com.br/cupons-de-descontos/mercado-livre)
[2026-10-06 05:50:41] [PELANDO]   Falha ao acessar Mercado Livre
[2026-10-06 05:50:43] [PELANDO] Scraping Shopee (https://www.pelando.com.br/cupons-de-descontos/shopee)
[2026-10-06 05:50:47] [PELANDO]   Falha ao acessar Shopee
[2026-10-06 05:50:49] [PELANDO] Scraping Magazine Luiza (https://www.pelando.com.br/cupons-de-descontos/magalu)
[2026-10-06 05:50:53] [PELANDO]   Falha ao acessar Magazine Luiza
[2026-10-06 05:50:55] [PELANDO] Scraping AliExpress (https://www.pelando.com.br/cupons-de-descontos/aliexpress)
[2026-10-06 05:50:59] [PELANDO]   Falha ao acessar AliExpress
[2026-10-06 05:51:01] [PELANDO] Scraping Pichau (https://www.pelando.com.br/cupons-de-descontos/pichau)
[2026-10-06 05:51:05] [PELANDO]   Falha ao acessar Pichau
[2026-10-06 05:51:07] [PELANDO] Scraping Terabyte Shop (https://www.pelando.com.br/cupons-de-descontos/terabyte)
[2026-10-06 05:51:12] [PELANDO]   Falha ao acessar Terabyte Shop
[2026-10-06 05:51:14] [PELANDO] Completado: 0 Pelando + 56 manuales = 56 total
[2026-10-06 05:51:14] [AGENTE-ML] Consultando scraping de ofertas en Mercado Livre...
[2026-10-06 05:51:36] [AGENTE-ML] Scraping ML: 0 ofertas obtenidas
[2026-10-06 05:51:36] [AGENTE-ML] Guardados 0 achados en achados_ml.json
[2026-10-06 05:51:37] [AGENTE-AMAZON] Cosechando Bestsellers y ofertas de categorías Amazon...
[2026-10-06 05:52:42] [AGENTE-AMAZON] Amazon direct: 237 ofertas cosechadas
[2026-10-06 05:52:42] [AGENTE-AMAZON] Cosechando ofertas quentes de Amazon en Pelando...
[2026-10-06 05:52:42] [AGENTE-AMAZON] Amazon Pelando: 0 ofertas obtenidas
[2026-10-06 05:52:42] [AGENTE-AMAZON] Guardados 215 achados en achados_amazon.json
[2026-10-06 08:18:24] [PELANDO] Scraping Amazon (https://www.pelando.com.br/cupons-de-descontos/amazon)
[2026-10-06 08:18:28] [PELANDO]   Falha ao acessar Amazon
[2026-10-06 08:18:30] [PELANDO] Scraping KaBuM! (https://www.pelando.com.br/cupons-de-descontos/kabum)
[2026-10-06 08:18:34] [PELANDO]   Falha ao acessar KaBuM!
[2026-10-06 08:18:36] [PELANDO] Scraping Mercado Livre (https://www.pelando.com.br/cupons-de-descontos/mercado-livre)
[2026-10-06 08:18:40] [PELANDO]   Falha ao acessar Mercado Livre
[2026-10-06 08:18:42] [PELANDO] Scraping Shopee (https://www.pelando.com.br/cupons-de-descontos/shopee)
[2026-10-06 08:18:46] [PELANDO]   Falha ao acessar Shopee
[2026-10-06 08:18:48] [PELANDO] Scraping Magazine Luiza (https://www.pelando.com.br/cupons-de-descontos/magalu)
[2026-10-06 08:18:52] [PELANDO]   Falha ao acessar Magazine Luiza
[2026-10-06 08:18:54] [PELANDO] Scraping AliExpress (https://www.pelando.com.br/cupons-de-descontos/aliexpress)
[2026-10-06 08:18:59] [PELANDO]   Falha ao acessar AliExpress
[2026-10-06 08:19:01] [PELANDO] Scraping Pichau (https://www.pelando.com.br/cupons-de-descontos/pichau)
[2026-10-06 08:19:05] [PELANDO]   Falha ao acessar Pichau
[2026-10-06 08:19:07] [PELANDO] Scraping Terabyte Shop (https://www.pelando.com.br/cupons-de-descontos/terabyte)
[2026-10-06 08:19:11] [PELANDO]   Falha ao acessar Terabyte Shop
[2026-10-06 08:19:13] [PELANDO] Completado: 0 Pelando + 56 manuales = 56 total
[2026-10-06 08:19:13] [AGENTE-ML] Consultando scraping de ofertas en Mercado Livre...
[2026-10-06 08:19:34] [AGENTE-ML] Scraping ML: 0 ofertas obtenidas
[2026-10-06 08:19:34] [AGENTE-ML] Guardados 0 achados en achados_ml.json
[2026-10-06 08:19:34] [AGENTE-AMAZON] Cosechando Bestsellers y ofertas de categorías Amazon...
[2026-10-06 08:20:33] [AGENTE-AMAZON] Amazon direct: 58 ofertas cosechadas
[2026-10-06 08:20:33] [AGENTE-AMAZON] Cosechando ofertas quentes de Amazon en Pelando...
[2026-10-06 08:20:33] [AGENTE-AMAZON] Amazon Pelando: 0 ofertas obtenidas
[2026-10-06 08:20:33] [AGENTE-AMAZON] Guardados 52 achados en achados_amazon.json
[2026-10-06 15:33:21] [PELANDO] Scraping Amazon (https://www.pelando.com.br/cupons-de-descontos/amazon)
[2026-10-06 15:33:25] [PELANDO]   Falha ao acessar Amazon
[2026-10-06 15:33:27] [PELANDO] Scraping KaBuM! (https://www.pelando.com.br/cupons-de-descontos/kabum)
[2026-10-06 15:33:31] [PELANDO]   Falha ao acessar KaBuM!
[2026-10-06 15:33:33] [PELANDO] Scraping Mercado Livre (https://www.pelando.com.br/cupons-de-descontos/mercado-livre)
[2026-10-06 15:33:37] [PELANDO]   Falha ao acessar Mercado Livre
[2026-10-06 15:33:39] [PELANDO] Scraping Shopee (https://www.pelando.com.br/cupons-de-descontos/shopee)
[2026-10-06 15:33:43] [PELANDO]   Falha ao acessar Shopee
[2026-10-06 15:33:45] [PELANDO] Scraping Magazine Luiza (https://www.pelando.com.br/cupons-de-descontos/magalu)
[2026-10-06 15:33:50] [PELANDO]   Falha ao acessar Magazine Luiza
[2026-10-06 15:33:52] [PELANDO] Scraping AliExpress (https://www.pelando.com.br/cupons-de-descontos/aliexpress)
[2026-10-06 15:33:56] [PELANDO]   Falha ao acessar AliExpress
[2026-10-06 15:33:58] [PELANDO] Scraping Pichau (https://www.pelando.com.br/cupons-de-descontos/pichau)
[2026-10-06 15:34:02] [PELANDO]   Falha ao acessar Pichau
[2026-10-06 15:34:04] [PELANDO] Scraping Terabyte Shop (https://www.pelando.com.br/cupons-de-descontos/terabyte)
[2026-10-06 15:34:08] [PELANDO]   Falha ao acessar Terabyte Shop
[2026-10-06 15:34:10] [PELANDO] Completado: 0 Pelando + 64 manuales = 64 total
[2026-10-06 15:34:10] [AGENTE-ML] Consultando scraping de ofertas en Mercado Livre...
[2026-10-06 15:34:35] [AGENTE-ML] Scraping ML: 0 ofertas obtenidas
[2026-10-06 15:34:35] [AGENTE-ML] Guardados 0 achados en achados_ml.json
[2026-10-06 15:34:35] [AGENTE-AMAZON] Cosechando Bestsellers y ofertas de categorías Amazon...
[2026-10-06 15:35:40] [AGENTE-AMAZON] Amazon direct: 182 ofertas cosechadas
[2026-10-06 15:35:40] [AGENTE-AMAZON] Cosechando ofertas quentes de Amazon en Pelando...
[2026-10-06 15:35:40] [AGENTE-AMAZON] Amazon Pelando: 0 ofertas obtenidas
[2026-10-06 15:35:40] [AGENTE-AMAZON] Guardados 169 achados en achados_amazon.json
[2026-10-06 21:00:12] [PELANDO] Scraping Amazon (https://www.pelando.com.br/cupons-de-descontos/amazon)
[2026-10-06 21:00:16] [PELANDO]   Falha ao acessar Amazon
[2026-10-06 21:00:18] [PELANDO] Scraping KaBuM! (https://www.pelando.com.br/cupons-de-descontos/kabum)
[2026-10-06 21:00:22] [PELANDO]   Falha ao acessar KaBuM!
[2026-10-06 21:00:24] [PELANDO] Scraping Mercado Livre (https://www.pelando.com.br/cupons-de-descontos/mercado-livre)
[2026-10-06 21:00:29] [PELANDO]   Falha ao acessar Mercado Livre
[2026-10-06 21:00:31] [PELANDO] Scraping Shopee (https://www.pelando.com.br/cupons-de-descontos/shopee)
[2026-10-06 21:00:35] [PELANDO]   Falha ao acessar Shopee
[2026-10-06 21:00:37] [PELANDO] Scraping Magazine Luiza (https://www.pelando.com.br/cupons-de-descontos/magalu)
[2026-10-06 21:00:41] [PELANDO]   Falha ao acessar Magazine Luiza
[2026-10-06 21:00:43] [PELANDO] Scraping AliExpress (https://www.pelando.com.br/cupons-de-descontos/aliexpress)
[2026-10-06 21:00:47] [PELANDO]   Falha ao acessar AliExpress
[2026-10-06 21:00:49] [PELANDO] Scraping Pichau (https://www.pelando.com.br/cupons-de-descontos/pichau)
[2026-10-06 21:00:53] [PELANDO]   Falha ao acessar Pichau
[2026-10-06 21:00:55] [PELANDO] Scraping Terabyte Shop (https://www.pelando.com.br/cupons-de-descontos/terabyte)
[2026-10-06 21:01:00] [PELANDO]   Falha ao acessar Terabyte Shop
[2026-10-06 21:01:02] [PELANDO] Completado: 0 Pelando + 68 manuales = 68 total
[2026-10-06 21:01:02] [AGENTE-ML] Consultando scraping de ofertas en Mercado Livre...
[2026-10-06 21:01:27] [AGENTE-ML] Scraping ML: 0 ofertas obtenidas
[2026-10-06 21:01:27] [AGENTE-ML] Guardados 0 achados en achados_ml.json
[2026-10-06 21:01:27] [AGENTE-AMAZON] Cosechando Bestsellers y ofertas de categorías Amazon...
[2026-10-06 21:02:31] [AGENTE-AMAZON] Amazon direct: 92 ofertas cosechadas
[2026-10-06 21:02:31] [AGENTE-AMAZON] Cosechando ofertas quentes de Amazon en Pelando...
[2026-10-06 21:02:31] [AGENTE-AMAZON] Amazon Pelando: 0 ofertas obtenidas
[2026-10-06 21:02:31] [AGENTE-AMAZON] Guardados 87 achados en achados_amazon.json
[2026-10-06 23:46:56] [PELANDO] Scraping Amazon (https://www.pelando.com.br/cupons-de-descontos/amazon)
[2026-10-06 23:47:01] [PELANDO]   Falha ao acessar Amazon
[2026-10-06 23:47:03] [PELANDO] Scraping KaBuM! (https://www.pelando.com.br/cupons-de-descontos/kabum)
[2026-10-06 23:47:07] [PELANDO]   Falha ao acessar KaBuM!
[2026-10-06 23:47:09] [PELANDO] Scraping Mercado Livre (https://www.pelando.com.br/cupons-de-descontos/mercado-livre)
[2026-10-06 23:47:13] [PELANDO]   Falha ao acessar Mercado Livre
[2026-10-06 23:47:15] [PELANDO] Scraping Shopee (https://www.pelando.com.br/cupons-de-descontos/shopee)
[2026-10-06 23:47:19] [PELANDO]   Falha ao acessar Shopee
[2026-10-06 23:47:21] [PELANDO] Scraping Magazine Luiza (https://www.pelando.com.br/cupons-de-descontos/magalu)
[2026-10-06 23:47:25] [PELANDO]   Falha ao acessar Magazine Luiza
[2026-10-06 23:47:27] [PELANDO] Scraping AliExpress (https://www.pelando.com.br/cupons-de-descontos/aliexpress)
[2026-10-06 23:47:31] [PELANDO]   Falha ao acessar AliExpress
[2026-10-06 23:47:33] [PELANDO] Scraping Pichau (https://www.pelando.com.br/cupons-de-descontos/pichau)
[2026-10-06 23:47:37] [PELANDO]   Falha ao acessar Pichau
[2026-10-06 23:47:39] [PELANDO] Scraping Terabyte Shop (https://www.pelando.com.br/cupons-de-descontos/terabyte)
[2026-10-06 23:47:43] [PELANDO]   Falha ao acessar Terabyte Shop
[2026-10-06 23:47:45] [PELANDO] Completado: 0 Pelando + 68 manuales = 68 total
[2026-10-06 23:47:45] [AGENTE-ML] Consultando scraping de ofertas en Mercado Livre...
[2026-10-06 23:48:07] [AGENTE-ML] Scraping ML: 0 ofertas obtenidas
[2026-10-06 23:48:07] [AGENTE-ML] Guardados 0 achados en achados_ml.json
[2026-10-06 23:48:07] [AGENTE-AMAZON] Cosechando Bestsellers y ofertas de categorías Amazon...
[2026-10-06 23:49:05] [AGENTE-AMAZON] Amazon direct: 0 ofertas cosechadas
[2026-10-06 23:49:05] [AGENTE-AMAZON] Cosechando ofertas quentes de Amazon en Pelando...
[2026-10-06 23:49:05] [AGENTE-AMAZON] Amazon Pelando: 0 ofertas obtenidas
[2026-10-06 23:49:05] [AGENTE-AMAZON] Guardados 0 achados en achados_amazon.json
[2026-10-07 00:14:02] [PELANDO] Scraping Amazon (https://www.pelando.com.br/cupons-de-descontos/amazon)
[2026-10-07 00:14:06] [PELANDO]   Falha ao acessar Amazon
[2026-10-07 00:14:08] [PELANDO] Scraping KaBuM! (https://www.pelando.com.br/cupons-de-descontos/kabum)
[2026-10-07 00:14:13] [PELANDO]   Falha ao acessar KaBuM!
[2026-10-07 00:14:15] [PELANDO] Scraping Mercado Livre (https://www.pelando.com.br/cupons-de-descontos/mercado-livre)
[2026-10-07 00:14:19] [PELANDO]   Falha ao acessar Mercado Livre
[2026-10-07 00:14:21] [PELANDO] Scraping Shopee (https://www.pelando.com.br/cupons-de-descontos/shopee)
[2026-10-07 00:14:25] [PELANDO]   Falha ao acessar Shopee
[2026-10-07 00:14:27] [PELANDO] Scraping Magazine Luiza (https://www.pelando.com.br/cupons-de-descontos/magalu)
[2026-10-07 00:14:31] [PELANDO]   Falha ao acessar Magazine Luiza
[2026-10-07 00:14:33] [PELANDO] Scraping AliExpress (https://www.pelando.com.br/cupons-de-descontos/aliexpress)
[2026-10-07 00:14:38] [PELANDO]   Falha ao acessar AliExpress
[2026-10-07 00:14:40] [PELANDO] Scraping Pichau (https://www.pelando.com.br/cupons-de-descontos/pichau)
[2026-10-07 00:14:44] [PELANDO]   Falha ao acessar Pichau
[2026-10-07 00:14:46] [PELANDO] Scraping Terabyte Shop (https://www.pelando.com.br/cupons-de-descontos/terabyte)
[2026-10-07 00:14:50] [PELANDO]   Falha ao acessar Terabyte Shop
[2026-10-07 00:14:52] [PELANDO] Completado: 0 Pelando + 64 manuales = 64 total
[2026-10-07 00:14:52] [AGENTE-ML] Consultando scraping de ofertas en Mercado Livre...
[2026-10-07 00:15:16] [AGENTE-ML] Scraping ML: 0 ofertas obtenidas
[2026-10-07 00:15:16] [AGENTE-ML] Guardados 0 achados en achados_ml.json
[2026-10-07 00:15:16] [AGENTE-AMAZON] Cosechando Bestsellers y ofertas de categorías Amazon...
[2026-10-07 00:16:17] [AGENTE-AMAZON] Amazon direct: 89 ofertas cosechadas
[2026-10-07 00:16:17] [AGENTE-AMAZON] Cosechando ofertas quentes de Amazon en Pelando...
[2026-10-07 00:16:17] [AGENTE-AMAZON] Amazon Pelando: 0 ofertas obtenidas
[2026-10-07 00:16:17] [AGENTE-AMAZON] Guardados 82 achados en achados_amazon.json
[2026-10-07 01:05:03] [PELANDO] Scraping Amazon (https://www.pelando.com.br/cupons-de-descontos/amazon)
[2026-10-07 01:05:07] [PELANDO]   Falha ao acessar Amazon
[2026-10-07 01:05:09] [PELANDO] Scraping KaBuM! (https://www.pelando.com.br/cupons-de-descontos/kabum)
[2026-10-07 01:05:13] [PELANDO]   Falha ao acessar KaBuM!
[2026-10-07 01:05:15] [PELANDO] Scraping Mercado Livre (https://www.pelando.com.br/cupons-de-descontos/mercado-livre)
[2026-10-07 01:05:19] [PELANDO]   Falha ao acessar Mercado Livre
[2026-10-07 01:05:21] [PELANDO] Scraping Shopee (https://www.pelando.com.br/cupons-de-descontos/shopee)
[2026-10-07 01:05:25] [PELANDO]   Falha ao acessar Shopee
[2026-10-07 01:05:27] [PELANDO] Scraping Magazine Luiza (https://www.pelando.com.br/cupons-de-descontos/magalu)
[2026-10-07 01:05:32] [PELANDO]   Falha ao acessar Magazine Luiza
[2026-10-07 01:05:34] [PELANDO] Scraping AliExpress (https://www.pelando.com.br/cupons-de-descontos/aliexpress)
[2026-10-07 01:05:38] [PELANDO]   Falha ao acessar AliExpress
[2026-10-07 01:05:40] [PELANDO] Scraping Pichau (https://www.pelando.com.br/cupons-de-descontos/pichau)
[2026-10-07 01:05:44] [PELANDO]   Falha ao acessar Pichau
[2026-10-07 01:05:46] [PELANDO] Scraping Terabyte Shop (https://www.pelando.com.br/cupons-de-descontos/terabyte)
[2026-10-07 01:05:50] [PELANDO]   Falha ao acessar Terabyte Shop
[2026-10-07 01:05:52] [PELANDO] Completado: 0 Pelando + 64 manuales = 64 total
[2026-10-07 01:05:52] [AGENTE-ML] Consultando scraping de ofertas en Mercado Livre...
[2026-10-07 01:06:14] [AGENTE-ML] Scraping ML: 0 ofertas obtenidas
[2026-10-07 01:06:14] [AGENTE-ML] Guardados 0 achados en achados_ml.json
[2026-10-07 01:06:14] [AGENTE-AMAZON] Cosechando Bestsellers y ofertas de categorías Amazon...
[2026-10-07 01:07:13] [AGENTE-AMAZON] Amazon direct: 60 ofertas cosechadas
[2026-10-07 01:07:13] [AGENTE-AMAZON] Cosechando ofertas quentes de Amazon en Pelando...
[2026-10-07 01:07:13] [AGENTE-AMAZON] Amazon Pelando: 0 ofertas obtenidas
[2026-10-07 01:07:13] [AGENTE-AMAZON] Guardados 58 achados en achados_amazon.json
[2026-10-06 23:58:54] [AGENTE-AMAZON] Cosechando ofertas quentes de Amazon en Pelando...
[2026-10-06 23:58:54] [AGENTE-AMAZON] Amazon Pelando: 1 ofertas reales | descartadas: 2 campañas, 0 sin ficha, 1 sin precio legible, 1 duplicadas
[2026-10-06 23:58:54] [AGENTE-AMAZON] Cosechando ofertas quentes de Amazon en Pelando...
[2026-10-06 23:58:57] [AGENTE-AMAZON] Amazon Pelando: 0 ofertas reales | descartadas: 2 campañas, 0 sin ficha, 2 sin precio legible, 1 duplicadas
[2026-10-06 23:58:57] [AGENTE-AMAZON] Cosechando Bestsellers y ofertas de categorías Amazon...
[2026-10-06 23:58:59] [AGENTE-AMAZON] Amazon direct: 0 ofertas cosechadas | categorias OK 0/1 | HTTP {503: 1}
[2026-10-07 00:00:04] [AGENTE-AMAZON] Cosechando ofertas quentes de Amazon en Pelando...
[2026-10-07 00:00:04] [AGENTE-AMAZON] Amazon Pelando: 1 ofertas reales | descartadas: 2 campañas, 0 sin ficha, 1 sin precio legible, 1 duplicadas
[2026-10-07 00:00:04] [AGENTE-AMAZON] Cosechando ofertas quentes de Amazon en Pelando...
[2026-10-07 00:00:07] [AGENTE-AMAZON] Amazon Pelando: 0 ofertas reales | descartadas: 2 campañas, 0 sin ficha, 2 sin precio legible, 1 duplicadas
[2026-10-07 00:00:07] [AGENTE-AMAZON] Cosechando Bestsellers y ofertas de categorías Amazon...
[2026-10-07 00:00:09] [AGENTE-AMAZON] Amazon direct: 0 ofertas cosechadas | categorias OK 0/1 | HTTP {503: 1}
[2026-10-07 00:00:42] [AGENTE-ML] Consultando scraping de ofertas en Mercado Livre...
[2026-10-07 00:01:07] [AGENTE-ML] Scraping ML: 0 ofertas obtenidas
[2026-10-07 00:01:07] [AGENTE-ML] Guardados 0 achados en achados_ml.json
[2026-10-07 00:04:17] [AGENTE-ML] Consultando scraping de ofertas en Mercado Livre...
[2026-10-07 00:04:52] [AGENTE-ML] Scraping ML: 299 ofertas obtenidas
[2026-10-07 00:04:52] [AGENTE-ML] Guardados 240 achados en achados_ml.json
[2026-10-07 00:09:06] [AGENTE-AMAZON] Cosechando ofertas quentes de Amazon en Pelando...
[2026-10-07 00:09:06] [AGENTE-AMAZON] Amazon Pelando: 1 ofertas reales | descartadas: 2 campañas, 0 sin ficha, 1 sin precio legible, 1 duplicadas
[2026-10-07 00:09:06] [AGENTE-AMAZON] Cosechando ofertas quentes de Amazon en Pelando...
[2026-10-07 00:09:09] [AGENTE-AMAZON] Amazon Pelando: 0 ofertas reales | descartadas: 2 campañas, 0 sin ficha, 2 sin precio legible, 1 duplicadas
[2026-10-07 00:09:09] [AGENTE-AMAZON] Cosechando Bestsellers y ofertas de categorías Amazon...
[2026-10-07 00:09:11] [AGENTE-AMAZON] Amazon direct: 0 ofertas cosechadas | categorias OK 0/1 | HTTP {503: 1}
[2026-10-07 00:17:44] [CUPONS_ML] Consultando página oficial https://www.mercadolivre.com.br/cupons (Cookie presente: True)...
[2026-10-07 00:17:45] [CUPONS_ML] Se extrajeron exitosamente 137 cupones de ML Oficial.
[2026-10-07 00:22:18] [CUPONS_ML] Consultando página oficial https://www.mercadolivre.com.br/cupons (Cookie presente: True)...
[2026-10-07 00:22:19] [CUPONS_ML] 51 código(s) inválidos descartados (blobs del estado interno de ML o fragmentos de texto).
[2026-10-07 00:22:19] [CUPONS_ML] Se extrajeron exitosamente 7 cupones de ML Oficial.
[2026-10-07 00:22:19] [CUPONS_ML] Limpieza completada: 0 vencidos eliminados, 0 marcados vigente=false.
[2026-10-07 00:22:19] [CUPONS_ML] Cupones ML actualizados: 5 nuevos, 2 refrescados.
[2026-10-07 00:22:19] [CUPONS_ML] Total cupones en cupones.json: 69
[2026-10-07 00:22:19] [CUPONES] Fuente oficial ML refrescada: 7 cupón(es).
[2026-10-07 00:22:19] [CUPONES] [DRY] Bootstrap: se marcarían 69 códigos como ya vistos y NO se publicaría ninguno.
[2026-10-07 00:22:34] [CUPONS_ML] Consultando página oficial https://www.mercadolivre.com.br/cupons (Cookie presente: True)...
[2026-10-07 00:22:34] [CUPONS_ML] 51 código(s) inválidos descartados (blobs del estado interno de ML o fragmentos de texto).
[2026-10-07 00:22:34] [CUPONS_ML] Se extrajeron exitosamente 7 cupones de ML Oficial.
[2026-10-07 00:22:34] [CUPONS_ML] Limpieza completada: 0 vencidos eliminados, 0 marcados vigente=false.
[2026-10-07 00:22:34] [CUPONS_ML] Cupones ML actualizados: 0 nuevos, 7 refrescados.
[2026-10-07 00:22:34] [CUPONS_ML] Total cupones en cupones.json: 69
[2026-10-07 00:22:34] [CUPONES] Fuente oficial ML refrescada: 7 cupón(es).
[2026-10-07 00:22:34] [CUPONES] BOOTSTRAP: 69 código(s) existentes marcados como ya vistos. A partir de ahora solo se publica lo NUEVO.
[2026-10-07 00:27:17] [CUPONS_ML] Consultando página oficial https://www.mercadolivre.com.br/cupons (Cookie presente: True)...
[2026-10-07 00:27:17] [CUPONS_ML] 51 código(s) inválidos descartados (blobs del estado interno de ML o fragmentos de texto).
[2026-10-07 00:27:17] [CUPONS_ML] Se extrajeron exitosamente 7 cupones de ML Oficial.
[2026-10-07 00:27:17] [CUPONS_ML] Limpieza completada: 0 vencidos eliminados, 0 marcados vigente=false.
[2026-10-07 00:27:17] [CUPONS_ML] Cupones ML actualizados: 0 nuevos, 7 refrescados.
[2026-10-07 00:27:17] [CUPONS_ML] Total cupones en cupones.json: 69
[2026-10-07 00:27:17] [CUPONES] Fuente oficial ML refrescada: 7 cupón(es).
[2026-10-07 00:27:17] [CUPONES] Sin cupones nuevos (69 códigos ya vistos).
[2026-10-07 00:28:57] [CUPONS_ML] Consultando página oficial https://www.mercadolivre.com.br/cupons (Cookie presente: True)...
[2026-10-07 00:28:58] [CUPONS_ML] 51 código(s) inválidos descartados (blobs del estado interno de ML o fragmentos de texto).
[2026-10-07 00:28:58] [CUPONS_ML] Se extrajeron exitosamente 7 cupones de ML Oficial.
[2026-10-07 00:28:58] [CUPONS_ML] Limpieza completada: 0 vencidos eliminados, 0 marcados vigente=false.
[2026-10-07 00:28:58] [CUPONS_ML] Cupones ML actualizados: 0 nuevos, 7 refrescados.
[2026-10-07 00:28:58] [CUPONS_ML] Total cupones en cupones.json: 69
[2026-10-07 00:28:58] [CUPONES] Fuente oficial ML refrescada: 7 cupón(es).
[2026-10-07 00:28:58] [CUPONES] Sin cupones nuevos (69 códigos ya vistos).
[2026-10-07 00:30:36] [AGENTE-AMAZON] Cosechando ofertas quentes de Amazon en Pelando...
[2026-10-07 00:30:36] [AGENTE-AMAZON] Amazon Pelando: 1 ofertas reales | descartadas: 2 campañas, 0 sin ficha, 1 sin precio legible, 1 duplicadas
[2026-10-07 00:30:36] [AGENTE-AMAZON] Cosechando ofertas quentes de Amazon en Pelando...
[2026-10-07 00:30:39] [AGENTE-AMAZON] Amazon Pelando: 0 ofertas reales | descartadas: 2 campañas, 0 sin ficha, 2 sin precio legible, 1 duplicadas
[2026-10-07 00:30:39] [AGENTE-AMAZON] Cosechando Bestsellers y ofertas de categorías Amazon...
[2026-10-07 00:30:41] [AGENTE-AMAZON] Amazon direct: 0 ofertas cosechadas | categorias OK 0/1 | HTTP {503: 1}
[2026-10-07 00:32:11] [AGENTE-AMAZON] Cosechando ofertas quentes de Amazon en Pelando...
[2026-10-07 00:32:11] [AGENTE-AMAZON] Amazon Pelando: 1 ofertas reales | descartadas: 2 campañas, 0 sin ficha, 1 sin precio legible, 1 duplicadas
[2026-10-07 00:32:11] [AGENTE-AMAZON] Cosechando ofertas quentes de Amazon en Pelando...
[2026-10-07 00:32:14] [AGENTE-AMAZON] Amazon Pelando: 0 ofertas reales | descartadas: 2 campañas, 0 sin ficha, 2 sin precio legible, 1 duplicadas
[2026-10-07 00:32:14] [AGENTE-AMAZON] Cosechando Bestsellers y ofertas de categorías Amazon...
[2026-10-07 00:32:16] [AGENTE-AMAZON] Amazon direct: 0 ofertas cosechadas | categorias OK 0/1 | HTTP {503: 1}
[2026-10-07 00:32:26] [AGENTE-AMAZON] Cosechando ofertas quentes de Amazon en Pelando...
[2026-10-07 00:32:26] [AGENTE-AMAZON] Amazon Pelando: 1 ofertas reales | descartadas: 2 campañas, 0 sin ficha, 1 sin precio legible, 1 duplicadas
[2026-10-07 00:32:26] [AGENTE-AMAZON] Cosechando ofertas quentes de Amazon en Pelando...
[2026-10-07 00:32:29] [AGENTE-AMAZON] Amazon Pelando: 0 ofertas reales | descartadas: 2 campañas, 0 sin ficha, 2 sin precio legible, 1 duplicadas
[2026-10-07 00:32:29] [AGENTE-AMAZON] Cosechando Bestsellers y ofertas de categorías Amazon...
[2026-10-07 00:32:31] [AGENTE-AMAZON] Amazon direct: 0 ofertas cosechadas | categorias OK 0/1 | HTTP {503: 1}
[2026-10-07 05:22:38] [CUPONS_ML] Consultando página oficial https://www.mercadolivre.com.br/cupons (Cookie presente: True)...
[2026-10-07 05:22:39] [CUPONS_ML] 51 código(s) inválidos descartados (blobs del estado interno de ML o fragmentos de texto).
[2026-10-07 05:22:39] [CUPONS_ML] Se extrajeron exitosamente 8 cupones de ML Oficial.
[2026-10-07 05:22:39] [CUPONS_ML] Limpieza completada: 0 vencidos eliminados, 0 marcados vigente=false.
[2026-10-07 05:22:39] [CUPONS_ML] Cupones ML actualizados: 1 nuevos, 7 refrescados.
[2026-10-07 05:22:39] [CUPONS_ML] Total cupones en cupones.json: 70
[2026-10-07 05:22:39] [PELANDO] Scraping Amazon (https://www.pelando.com.br/cupons-de-descontos/amazon)
[2026-10-07 05:22:44] [PELANDO]   Falha ao acessar Amazon
[2026-10-07 05:22:46] [PELANDO] Scraping KaBuM! (https://www.pelando.com.br/cupons-de-descontos/kabum)
[2026-10-07 05:22:50] [PELANDO]   Falha ao acessar KaBuM!
[2026-10-07 05:22:52] [PELANDO] Scraping Mercado Livre (https://www.pelando.com.br/cupons-de-descontos/mercado-livre)
[2026-10-07 05:22:57] [PELANDO]   Falha ao acessar Mercado Livre
[2026-10-07 05:22:59] [PELANDO] Scraping Shopee (https://www.pelando.com.br/cupons-de-descontos/shopee)
[2026-10-07 05:23:04] [PELANDO]   Falha ao acessar Shopee
[2026-10-07 05:23:06] [PELANDO] Scraping Magazine Luiza (https://www.pelando.com.br/cupons-de-descontos/magalu)
[2026-10-07 05:23:10] [PELANDO]   Falha ao acessar Magazine Luiza
[2026-10-07 05:23:12] [PELANDO] Scraping AliExpress (https://www.pelando.com.br/cupons-de-descontos/aliexpress)
[2026-10-07 05:23:17] [PELANDO]   Falha ao acessar AliExpress
[2026-10-07 05:23:19] [PELANDO] Scraping Pichau (https://www.pelando.com.br/cupons-de-descontos/pichau)
[2026-10-07 05:23:23] [PELANDO]   Falha ao acessar Pichau
[2026-10-07 05:23:25] [PELANDO] Scraping Terabyte Shop (https://www.pelando.com.br/cupons-de-descontos/terabyte)
[2026-10-07 05:23:30] [PELANDO]   Falha ao acessar Terabyte Shop
[2026-10-07 05:23:32] [PELANDO] Completado: 0 Pelando + 70 manuales = 70 total
[2026-10-07 05:23:32] [AGENTE-ML] Consultando scraping de ofertas en Mercado Livre...
[2026-10-07 05:24:06] [AGENTE-ML] Scraping ML: 310 ofertas obtenidas
[2026-10-07 05:24:06] [AGENTE-ML] Guardados 244 achados en achados_ml.json
[2026-10-07 05:24:06] [AGENTE-AMAZON] Cosechando Bestsellers y ofertas de categorías Amazon...
[2026-10-07 05:25:13] [AGENTE-AMAZON] Amazon direct: 209 ofertas cosechadas | categorias OK 15/28 | HTTP {503: 13} | sin tarjetas 8
[2026-10-07 05:25:13] [AGENTE-AMAZON] Cosechando ofertas quentes de Amazon en Pelando...
[2026-10-07 05:25:13] [AGENTE-AMAZON] Pelando Amazon: HTTP 403
[2026-10-07 05:25:13] [AGENTE-AMAZON] Guardados 169 achados en achados_amazon.json
[2026-10-07 05:26:08] [AGENTE-AMAZON] Cosechando ofertas quentes de Amazon en Pelando...
[2026-10-07 05:26:08] [AGENTE-AMAZON] Amazon Pelando: 1 ofertas reales | descartadas: 2 campañas, 0 sin ficha, 1 sin precio legible, 1 duplicadas
[2026-10-07 05:26:08] [AGENTE-AMAZON] Cosechando ofertas quentes de Amazon en Pelando...
[2026-10-07 05:26:11] [AGENTE-AMAZON] Amazon Pelando: 0 ofertas reales | descartadas: 2 campañas, 0 sin ficha, 2 sin precio legible, 1 duplicadas
[2026-10-07 05:26:11] [AGENTE-AMAZON] Cosechando Bestsellers y ofertas de categorías Amazon...
[2026-10-07 05:26:13] [AGENTE-AMAZON] Amazon direct: 0 ofertas cosechadas | categorias OK 0/1 | HTTP {503: 1}
[2026-10-07 05:26:14] [CUPONS_ML] Consultando página oficial https://www.mercadolivre.com.br/cupons (Cookie presente: True)...
[2026-10-07 05:26:15] [CUPONS_ML] 51 código(s) inválidos descartados (blobs del estado interno de ML o fragmentos de texto).
[2026-10-07 05:26:15] [CUPONS_ML] Se extrajeron exitosamente 8 cupones de ML Oficial.
[2026-10-07 05:26:15] [CUPONS_ML] Limpieza completada: 0 vencidos eliminados, 0 marcados vigente=false.
[2026-10-07 05:26:15] [CUPONS_ML] Cupones ML actualizados: 0 nuevos, 8 refrescados.
[2026-10-07 05:26:15] [CUPONS_ML] Total cupones en cupones.json: 70
[2026-10-07 05:26:15] [CUPONES] Fuente oficial ML refrescada: 8 cupón(es).
[2026-10-07 05:26:15] [CUPONES] BOOTSTRAP: 70 código(s) existentes marcados como ya vistos. A partir de ahora solo se publica lo NUEVO.
[2026-10-07 05:58:30] [CUPONS_ML] Consultando página oficial https://www.mercadolivre.com.br/cupons (Cookie presente: True)...
[2026-10-07 05:58:31] [CUPONS_ML] 54 código(s) inválidos descartados (blobs del estado interno de ML o fragmentos de texto).
[2026-10-07 05:58:31] [CUPONS_ML] Se extrajeron exitosamente 8 cupones de ML Oficial.
[2026-10-07 05:58:31] [CUPONS_ML] Limpieza completada: 0 vencidos eliminados, 0 marcados vigente=false.
[2026-10-07 05:58:31] [CUPONS_ML] Cupones ML actualizados: 0 nuevos, 8 refrescados.
[2026-10-07 05:58:31] [CUPONS_ML] Total cupones en cupones.json: 70
[2026-10-07 05:58:31] [CUPONES] Fuente oficial ML refrescada: 8 cupón(es).
[2026-10-07 05:58:31] [CUPONES] Sin cupones nuevos (70 códigos ya vistos).
[2026-10-07 06:20:36] [CUPONS_ML] Consultando página oficial https://www.mercadolivre.com.br/cupons (Cookie presente: True)...
[2026-10-07 06:20:37] [CUPONS_ML] 54 código(s) inválidos descartados (blobs del estado interno de ML o fragmentos de texto).
[2026-10-07 06:20:37] [CUPONS_ML] Se extrajeron exitosamente 7 cupones de ML Oficial.
[2026-10-07 06:20:37] [CUPONS_ML] Limpieza completada: 0 vencidos eliminados, 0 marcados vigente=false.
[2026-10-07 06:20:37] [CUPONS_ML] Cupones ML actualizados: 0 nuevos, 7 refrescados.
[2026-10-07 06:20:37] [CUPONS_ML] Total cupones en cupones.json: 70
[2026-10-07 06:20:37] [CUPONES] Fuente oficial ML refrescada: 7 cupón(es).
[2026-10-07 06:20:37] [CUPONES] Sin cupones nuevos (70 códigos ya vistos).
[2026-10-07 06:41:55] [CUPONS_ML] Consultando página oficial https://www.mercadolivre.com.br/cupons (Cookie presente: True)...
[2026-10-07 06:41:56] [CUPONS_ML] 51 código(s) inválidos descartados (blobs del estado interno de ML o fragmentos de texto).
[2026-10-07 06:41:56] [CUPONS_ML] Se extrajeron exitosamente 8 cupones de ML Oficial.
[2026-10-07 06:41:56] [CUPONS_ML] Limpieza completada: 0 vencidos eliminados, 0 marcados vigente=false.
[2026-10-07 06:41:56] [CUPONS_ML] Cupones ML actualizados: 0 nuevos, 8 refrescados.
[2026-10-07 06:41:56] [CUPONS_ML] Total cupones en cupones.json: 70
[2026-10-07 06:41:56] [CUPONES] Fuente oficial ML refrescada: 8 cupón(es).
[2026-10-07 06:41:56] [CUPONES] Sin cupones nuevos (70 códigos ya vistos).
[2026-10-07 07:06:07] [CUPONS_ML] Consultando página oficial https://www.mercadolivre.com.br/cupons (Cookie presente: True)...
[2026-10-07 07:06:08] [CUPONS_ML] 51 código(s) inválidos descartados (blobs del estado interno de ML o fragmentos de texto).
[2026-10-07 07:06:08] [CUPONS_ML] Se extrajeron exitosamente 8 cupones de ML Oficial.
[2026-10-07 07:06:08] [CUPONS_ML] Limpieza completada: 0 vencidos eliminados, 0 marcados vigente=false.
[2026-10-07 07:06:08] [CUPONS_ML] Cupones ML actualizados: 0 nuevos, 8 refrescados.
[2026-10-07 07:06:08] [CUPONS_ML] Total cupones en cupones.json: 70
[2026-10-07 07:06:08] [CUPONES] Fuente oficial ML refrescada: 8 cupón(es).
[2026-10-07 07:06:08] [CUPONES] Sin cupones nuevos (70 códigos ya vistos).
[2026-10-07 07:38:25] [CUPONS_ML] Consultando página oficial https://www.mercadolivre.com.br/cupons (Cookie presente: True)...
[2026-10-07 07:38:26] [CUPONS_ML] 51 código(s) inválidos descartados (blobs del estado interno de ML o fragmentos de texto).
[2026-10-07 07:38:26] [CUPONS_ML] Se extrajeron exitosamente 8 cupones de ML Oficial.
[2026-10-07 07:38:26] [CUPONS_ML] Limpieza completada: 0 vencidos eliminados, 0 marcados vigente=false.
[2026-10-07 07:38:26] [CUPONS_ML] Cupones ML actualizados: 0 nuevos, 8 refrescados.
[2026-10-07 07:38:26] [CUPONS_ML] Total cupones en cupones.json: 70
[2026-10-07 07:38:26] [CUPONES] Fuente oficial ML refrescada: 8 cupón(es).
[2026-10-07 07:38:26] [CUPONES] Sin cupones nuevos (70 códigos ya vistos).
[2026-10-07 08:16:17] [CUPONS_ML] Consultando página oficial https://www.mercadolivre.com.br/cupons (Cookie presente: True)...
[2026-10-07 08:16:18] [CUPONS_ML] 51 código(s) inválidos descartados (blobs del estado interno de ML o fragmentos de texto).
[2026-10-07 08:16:18] [CUPONS_ML] Se extrajeron exitosamente 8 cupones de ML Oficial.
[2026-10-07 08:16:18] [CUPONS_ML] Limpieza completada: 0 vencidos eliminados, 0 marcados vigente=false.
[2026-10-07 08:16:18] [CUPONS_ML] Cupones ML actualizados: 0 nuevos, 8 refrescados.
[2026-10-07 08:16:18] [CUPONS_ML] Total cupones en cupones.json: 70
[2026-10-07 08:16:18] [CUPONES] Fuente oficial ML refrescada: 8 cupón(es).
[2026-10-07 08:16:18] [CUPONES] Sin cupones nuevos (70 códigos ya vistos).
[2026-10-07 08:41:35] [CUPONS_ML] Consultando página oficial https://www.mercadolivre.com.br/cupons (Cookie presente: True)...
[2026-10-07 08:41:36] [CUPONS_ML] 48 código(s) inválidos descartados (blobs del estado interno de ML o fragmentos de texto).
[2026-10-07 08:41:36] [CUPONS_ML] Se extrajeron exitosamente 8 cupones de ML Oficial.
[2026-10-07 08:41:36] [CUPONS_ML] Limpieza completada: 0 vencidos eliminados, 0 marcados vigente=false.
[2026-10-07 08:41:36] [CUPONS_ML] Cupones ML actualizados: 0 nuevos, 8 refrescados.
[2026-10-07 08:41:36] [CUPONS_ML] Total cupones en cupones.json: 70
[2026-10-07 08:41:36] [CUPONES] Fuente oficial ML refrescada: 8 cupón(es).
[2026-10-07 08:41:36] [CUPONES] Sin cupones nuevos (70 códigos ya vistos).
[2026-10-07 09:10:58] [CUPONS_ML] Consultando página oficial https://www.mercadolivre.com.br/cupons (Cookie presente: True)...
[2026-10-07 09:10:59] [CUPONS_ML] 48 código(s) inválidos descartados (blobs del estado interno de ML o fragmentos de texto).
[2026-10-07 09:10:59] [CUPONS_ML] Se extrajeron exitosamente 8 cupones de ML Oficial.
[2026-10-07 09:10:59] [CUPONS_ML] Limpieza completada: 0 vencidos eliminados, 0 marcados vigente=false.
[2026-10-07 09:10:59] [CUPONS_ML] Cupones ML actualizados: 0 nuevos, 8 refrescados.
[2026-10-07 09:10:59] [CUPONS_ML] Total cupones en cupones.json: 70
[2026-10-07 09:10:59] [CUPONES] Fuente oficial ML refrescada: 8 cupón(es).
[2026-10-07 09:10:59] [CUPONES] Sin cupones nuevos (70 códigos ya vistos).
[2026-10-07 09:44:52] [CUPONS_ML] Consultando página oficial https://www.mercadolivre.com.br/cupons (Cookie presente: True)...
[2026-10-07 09:44:53] [CUPONS_ML] 48 código(s) inválidos descartados (blobs del estado interno de ML o fragmentos de texto).
[2026-10-07 09:44:53] [CUPONS_ML] Se extrajeron exitosamente 8 cupones de ML Oficial.
[2026-10-07 09:44:53] [CUPONS_ML] Limpieza completada: 0 vencidos eliminados, 0 marcados vigente=false.
[2026-10-07 09:44:53] [CUPONS_ML] Cupones ML actualizados: 0 nuevos, 8 refrescados.
[2026-10-07 09:44:53] [CUPONS_ML] Total cupones en cupones.json: 70
[2026-10-07 09:44:53] [CUPONES] Fuente oficial ML refrescada: 8 cupón(es).
[2026-10-07 09:44:53] [CUPONES] Sin cupones nuevos (70 códigos ya vistos).
[2026-10-07 10:06:49] [CUPONS_ML] Consultando página oficial https://www.mercadolivre.com.br/cupons (Cookie presente: True)...
[2026-10-07 10:06:50] [CUPONS_ML] 48 código(s) inválidos descartados (blobs del estado interno de ML o fragmentos de texto).
[2026-10-07 10:06:50] [CUPONS_ML] Se extrajeron exitosamente 8 cupones de ML Oficial.
[2026-10-07 10:06:50] [CUPONS_ML] Limpieza completada: 0 vencidos eliminados, 0 marcados vigente=false.
[2026-10-07 10:06:50] [CUPONS_ML] Cupones ML actualizados: 0 nuevos, 8 refrescados.
[2026-10-07 10:06:50] [CUPONS_ML] Total cupones en cupones.json: 70
[2026-10-07 10:06:50] [CUPONES] Fuente oficial ML refrescada: 8 cupón(es).
[2026-10-07 10:06:50] [CUPONES] Sin cupones nuevos (70 códigos ya vistos).
[2026-10-07 10:14:33] [CUPONS_ML] Consultando página oficial https://www.mercadolivre.com.br/cupons (Cookie presente: True)...
[2026-10-07 10:14:34] [CUPONS_ML] 48 código(s) inválidos descartados (blobs del estado interno de ML o fragmentos de texto).
[2026-10-07 10:14:34] [CUPONS_ML] Se extrajeron exitosamente 8 cupones de ML Oficial.
[2026-10-07 10:14:34] [CUPONS_ML] Limpieza completada: 0 vencidos eliminados, 0 marcados vigente=false.
[2026-10-07 10:14:34] [CUPONS_ML] Cupones ML actualizados: 0 nuevos, 8 refrescados.
[2026-10-07 10:14:34] [CUPONS_ML] Total cupones en cupones.json: 70
[2026-10-07 10:14:34] [CUPONES] Fuente oficial ML refrescada: 8 cupón(es).
[2026-10-07 10:14:34] [CUPONES] Sin cupones nuevos (70 códigos ya vistos).
[2026-10-07 10:20:53] [CUPONS_ML] Consultando página oficial https://www.mercadolivre.com.br/cupons (Cookie presente: True)...
[2026-10-07 10:20:54] [CUPONS_ML] 48 código(s) inválidos descartados (blobs del estado interno de ML o fragmentos de texto).
[2026-10-07 10:20:54] [CUPONS_ML] Se extrajeron exitosamente 8 cupones de ML Oficial.
[2026-10-07 10:20:54] [CUPONS_ML] Limpieza completada: 0 vencidos eliminados, 0 marcados vigente=false.
[2026-10-07 10:20:54] [CUPONS_ML] Cupones ML actualizados: 0 nuevos, 8 refrescados.
[2026-10-07 10:20:54] [CUPONS_ML] Total cupones en cupones.json: 70
[2026-10-07 10:20:54] [CUPONES] Fuente oficial ML refrescada: 8 cupón(es).
[2026-10-07 10:20:54] [CUPONES] Sin cupones nuevos (70 códigos ya vistos).
[2026-10-07 10:29:10] [CUPONS_ML] Consultando página oficial https://www.mercadolivre.com.br/cupons (Cookie presente: True)...
[2026-10-07 10:29:11] [CUPONS_ML] 48 código(s) inválidos descartados (blobs del estado interno de ML o fragmentos de texto).
[2026-10-07 10:29:11] [CUPONS_ML] Se extrajeron exitosamente 8 cupones de ML Oficial.
[2026-10-07 10:29:11] [CUPONS_ML] Limpieza completada: 0 vencidos eliminados, 0 marcados vigente=false.
[2026-10-07 10:29:11] [CUPONS_ML] Cupones ML actualizados: 0 nuevos, 8 refrescados.
[2026-10-07 10:29:11] [CUPONS_ML] Total cupones en cupones.json: 70
[2026-10-07 10:29:11] [CUPONES] Fuente oficial ML refrescada: 8 cupón(es).
[2026-10-07 10:29:11] [CUPONES] Sin cupones nuevos (70 códigos ya vistos).
[2026-10-07 10:39:04] [CUPONS_ML] Consultando página oficial https://www.mercadolivre.com.br/cupons (Cookie presente: True)...
[2026-10-07 10:39:05] [CUPONS_ML] 48 código(s) inválidos descartados (blobs del estado interno de ML o fragmentos de texto).
[2026-10-07 10:39:05] [CUPONS_ML] Se extrajeron exitosamente 8 cupones de ML Oficial.
[2026-10-07 10:39:05] [CUPONS_ML] Limpieza completada: 0 vencidos eliminados, 0 marcados vigente=false.
[2026-10-07 10:39:05] [CUPONS_ML] Cupones ML actualizados: 0 nuevos, 8 refrescados.
[2026-10-07 10:39:05] [CUPONS_ML] Total cupones en cupones.json: 70
[2026-10-07 10:39:05] [CUPONES] Fuente oficial ML refrescada: 8 cupón(es).
[2026-10-07 10:39:05] [CUPONES] Sin cupones nuevos (70 códigos ya vistos).
[2026-10-07 10:46:58] [CUPONS_ML] Consultando página oficial https://www.mercadolivre.com.br/cupons (Cookie presente: True)...
[2026-10-07 10:46:59] [CUPONS_ML] 48 código(s) inválidos descartados (blobs del estado interno de ML o fragmentos de texto).
[2026-10-07 10:46:59] [CUPONS_ML] Se extrajeron exitosamente 8 cupones de ML Oficial.
[2026-10-07 10:46:59] [CUPONS_ML] Limpieza completada: 0 vencidos eliminados, 0 marcados vigente=false.
[2026-10-07 10:46:59] [CUPONS_ML] Cupones ML actualizados: 0 nuevos, 8 refrescados.
[2026-10-07 10:46:59] [CUPONS_ML] Total cupones en cupones.json: 70
[2026-10-07 10:46:59] [CUPONES] Fuente oficial ML refrescada: 8 cupón(es).
[2026-10-07 10:46:59] [CUPONES] Sin cupones nuevos (70 códigos ya vistos).
[2026-10-07 10:54:11] [CUPONS_ML] Consultando página oficial https://www.mercadolivre.com.br/cupons (Cookie presente: True)...
[2026-10-07 10:54:12] [CUPONS_ML] 51 código(s) inválidos descartados (blobs del estado interno de ML o fragmentos de texto).
[2026-10-07 10:54:12] [CUPONS_ML] Se extrajeron exitosamente 8 cupones de ML Oficial.
[2026-10-07 10:54:12] [CUPONS_ML] Limpieza completada: 0 vencidos eliminados, 0 marcados vigente=false.
[2026-10-07 10:54:12] [CUPONS_ML] Cupones ML actualizados: 0 nuevos, 8 refrescados.
[2026-10-07 10:54:12] [CUPONS_ML] Total cupones en cupones.json: 70
[2026-10-07 10:54:12] [CUPONES] Fuente oficial ML refrescada: 8 cupón(es).
[2026-10-07 10:54:12] [CUPONES] Sin cupones nuevos (70 códigos ya vistos).
[2026-10-07 10:56:09] [CUPONS_ML] Consultando página oficial https://www.mercadolivre.com.br/cupons (Cookie presente: True)...
[2026-10-07 10:56:10] [CUPONS_ML] 51 código(s) inválidos descartados (blobs del estado interno de ML o fragmentos de texto).
[2026-10-07 10:56:10] [CUPONS_ML] Se extrajeron exitosamente 8 cupones de ML Oficial.
[2026-10-07 10:56:10] [CUPONS_ML] Limpieza completada: 0 vencidos eliminados, 0 marcados vigente=false.
[2026-10-07 10:56:10] [CUPONS_ML] Cupones ML actualizados: 0 nuevos, 8 refrescados.
[2026-10-07 10:56:10] [CUPONS_ML] Total cupones en cupones.json: 70
[2026-10-07 10:56:10] [PELANDO] Scraping Amazon (https://www.pelando.com.br/cupons-de-descontos/amazon)
[2026-10-07 10:56:14] [PELANDO]   Falha ao acessar Amazon
[2026-10-07 10:56:16] [PELANDO] Scraping KaBuM! (https://www.pelando.com.br/cupons-de-descontos/kabum)
[2026-10-07 10:56:20] [PELANDO]   Falha ao acessar KaBuM!
[2026-10-07 10:56:22] [PELANDO] Scraping Mercado Livre (https://www.pelando.com.br/cupons-de-descontos/mercado-livre)
[2026-10-07 10:56:27] [PELANDO]   Falha ao acessar Mercado Livre
[2026-10-07 10:56:29] [PELANDO] Scraping Shopee (https://www.pelando.com.br/cupons-de-descontos/shopee)
[2026-10-07 10:56:33] [PELANDO]   Falha ao acessar Shopee
[2026-10-07 10:56:35] [PELANDO] Scraping Magazine Luiza (https://www.pelando.com.br/cupons-de-descontos/magalu)
[2026-10-07 10:56:39] [PELANDO]   Falha ao acessar Magazine Luiza
[2026-10-07 10:56:41] [PELANDO] Scraping AliExpress (https://www.pelando.com.br/cupons-de-descontos/aliexpress)
[2026-10-07 10:56:45] [PELANDO]   Falha ao acessar AliExpress
[2026-10-07 10:56:47] [PELANDO] Scraping Pichau (https://www.pelando.com.br/cupons-de-descontos/pichau)
[2026-10-07 10:56:51] [PELANDO]   Falha ao acessar Pichau
[2026-10-07 10:56:53] [PELANDO] Scraping Terabyte Shop (https://www.pelando.com.br/cupons-de-descontos/terabyte)
[2026-10-07 10:56:57] [PELANDO]   Falha ao acessar Terabyte Shop
[2026-10-07 10:56:59] [PELANDO] Completado: 0 Pelando + 70 manuales = 70 total
[2026-10-07 10:56:59] [AGENTE-ML] Consultando scraping de ofertas en Mercado Livre...
[2026-10-07 10:57:31] [AGENTE-ML] Scraping ML: 309 ofertas obtenidas
[2026-10-07 10:57:31] [AGENTE-ML] Guardados 239 achados en achados_ml.json
[2026-10-07 10:57:31] [AGENTE-AMAZON] Cosechando Bestsellers y ofertas de categorías Amazon...
[2026-10-07 10:58:33] [AGENTE-AMAZON] Amazon direct: 151 ofertas cosechadas | categorias OK 14/28 | HTTP {503: 14} | sin tarjetas 8
[2026-10-07 10:58:33] [AGENTE-AMAZON] Cosechando ofertas quentes de Amazon en Pelando...
[2026-10-07 10:58:33] [AGENTE-AMAZON] Pelando Amazon: HTTP 403
[2026-10-07 10:58:33] [AGENTE-AMAZON] Guardados 140 achados en achados_amazon.json
[2026-10-07 10:59:10] [AGENTE-AMAZON] Cosechando ofertas quentes de Amazon en Pelando...
[2026-10-07 10:59:10] [AGENTE-AMAZON] Amazon Pelando: 1 ofertas reales | descartadas: 2 campañas, 0 sin ficha, 1 sin precio legible, 1 duplicadas
[2026-10-07 10:59:10] [AGENTE-AMAZON] Cosechando ofertas quentes de Amazon en Pelando...
[2026-10-07 10:59:13] [AGENTE-AMAZON] Amazon Pelando: 0 ofertas reales | descartadas: 2 campañas, 0 sin ficha, 2 sin precio legible, 1 duplicadas
[2026-10-07 10:59:13] [AGENTE-AMAZON] Cosechando Bestsellers y ofertas de categorías Amazon...
[2026-10-07 10:59:15] [AGENTE-AMAZON] Amazon direct: 0 ofertas cosechadas | categorias OK 0/1 | HTTP {503: 1}
[2026-10-07 10:59:16] [CUPONS_ML] Consultando página oficial https://www.mercadolivre.com.br/cupons (Cookie presente: True)...
[2026-10-07 10:59:17] [CUPONS_ML] 51 código(s) inválidos descartados (blobs del estado interno de ML o fragmentos de texto).
[2026-10-07 10:59:17] [CUPONS_ML] Se extrajeron exitosamente 8 cupones de ML Oficial.
[2026-10-07 10:59:17] [CUPONS_ML] Limpieza completada: 0 vencidos eliminados, 0 marcados vigente=false.
[2026-10-07 10:59:17] [CUPONS_ML] Cupones ML actualizados: 0 nuevos, 8 refrescados.
[2026-10-07 10:59:17] [CUPONS_ML] Total cupones en cupones.json: 70
[2026-10-07 10:59:17] [CUPONES] Fuente oficial ML refrescada: 8 cupón(es).
[2026-10-07 10:59:17] [CUPONES] Sin cupones nuevos (70 códigos ya vistos).
[2026-10-07 11:05:41] [CUPONS_ML] Consultando página oficial https://www.mercadolivre.com.br/cupons (Cookie presente: True)...
[2026-10-07 11:05:42] [CUPONS_ML] 51 código(s) inválidos descartados (blobs del estado interno de ML o fragmentos de texto).
[2026-10-07 11:05:42] [CUPONS_ML] Se extrajeron exitosamente 8 cupones de ML Oficial.
[2026-10-07 11:05:42] [CUPONS_ML] Limpieza completada: 0 vencidos eliminados, 0 marcados vigente=false.
[2026-10-07 11:05:42] [CUPONS_ML] Cupones ML actualizados: 0 nuevos, 8 refrescados.
[2026-10-07 11:05:42] [CUPONS_ML] Total cupones en cupones.json: 70
[2026-10-07 11:05:42] [CUPONES] Fuente oficial ML refrescada: 8 cupón(es).
[2026-10-07 11:05:42] [CUPONES] Sin cupones nuevos (70 códigos ya vistos).
[2026-10-07 11:18:46] [CUPONS_ML] Consultando página oficial https://www.mercadolivre.com.br/cupons (Cookie presente: True)...
[2026-10-07 11:18:47] [CUPONS_ML] 51 código(s) inválidos descartados (blobs del estado interno de ML o fragmentos de texto).
[2026-10-07 11:18:47] [CUPONS_ML] Se extrajeron exitosamente 8 cupones de ML Oficial.
[2026-10-07 11:18:47] [CUPONS_ML] Limpieza completada: 0 vencidos eliminados, 0 marcados vigente=false.
[2026-10-07 11:18:47] [CUPONS_ML] Cupones ML actualizados: 0 nuevos, 8 refrescados.
[2026-10-07 11:18:47] [CUPONS_ML] Total cupones en cupones.json: 70
[2026-10-07 11:18:47] [CUPONES] Fuente oficial ML refrescada: 8 cupón(es).
[2026-10-07 11:18:47] [CUPONES] Sin cupones nuevos (70 códigos ya vistos).
[2026-10-07 11:24:24] [CUPONS_ML] Consultando página oficial https://www.mercadolivre.com.br/cupons (Cookie presente: True)...
[2026-10-07 11:24:24] [CUPONS_ML] 51 código(s) inválidos descartados (blobs del estado interno de ML o fragmentos de texto).
[2026-10-07 11:24:24] [CUPONS_ML] Se extrajeron exitosamente 8 cupones de ML Oficial.
[2026-10-07 11:24:24] [CUPONS_ML] Limpieza completada: 0 vencidos eliminados, 0 marcados vigente=false.
[2026-10-07 11:24:24] [CUPONS_ML] Cupones ML actualizados: 0 nuevos, 8 refrescados.
[2026-10-07 11:24:24] [CUPONS_ML] Total cupones en cupones.json: 70
[2026-10-07 11:24:24] [CUPONES] Fuente oficial ML refrescada: 8 cupón(es).
[2026-10-07 11:24:24] [CUPONES] Sin cupones nuevos (70 códigos ya vistos).
[2026-10-07 11:30:33] [CUPONS_ML] Consultando página oficial https://www.mercadolivre.com.br/cupons (Cookie presente: True)...
[2026-10-07 11:30:34] [CUPONS_ML] 51 código(s) inválidos descartados (blobs del estado interno de ML o fragmentos de texto).
[2026-10-07 11:30:34] [CUPONS_ML] Se extrajeron exitosamente 8 cupones de ML Oficial.
[2026-10-07 11:30:34] [CUPONS_ML] Limpieza completada: 0 vencidos eliminados, 0 marcados vigente=false.
[2026-10-07 11:30:34] [CUPONS_ML] Cupones ML actualizados: 0 nuevos, 8 refrescados.
[2026-10-07 11:30:34] [CUPONS_ML] Total cupones en cupones.json: 70
[2026-10-07 11:30:34] [CUPONES] Fuente oficial ML refrescada: 8 cupón(es).
[2026-10-07 11:30:34] [CUPONES] Sin cupones nuevos (70 códigos ya vistos).
[2026-10-07 11:41:29] [CUPONS_ML] Consultando página oficial https://www.mercadolivre.com.br/cupons (Cookie presente: True)...
[2026-10-07 11:41:30] [CUPONS_ML] 54 código(s) inválidos descartados (blobs del estado interno de ML o fragmentos de texto).
[2026-10-07 11:41:30] [CUPONS_ML] Se extrajeron exitosamente 8 cupones de ML Oficial.
[2026-10-07 11:41:30] [CUPONS_ML] Limpieza completada: 0 vencidos eliminados, 0 marcados vigente=false.
[2026-10-07 11:41:30] [CUPONS_ML] Cupones ML actualizados: 0 nuevos, 8 refrescados.
[2026-10-07 11:41:30] [CUPONS_ML] Total cupones en cupones.json: 70
[2026-10-07 11:41:30] [CUPONES] Fuente oficial ML refrescada: 8 cupón(es).
[2026-10-07 11:41:30] [CUPONES] Sin cupones nuevos (70 códigos ya vistos).
[2026-10-07 11:49:01] [CUPONS_ML] Consultando página oficial https://www.mercadolivre.com.br/cupons (Cookie presente: True)...
[2026-10-07 11:49:02] [CUPONS_ML] 54 código(s) inválidos descartados (blobs del estado interno de ML o fragmentos de texto).
[2026-10-07 11:49:02] [CUPONS_ML] Se extrajeron exitosamente 8 cupones de ML Oficial.
[2026-10-07 11:49:02] [CUPONS_ML] Limpieza completada: 0 vencidos eliminados, 0 marcados vigente=false.
[2026-10-07 11:49:02] [CUPONS_ML] Cupones ML actualizados: 0 nuevos, 8 refrescados.
[2026-10-07 11:49:02] [CUPONS_ML] Total cupones en cupones.json: 70
[2026-10-07 11:49:02] [CUPONES] Fuente oficial ML refrescada: 8 cupón(es).
[2026-10-07 11:49:02] [CUPONES] Sin cupones nuevos (70 códigos ya vistos).
[2026-10-07 11:55:54] [CUPONS_ML] Consultando página oficial https://www.mercadolivre.com.br/cupons (Cookie presente: True)...
[2026-10-07 11:55:55] [CUPONS_ML] 51 código(s) inválidos descartados (blobs del estado interno de ML o fragmentos de texto).
[2026-10-07 11:55:55] [CUPONS_ML] Se extrajeron exitosamente 8 cupones de ML Oficial.
[2026-10-07 11:55:55] [CUPONS_ML] Limpieza completada: 0 vencidos eliminados, 0 marcados vigente=false.
[2026-10-07 11:55:55] [CUPONS_ML] Cupones ML actualizados: 0 nuevos, 8 refrescados.
[2026-10-07 11:55:55] [CUPONS_ML] Total cupones en cupones.json: 70
[2026-10-07 11:55:55] [CUPONES] Fuente oficial ML refrescada: 8 cupón(es).
[2026-10-07 11:55:55] [CUPONES] Sin cupones nuevos (70 códigos ya vistos).
[2026-10-07 12:02:50] [CUPONS_ML] Consultando página oficial https://www.mercadolivre.com.br/cupons (Cookie presente: True)...
[2026-10-07 12:02:50] [CUPONS_ML] 51 código(s) inválidos descartados (blobs del estado interno de ML o fragmentos de texto).
[2026-10-07 12:02:50] [CUPONS_ML] Se extrajeron exitosamente 8 cupones de ML Oficial.
[2026-10-07 12:02:50] [CUPONS_ML] Limpieza completada: 0 vencidos eliminados, 0 marcados vigente=false.
[2026-10-07 12:02:50] [CUPONS_ML] Cupones ML actualizados: 0 nuevos, 8 refrescados.
[2026-10-07 12:02:50] [CUPONS_ML] Total cupones en cupones.json: 70
[2026-10-07 12:02:50] [CUPONES] Fuente oficial ML refrescada: 8 cupón(es).
[2026-10-07 12:02:50] [CUPONES] Sin cupones nuevos (70 códigos ya vistos).
[2026-10-07 12:12:42] [CUPONS_ML] Consultando página oficial https://www.mercadolivre.com.br/cupons (Cookie presente: True)...
[2026-10-07 12:12:42] [CUPONS_ML] 51 código(s) inválidos descartados (blobs del estado interno de ML o fragmentos de texto).
[2026-10-07 12:12:42] [CUPONS_ML] Se extrajeron exitosamente 8 cupones de ML Oficial.
[2026-10-07 12:12:42] [CUPONS_ML] Limpieza completada: 0 vencidos eliminados, 0 marcados vigente=false.
[2026-10-07 12:12:42] [CUPONS_ML] Cupones ML actualizados: 0 nuevos, 8 refrescados.
[2026-10-07 12:12:42] [CUPONS_ML] Total cupones en cupones.json: 70
[2026-10-07 12:12:42] [CUPONES] Fuente oficial ML refrescada: 8 cupón(es).
[2026-10-07 12:12:42] [CUPONES] Sin cupones nuevos (70 códigos ya vistos).
[2026-10-07 12:26:23] [CUPONS_ML] Consultando página oficial https://www.mercadolivre.com.br/cupons (Cookie presente: True)...
[2026-10-07 12:26:23] [CUPONS_ML] 54 código(s) inválidos descartados (blobs del estado interno de ML o fragmentos de texto).
[2026-10-07 12:26:23] [CUPONS_ML] Se extrajeron exitosamente 8 cupones de ML Oficial.
[2026-10-07 12:26:23] [CUPONS_ML] Limpieza completada: 0 vencidos eliminados, 0 marcados vigente=false.
[2026-10-07 12:26:23] [CUPONS_ML] Cupones ML actualizados: 0 nuevos, 8 refrescados.
[2026-10-07 12:26:23] [CUPONS_ML] Total cupones en cupones.json: 70
[2026-10-07 12:26:23] [CUPONES] Fuente oficial ML refrescada: 8 cupón(es).
[2026-10-07 12:26:23] [CUPONES] Sin cupones nuevos (70 códigos ya vistos).
[2026-10-07 12:38:21] [CUPONS_ML] Consultando página oficial https://www.mercadolivre.com.br/cupons (Cookie presente: True)...
[2026-10-07 12:38:21] [CUPONS_ML] 54 código(s) inválidos descartados (blobs del estado interno de ML o fragmentos de texto).
[2026-10-07 12:38:21] [CUPONS_ML] Se extrajeron exitosamente 8 cupones de ML Oficial.
[2026-10-07 12:38:21] [CUPONS_ML] Limpieza completada: 0 vencidos eliminados, 0 marcados vigente=false.
[2026-10-07 12:38:21] [CUPONS_ML] Cupones ML actualizados: 0 nuevos, 8 refrescados.
[2026-10-07 12:38:21] [CUPONS_ML] Total cupones en cupones.json: 70
[2026-10-07 12:38:21] [CUPONES] Fuente oficial ML refrescada: 8 cupón(es).
[2026-10-07 12:38:21] [CUPONES] Sin cupones nuevos (70 códigos ya vistos).
[2026-10-07 12:44:31] [CUPONS_ML] Consultando página oficial https://www.mercadolivre.com.br/cupons (Cookie presente: True)...
[2026-10-07 12:44:32] [CUPONS_ML] 54 código(s) inválidos descartados (blobs del estado interno de ML o fragmentos de texto).
[2026-10-07 12:44:32] [CUPONS_ML] Se extrajeron exitosamente 8 cupones de ML Oficial.
[2026-10-07 12:44:32] [CUPONS_ML] Limpieza completada: 0 vencidos eliminados, 0 marcados vigente=false.
[2026-10-07 12:44:32] [CUPONS_ML] Cupones ML actualizados: 0 nuevos, 8 refrescados.
[2026-10-07 12:44:32] [CUPONS_ML] Total cupones en cupones.json: 70
[2026-10-07 12:44:32] [CUPONES] Fuente oficial ML refrescada: 8 cupón(es).
[2026-10-07 12:44:32] [CUPONES] Sin cupones nuevos (70 códigos ya vistos).
[2026-10-07 12:54:44] [CUPONS_ML] Consultando página oficial https://www.mercadolivre.com.br/cupons (Cookie presente: True)...
[2026-10-07 12:54:44] [CUPONS_ML] 54 código(s) inválidos descartados (blobs del estado interno de ML o fragmentos de texto).
[2026-10-07 12:54:44] [CUPONS_ML] Se extrajeron exitosamente 8 cupones de ML Oficial.
[2026-10-07 12:54:44] [CUPONS_ML] Limpieza completada: 0 vencidos eliminados, 0 marcados vigente=false.
[2026-10-07 12:54:44] [CUPONS_ML] Cupones ML actualizados: 0 nuevos, 8 refrescados.
[2026-10-07 12:54:44] [CUPONS_ML] Total cupones en cupones.json: 70
[2026-10-07 12:54:44] [CUPONES] Fuente oficial ML refrescada: 8 cupón(es).
[2026-10-07 12:54:44] [CUPONES] Sin cupones nuevos (70 códigos ya vistos).
[2026-10-07 13:02:29] [CUPONS_ML] Consultando página oficial https://www.mercadolivre.com.br/cupons (Cookie presente: True)...
[2026-10-07 13:02:29] [CUPONS_ML] 54 código(s) inválidos descartados (blobs del estado interno de ML o fragmentos de texto).
[2026-10-07 13:02:29] [CUPONS_ML] Se extrajeron exitosamente 8 cupones de ML Oficial.
[2026-10-07 13:02:29] [CUPONS_ML] Limpieza completada: 0 vencidos eliminados, 0 marcados vigente=false.
[2026-10-07 13:02:29] [CUPONS_ML] Cupones ML actualizados: 0 nuevos, 8 refrescados.
[2026-10-07 13:02:29] [CUPONS_ML] Total cupones en cupones.json: 70
[2026-10-07 13:02:29] [CUPONES] Fuente oficial ML refrescada: 8 cupón(es).
[2026-10-07 13:02:29] [CUPONES] Sin cupones nuevos (70 códigos ya vistos).
[2026-10-07 13:09:24] [CUPONS_ML] Consultando página oficial https://www.mercadolivre.com.br/cupons (Cookie presente: True)...
[2026-10-07 13:09:24] [CUPONS_ML] 54 código(s) inválidos descartados (blobs del estado interno de ML o fragmentos de texto).
[2026-10-07 13:09:24] [CUPONS_ML] Se extrajeron exitosamente 8 cupones de ML Oficial.
[2026-10-07 13:09:24] [CUPONS_ML] Limpieza completada: 0 vencidos eliminados, 0 marcados vigente=false.
[2026-10-07 13:09:24] [CUPONS_ML] Cupones ML actualizados: 0 nuevos, 8 refrescados.
[2026-10-07 13:09:24] [CUPONS_ML] Total cupones en cupones.json: 70
[2026-10-07 13:09:24] [CUPONES] Fuente oficial ML refrescada: 8 cupón(es).
[2026-10-07 13:09:24] [CUPONES] Sin cupones nuevos (70 códigos ya vistos).
[2026-10-07 13:20:44] [CUPONS_ML] Consultando página oficial https://www.mercadolivre.com.br/cupons (Cookie presente: True)...
[2026-10-07 13:20:45] [CUPONS_ML] 54 código(s) inválidos descartados (blobs del estado interno de ML o fragmentos de texto).
[2026-10-07 13:20:45] [CUPONS_ML] Se extrajeron exitosamente 8 cupones de ML Oficial.
[2026-10-07 13:20:45] [CUPONS_ML] Limpieza completada: 0 vencidos eliminados, 0 marcados vigente=false.
[2026-10-07 13:20:45] [CUPONS_ML] Cupones ML actualizados: 0 nuevos, 8 refrescados.
[2026-10-07 13:20:45] [CUPONS_ML] Total cupones en cupones.json: 70
[2026-10-07 13:20:45] [CUPONES] Fuente oficial ML refrescada: 8 cupón(es).
[2026-10-07 13:20:45] [CUPONES] Sin cupones nuevos (70 códigos ya vistos).
[2026-10-07 13:32:41] [CUPONS_ML] Consultando página oficial https://www.mercadolivre.com.br/cupons (Cookie presente: True)...
[2026-10-07 13:32:41] [CUPONS_ML] 54 código(s) inválidos descartados (blobs del estado interno de ML o fragmentos de texto).
[2026-10-07 13:32:41] [CUPONS_ML] Se extrajeron exitosamente 8 cupones de ML Oficial.
[2026-10-07 13:32:41] [CUPONS_ML] Limpieza completada: 0 vencidos eliminados, 0 marcados vigente=false.
[2026-10-07 13:32:41] [CUPONS_ML] Cupones ML actualizados: 0 nuevos, 8 refrescados.
[2026-10-07 13:32:41] [CUPONS_ML] Total cupones en cupones.json: 70
[2026-10-07 13:32:41] [CUPONES] Fuente oficial ML refrescada: 8 cupón(es).
[2026-10-07 13:32:41] [CUPONES] Sin cupones nuevos (70 códigos ya vistos).
[2026-10-07 13:41:09] [CUPONS_ML] Consultando página oficial https://www.mercadolivre.com.br/cupons (Cookie presente: True)...
[2026-10-07 13:41:10] [CUPONS_ML] 54 código(s) inválidos descartados (blobs del estado interno de ML o fragmentos de texto).
[2026-10-07 13:41:10] [CUPONS_ML] Se extrajeron exitosamente 8 cupones de ML Oficial.
[2026-10-07 13:41:10] [CUPONS_ML] Limpieza completada: 0 vencidos eliminados, 0 marcados vigente=false.
[2026-10-07 13:41:10] [CUPONS_ML] Cupones ML actualizados: 0 nuevos, 8 refrescados.
[2026-10-07 13:41:10] [CUPONS_ML] Total cupones en cupones.json: 70
[2026-10-07 13:41:10] [CUPONES] Fuente oficial ML refrescada: 8 cupón(es).
[2026-10-07 13:41:10] [CUPONES] Sin cupones nuevos (70 códigos ya vistos).
[2026-10-07 13:47:17] [CUPONS_ML] Consultando página oficial https://www.mercadolivre.com.br/cupons (Cookie presente: True)...
[2026-10-07 13:47:18] [CUPONS_ML] 54 código(s) inválidos descartados (blobs del estado interno de ML o fragmentos de texto).
[2026-10-07 13:47:18] [CUPONS_ML] Se extrajeron exitosamente 8 cupones de ML Oficial.
[2026-10-07 13:47:18] [CUPONS_ML] Limpieza completada: 0 vencidos eliminados, 0 marcados vigente=false.
[2026-10-07 13:47:18] [CUPONS_ML] Cupones ML actualizados: 0 nuevos, 8 refrescados.
[2026-10-07 13:47:18] [CUPONS_ML] Total cupones en cupones.json: 70
[2026-10-07 13:47:18] [CUPONES] Fuente oficial ML refrescada: 8 cupón(es).
[2026-10-07 13:47:18] [CUPONES] Sin cupones nuevos (70 códigos ya vistos).
[2026-10-07 13:56:47] [CUPONS_ML] Consultando página oficial https://www.mercadolivre.com.br/cupons (Cookie presente: True)...
[2026-10-07 13:56:48] [CUPONS_ML] 54 código(s) inválidos descartados (blobs del estado interno de ML o fragmentos de texto).
[2026-10-07 13:56:48] [CUPONS_ML] Se extrajeron exitosamente 8 cupones de ML Oficial.
[2026-10-07 13:56:48] [CUPONS_ML] Limpieza completada: 0 vencidos eliminados, 0 marcados vigente=false.
[2026-10-07 13:56:48] [CUPONS_ML] Cupones ML actualizados: 0 nuevos, 8 refrescados.
[2026-10-07 13:56:48] [CUPONS_ML] Total cupones en cupones.json: 70
[2026-10-07 13:56:48] [CUPONES] Fuente oficial ML refrescada: 8 cupón(es).
[2026-10-07 13:56:48] [CUPONES] Sin cupones nuevos (70 códigos ya vistos).
[2026-10-07 14:04:39] [CUPONS_ML] Consultando página oficial https://www.mercadolivre.com.br/cupons (Cookie presente: True)...
[2026-10-07 14:04:40] [CUPONS_ML] 54 código(s) inválidos descartados (blobs del estado interno de ML o fragmentos de texto).
[2026-10-07 14:04:40] [CUPONS_ML] Se extrajeron exitosamente 8 cupones de ML Oficial.
[2026-10-07 14:04:40] [CUPONS_ML] Limpieza completada: 0 vencidos eliminados, 0 marcados vigente=false.
[2026-10-07 14:04:40] [CUPONS_ML] Cupones ML actualizados: 0 nuevos, 8 refrescados.
[2026-10-07 14:04:40] [CUPONS_ML] Total cupones en cupones.json: 70
[2026-10-07 14:04:40] [CUPONES] Fuente oficial ML refrescada: 8 cupón(es).
[2026-10-07 14:04:40] [CUPONES] Sin cupones nuevos (70 códigos ya vistos).
[2026-10-07 14:11:14] [CUPONS_ML] Consultando página oficial https://www.mercadolivre.com.br/cupons (Cookie presente: True)...
[2026-10-07 14:11:14] [CUPONS_ML] 57 código(s) inválidos descartados (blobs del estado interno de ML o fragmentos de texto).
[2026-10-07 14:11:14] [CUPONS_ML] Se extrajeron exitosamente 8 cupones de ML Oficial.
[2026-10-07 14:11:14] [CUPONS_ML] Limpieza completada: 0 vencidos eliminados, 0 marcados vigente=false.
[2026-10-07 14:11:14] [CUPONS_ML] Cupones ML actualizados: 0 nuevos, 8 refrescados.
[2026-10-07 14:11:14] [CUPONS_ML] Total cupones en cupones.json: 70
[2026-10-07 14:11:14] [CUPONES] Fuente oficial ML refrescada: 8 cupón(es).
[2026-10-07 14:11:14] [CUPONES] Sin cupones nuevos (70 códigos ya vistos).
[2026-10-07 14:18:45] [CUPONS_ML] Consultando página oficial https://www.mercadolivre.com.br/cupons (Cookie presente: True)...
[2026-10-07 14:18:46] [CUPONS_ML] 54 código(s) inválidos descartados (blobs del estado interno de ML o fragmentos de texto).
[2026-10-07 14:18:46] [CUPONS_ML] Se extrajeron exitosamente 8 cupones de ML Oficial.
[2026-10-07 14:18:46] [CUPONS_ML] Limpieza completada: 0 vencidos eliminados, 0 marcados vigente=false.
[2026-10-07 14:18:46] [CUPONS_ML] Cupones ML actualizados: 0 nuevos, 8 refrescados.
[2026-10-07 14:18:46] [CUPONS_ML] Total cupones en cupones.json: 70
[2026-10-07 14:18:46] [CUPONES] Fuente oficial ML refrescada: 8 cupón(es).
[2026-10-07 14:18:46] [CUPONES] Sin cupones nuevos (70 códigos ya vistos).
[2026-10-07 14:25:57] [CUPONS_ML] Consultando página oficial https://www.mercadolivre.com.br/cupons (Cookie presente: True)...
[2026-10-07 14:25:58] [CUPONS_ML] 57 código(s) inválidos descartados (blobs del estado interno de ML o fragmentos de texto).
[2026-10-07 14:25:58] [CUPONS_ML] Se extrajeron exitosamente 8 cupones de ML Oficial.
[2026-10-07 14:25:58] [CUPONS_ML] Limpieza completada: 0 vencidos eliminados, 0 marcados vigente=false.
[2026-10-07 14:25:58] [CUPONS_ML] Cupones ML actualizados: 0 nuevos, 8 refrescados.
[2026-10-07 14:25:58] [CUPONS_ML] Total cupones en cupones.json: 70
[2026-10-07 14:25:58] [CUPONES] Fuente oficial ML refrescada: 8 cupón(es).
[2026-10-07 14:25:58] [CUPONES] Sin cupones nuevos (70 códigos ya vistos).
[2026-10-07 14:35:24] [CUPONS_ML] Consultando página oficial https://www.mercadolivre.com.br/cupons (Cookie presente: True)...
[2026-10-07 14:35:25] [CUPONS_ML] 57 código(s) inválidos descartados (blobs del estado interno de ML o fragmentos de texto).
[2026-10-07 14:35:25] [CUPONS_ML] Se extrajeron exitosamente 8 cupones de ML Oficial.
[2026-10-07 14:35:25] [CUPONS_ML] Limpieza completada: 0 vencidos eliminados, 0 marcados vigente=false.
[2026-10-07 14:35:25] [CUPONS_ML] Cupones ML actualizados: 0 nuevos, 8 refrescados.
[2026-10-07 14:35:25] [CUPONS_ML] Total cupones en cupones.json: 70
[2026-10-07 14:35:25] [CUPONES] Fuente oficial ML refrescada: 8 cupón(es).
[2026-10-07 14:35:25] [CUPONES] Sin cupones nuevos (70 códigos ya vistos).
[2026-10-07 14:47:50] [CUPONS_ML] Consultando página oficial https://www.mercadolivre.com.br/cupons (Cookie presente: True)...
[2026-10-07 14:47:51] [CUPONS_ML] 51 código(s) inválidos descartados (blobs del estado interno de ML o fragmentos de texto).
[2026-10-07 14:47:51] [CUPONS_ML] Se extrajeron exitosamente 8 cupones de ML Oficial.
[2026-10-07 14:47:51] [CUPONS_ML] Limpieza completada: 0 vencidos eliminados, 0 marcados vigente=false.
[2026-10-07 14:47:51] [CUPONS_ML] Cupones ML actualizados: 0 nuevos, 8 refrescados.
[2026-10-07 14:47:51] [CUPONS_ML] Total cupones en cupones.json: 70
[2026-10-07 14:47:51] [CUPONES] Fuente oficial ML refrescada: 8 cupón(es).
[2026-10-07 14:47:51] [CUPONES] Sin cupones nuevos (70 códigos ya vistos).
[2026-10-07 14:55:10] [CUPONS_ML] Consultando página oficial https://www.mercadolivre.com.br/cupons (Cookie presente: True)...
[2026-10-07 14:55:11] [CUPONS_ML] 48 código(s) inválidos descartados (blobs del estado interno de ML o fragmentos de texto).
[2026-10-07 14:55:11] [CUPONS_ML] Se extrajeron exitosamente 8 cupones de ML Oficial.
[2026-10-07 14:55:11] [CUPONS_ML] Limpieza completada: 0 vencidos eliminados, 0 marcados vigente=false.
[2026-10-07 14:55:11] [CUPONS_ML] Cupones ML actualizados: 0 nuevos, 8 refrescados.
[2026-10-07 14:55:11] [CUPONS_ML] Total cupones en cupones.json: 70
[2026-10-07 14:55:11] [CUPONES] Fuente oficial ML refrescada: 8 cupón(es).
[2026-10-07 14:55:11] [CUPONES] Sin cupones nuevos (70 códigos ya vistos).
[2026-10-07 15:04:11] [CUPONS_ML] Consultando página oficial https://www.mercadolivre.com.br/cupons (Cookie presente: True)...
[2026-10-07 15:04:11] [CUPONS_ML] 48 código(s) inválidos descartados (blobs del estado interno de ML o fragmentos de texto).
[2026-10-07 15:04:11] [CUPONS_ML] Se extrajeron exitosamente 8 cupones de ML Oficial.
[2026-10-07 15:04:11] [CUPONS_ML] Limpieza completada: 0 vencidos eliminados, 0 marcados vigente=false.
[2026-10-07 15:04:11] [CUPONS_ML] Cupones ML actualizados: 0 nuevos, 8 refrescados.
[2026-10-07 15:04:11] [CUPONS_ML] Total cupones en cupones.json: 70
[2026-10-07 15:04:11] [CUPONES] Fuente oficial ML refrescada: 8 cupón(es).
[2026-10-07 15:04:11] [CUPONES] Sin cupones nuevos (70 códigos ya vistos).
[2026-10-07 15:11:28] [CUPONS_ML] Consultando página oficial https://www.mercadolivre.com.br/cupons (Cookie presente: True)...
[2026-10-07 15:11:29] [CUPONS_ML] 51 código(s) inválidos descartados (blobs del estado interno de ML o fragmentos de texto).
[2026-10-07 15:11:29] [CUPONS_ML] Se extrajeron exitosamente 8 cupones de ML Oficial.
[2026-10-07 15:11:29] [CUPONS_ML] Limpieza completada: 0 vencidos eliminados, 0 marcados vigente=false.
[2026-10-07 15:11:29] [CUPONS_ML] Cupones ML actualizados: 0 nuevos, 8 refrescados.
[2026-10-07 15:11:29] [CUPONS_ML] Total cupones en cupones.json: 70
[2026-10-07 15:11:29] [CUPONES] Fuente oficial ML refrescada: 8 cupón(es).
[2026-10-07 15:11:29] [CUPONES] Sin cupones nuevos (70 códigos ya vistos).
[2026-10-07 15:20:11] [CUPONS_ML] Consultando página oficial https://www.mercadolivre.com.br/cupons (Cookie presente: True)...
[2026-10-07 15:20:12] [CUPONS_ML] 51 código(s) inválidos descartados (blobs del estado interno de ML o fragmentos de texto).
[2026-10-07 15:20:12] [CUPONS_ML] Se extrajeron exitosamente 8 cupones de ML Oficial.
[2026-10-07 15:20:12] [CUPONS_ML] Limpieza completada: 0 vencidos eliminados, 0 marcados vigente=false.
[2026-10-07 15:20:12] [CUPONS_ML] Cupones ML actualizados: 0 nuevos, 8 refrescados.
[2026-10-07 15:20:12] [CUPONS_ML] Total cupones en cupones.json: 70
[2026-10-07 15:20:12] [CUPONES] Fuente oficial ML refrescada: 8 cupón(es).
[2026-10-07 15:20:12] [CUPONES] Sin cupones nuevos (70 códigos ya vistos).
[2026-10-07 15:29:52] [CUPONS_ML] Consultando página oficial https://www.mercadolivre.com.br/cupons (Cookie presente: True)...
[2026-10-07 15:29:52] [CUPONS_ML] 51 código(s) inválidos descartados (blobs del estado interno de ML o fragmentos de texto).
[2026-10-07 15:29:52] [CUPONS_ML] Se extrajeron exitosamente 8 cupones de ML Oficial.
[2026-10-07 15:29:52] [CUPONS_ML] Limpieza completada: 0 vencidos eliminados, 0 marcados vigente=false.
[2026-10-07 15:29:52] [CUPONS_ML] Cupones ML actualizados: 0 nuevos, 8 refrescados.
[2026-10-07 15:29:52] [CUPONS_ML] Total cupones en cupones.json: 70
[2026-10-07 15:29:52] [CUPONES] Fuente oficial ML refrescada: 8 cupón(es).
[2026-10-07 15:29:52] [CUPONES] Sin cupones nuevos (70 códigos ya vistos).
[2026-10-07 15:36:04] [CUPONS_ML] Consultando página oficial https://www.mercadolivre.com.br/cupons (Cookie presente: True)...
[2026-10-07 15:36:05] [CUPONS_ML] 51 código(s) inválidos descartados (blobs del estado interno de ML o fragmentos de texto).
[2026-10-07 15:36:05] [CUPONS_ML] Se extrajeron exitosamente 8 cupones de ML Oficial.
[2026-10-07 15:36:05] [CUPONS_ML] Limpieza completada: 0 vencidos eliminados, 0 marcados vigente=false.
[2026-10-07 15:36:05] [CUPONS_ML] Cupones ML actualizados: 0 nuevos, 8 refrescados.
[2026-10-07 15:36:05] [CUPONS_ML] Total cupones en cupones.json: 70
[2026-10-07 15:36:05] [CUPONES] Fuente oficial ML refrescada: 8 cupón(es).
[2026-10-07 15:36:05] [CUPONES] Sin cupones nuevos (70 códigos ya vistos).
[2026-10-07 15:44:59] [CUPONS_ML] Consultando página oficial https://www.mercadolivre.com.br/cupons (Cookie presente: True)...
[2026-10-07 15:45:00] [CUPONS_ML] 51 código(s) inválidos descartados (blobs del estado interno de ML o fragmentos de texto).
[2026-10-07 15:45:00] [CUPONS_ML] Se extrajeron exitosamente 8 cupones de ML Oficial.
[2026-10-07 15:45:00] [CUPONS_ML] Limpieza completada: 0 vencidos eliminados, 0 marcados vigente=false.
[2026-10-07 15:45:00] [CUPONS_ML] Cupones ML actualizados: 0 nuevos, 8 refrescados.
[2026-10-07 15:45:00] [CUPONS_ML] Total cupones en cupones.json: 70
[2026-10-07 15:45:00] [CUPONES] Fuente oficial ML refrescada: 8 cupón(es).
[2026-10-07 15:45:00] [CUPONES] Sin cupones nuevos (70 códigos ya vistos).
[2026-10-07 15:51:10] [CUPONS_ML] Consultando página oficial https://www.mercadolivre.com.br/cupons (Cookie presente: True)...
[2026-10-07 15:51:11] [CUPONS_ML] 51 código(s) inválidos descartados (blobs del estado interno de ML o fragmentos de texto).
[2026-10-07 15:51:11] [CUPONS_ML] Se extrajeron exitosamente 8 cupones de ML Oficial.
[2026-10-07 15:51:11] [CUPONS_ML] Limpieza completada: 0 vencidos eliminados, 0 marcados vigente=false.
[2026-10-07 15:51:11] [CUPONS_ML] Cupones ML actualizados: 0 nuevos, 8 refrescados.
[2026-10-07 15:51:11] [CUPONS_ML] Total cupones en cupones.json: 70
[2026-10-07 15:51:11] [CUPONES] Fuente oficial ML refrescada: 8 cupón(es).
[2026-10-07 15:51:11] [CUPONES] Sin cupones nuevos (70 códigos ya vistos).
[2026-10-07 15:56:46] [CUPONS_ML] Consultando página oficial https://www.mercadolivre.com.br/cupons (Cookie presente: True)...
[2026-10-07 15:56:46] [CUPONS_ML] 51 código(s) inválidos descartados (blobs del estado interno de ML o fragmentos de texto).
[2026-10-07 15:56:46] [CUPONS_ML] Se extrajeron exitosamente 8 cupones de ML Oficial.
[2026-10-07 15:56:46] [CUPONS_ML] Limpieza completada: 0 vencidos eliminados, 0 marcados vigente=false.
[2026-10-07 15:56:46] [CUPONS_ML] Cupones ML actualizados: 0 nuevos, 8 refrescados.
[2026-10-07 15:56:46] [CUPONS_ML] Total cupones en cupones.json: 70
[2026-10-07 15:56:46] [CUPONES] Fuente oficial ML refrescada: 8 cupón(es).
[2026-10-07 15:56:46] [CUPONES] Sin cupones nuevos (70 códigos ya vistos).
[2026-10-07 16:04:59] [CUPONS_ML] Consultando página oficial https://www.mercadolivre.com.br/cupons (Cookie presente: True)...
[2026-10-07 16:05:00] [CUPONS_ML] 51 código(s) inválidos descartados (blobs del estado interno de ML o fragmentos de texto).
[2026-10-07 16:05:00] [CUPONS_ML] Se extrajeron exitosamente 8 cupones de ML Oficial.
[2026-10-07 16:05:00] [CUPONS_ML] Limpieza completada: 0 vencidos eliminados, 0 marcados vigente=false.
[2026-10-07 16:05:00] [CUPONS_ML] Cupones ML actualizados: 0 nuevos, 8 refrescados.
[2026-10-07 16:05:00] [CUPONS_ML] Total cupones en cupones.json: 70
[2026-10-07 16:05:00] [CUPONES] Fuente oficial ML refrescada: 8 cupón(es).
[2026-10-07 16:05:00] [CUPONES] Sin cupones nuevos (70 códigos ya vistos).
[2026-10-07 16:14:15] [CUPONS_ML] Consultando página oficial https://www.mercadolivre.com.br/cupons (Cookie presente: True)...
[2026-10-07 16:14:16] [CUPONS_ML] 54 código(s) inválidos descartados (blobs del estado interno de ML o fragmentos de texto).
[2026-10-07 16:14:16] [CUPONS_ML] Se extrajeron exitosamente 8 cupones de ML Oficial.
[2026-10-07 16:14:16] [CUPONS_ML] Limpieza completada: 0 vencidos eliminados, 0 marcados vigente=false.
[2026-10-07 16:14:16] [CUPONS_ML] Cupones ML actualizados: 0 nuevos, 8 refrescados.
[2026-10-07 16:14:16] [CUPONS_ML] Total cupones en cupones.json: 70
[2026-10-07 16:14:16] [CUPONES] Fuente oficial ML refrescada: 8 cupón(es).
[2026-10-07 16:14:16] [CUPONES] Sin cupones nuevos (70 códigos ya vistos).
[2026-10-07 16:25:31] [CUPONS_ML] Consultando página oficial https://www.mercadolivre.com.br/cupons (Cookie presente: True)...
[2026-10-07 16:25:32] [CUPONS_ML] 54 código(s) inválidos descartados (blobs del estado interno de ML o fragmentos de texto).
[2026-10-07 16:25:32] [CUPONS_ML] Se extrajeron exitosamente 8 cupones de ML Oficial.
[2026-10-07 16:25:32] [CUPONS_ML] Limpieza completada: 0 vencidos eliminados, 0 marcados vigente=false.
[2026-10-07 16:25:32] [CUPONS_ML] Cupones ML actualizados: 0 nuevos, 8 refrescados.
[2026-10-07 16:25:32] [CUPONS_ML] Total cupones en cupones.json: 70
[2026-10-07 16:25:32] [CUPONES] Fuente oficial ML refrescada: 8 cupón(es).
[2026-10-07 16:25:32] [CUPONES] Sin cupones nuevos (70 códigos ya vistos).
[2026-10-07 16:29:11] [CUPONS_ML] Consultando página oficial https://www.mercadolivre.com.br/cupons (Cookie presente: True)...
[2026-10-07 16:29:12] [CUPONS_ML] 54 código(s) inválidos descartados (blobs del estado interno de ML o fragmentos de texto).
[2026-10-07 16:29:12] [CUPONS_ML] Se extrajeron exitosamente 8 cupones de ML Oficial.
[2026-10-07 16:29:12] [CUPONS_ML] Limpieza completada: 0 vencidos eliminados, 0 marcados vigente=false.
[2026-10-07 16:29:12] [CUPONS_ML] Cupones ML actualizados: 0 nuevos, 8 refrescados.
[2026-10-07 16:29:12] [CUPONS_ML] Total cupones en cupones.json: 78
[2026-10-07 16:29:12] [PELANDO] Scraping Amazon (https://www.pelando.com.br/cupons-de-descontos/amazon)
[2026-10-07 16:29:16] [PELANDO]   Falha ao acessar Amazon
[2026-10-07 16:29:18] [PELANDO] Scraping KaBuM! (https://www.pelando.com.br/cupons-de-descontos/kabum)
[2026-10-07 16:29:23] [PELANDO]   Falha ao acessar KaBuM!
[2026-10-07 16:29:25] [PELANDO] Scraping Mercado Livre (https://www.pelando.com.br/cupons-de-descontos/mercado-livre)
[2026-10-07 16:29:29] [PELANDO]   Falha ao acessar Mercado Livre
[2026-10-07 16:29:31] [PELANDO] Scraping Shopee (https://www.pelando.com.br/cupons-de-descontos/shopee)
[2026-10-07 16:29:35] [PELANDO]   Falha ao acessar Shopee
[2026-10-07 16:29:37] [PELANDO] Scraping Magazine Luiza (https://www.pelando.com.br/cupons-de-descontos/magalu)
[2026-10-07 16:29:41] [PELANDO]   Falha ao acessar Magazine Luiza
[2026-10-07 16:29:43] [PELANDO] Scraping AliExpress (https://www.pelando.com.br/cupons-de-descontos/aliexpress)
[2026-10-07 16:29:47] [PELANDO]   Falha ao acessar AliExpress
[2026-10-07 16:29:49] [PELANDO] Scraping Pichau (https://www.pelando.com.br/cupons-de-descontos/pichau)
[2026-10-07 16:29:54] [PELANDO]   Falha ao acessar Pichau
[2026-10-07 16:29:56] [PELANDO] Scraping Terabyte Shop (https://www.pelando.com.br/cupons-de-descontos/terabyte)
[2026-10-07 16:30:00] [PELANDO]   Falha ao acessar Terabyte Shop
[2026-10-07 16:30:02] [PELANDO] Completado: 0 Pelando + 78 manuales = 78 total
[2026-10-07 16:30:02] [AGENTE-ML] Consultando scraping de ofertas en Mercado Livre...
[2026-10-07 16:30:36] [AGENTE-ML] Scraping ML: 304 ofertas obtenidas
[2026-10-07 16:30:36] [AGENTE-ML] Guardados 230 achados en achados_ml.json
[2026-10-07 16:30:36] [AGENTE-AMAZON] Cosechando Bestsellers y ofertas de categorías Amazon...
[2026-10-07 16:31:39] [AGENTE-AMAZON] Amazon direct: 150 ofertas cosechadas | categorias OK 11/28 | HTTP {503: 17} | sin tarjetas 6
[2026-10-07 16:31:39] [AGENTE-AMAZON] Cosechando ofertas quentes de Amazon en Pelando...
[2026-10-07 16:31:39] [AGENTE-AMAZON] Pelando Amazon: HTTP 403
[2026-10-07 16:31:39] [AGENTE-AMAZON] Guardados 144 achados en achados_amazon.json
[2026-10-07 16:32:20] [AGENTE-AMAZON] Cosechando ofertas quentes de Amazon en Pelando...
[2026-10-07 16:32:20] [AGENTE-AMAZON] Amazon Pelando: 1 ofertas reales | descartadas: 2 campañas, 0 sin ficha, 1 sin precio legible, 1 duplicadas
[2026-10-07 16:32:20] [AGENTE-AMAZON] Cosechando ofertas quentes de Amazon en Pelando...
[2026-10-07 16:32:23] [AGENTE-AMAZON] Amazon Pelando: 0 ofertas reales | descartadas: 2 campañas, 0 sin ficha, 2 sin precio legible, 1 duplicadas
[2026-10-07 16:32:23] [AGENTE-AMAZON] Cosechando Bestsellers y ofertas de categorías Amazon...
[2026-10-07 16:32:25] [AGENTE-AMAZON] Amazon direct: 0 ofertas cosechadas | categorias OK 0/1 | HTTP {503: 1}
[2026-10-07 16:32:26] [CUPONS_ML] Consultando página oficial https://www.mercadolivre.com.br/cupons (Cookie presente: True)...
[2026-10-07 16:32:27] [CUPONS_ML] 54 código(s) inválidos descartados (blobs del estado interno de ML o fragmentos de texto).
[2026-10-07 16:32:27] [CUPONS_ML] Se extrajeron exitosamente 8 cupones de ML Oficial.
[2026-10-07 16:32:27] [CUPONS_ML] Limpieza completada: 0 vencidos eliminados, 0 marcados vigente=false.
[2026-10-07 16:32:27] [CUPONS_ML] Cupones ML actualizados: 0 nuevos, 8 refrescados.
[2026-10-07 16:32:27] [CUPONS_ML] Total cupones en cupones.json: 78
[2026-10-07 16:32:27] [CUPONES] Fuente oficial ML refrescada: 8 cupón(es).
[2026-10-07 16:32:27] [CUPONES] Cupones NUEVOS detectados: 8 (SEMPREMELI, PROMOVALE, DESCONTOSML, TUDOEMPROMO, GARANTAMEUDESCONTO, BRINCADEIRASML...)
[2026-10-07 16:32:27] [CUPONES] Enlace de afiliado: meli.la (corto) -> https://achadinhosnozap.com.br/go/34en4m/
[2026-10-07 16:32:28] [CUPONES] ✅ Publicado cupón SEMPREMELI (detectado -> publicado: 201.6 min)
[2026-10-07 16:32:28] [CUPONES] Se corta aquí: último envío hace 0.0 min (< 3 min).
[2026-10-07 16:32:28] [CUPONES] Fin. Cupones publicados en esta pasada: 1
[2026-10-07 16:41:38] [CUPONS_ML] Consultando página oficial https://www.mercadolivre.com.br/cupons (Cookie presente: True)...
[2026-10-07 16:41:39] [CUPONS_ML] 54 código(s) inválidos descartados (blobs del estado interno de ML o fragmentos de texto).
[2026-10-07 16:41:39] [CUPONS_ML] Se extrajeron exitosamente 8 cupones de ML Oficial.
[2026-10-07 16:41:39] [CUPONS_ML] Limpieza completada: 0 vencidos eliminados, 0 marcados vigente=false.
[2026-10-07 16:41:39] [CUPONS_ML] Cupones ML actualizados: 0 nuevos, 8 refrescados.
[2026-10-07 16:41:39] [CUPONS_ML] Total cupones en cupones.json: 78
[2026-10-07 16:41:39] [CUPONES] Fuente oficial ML refrescada: 8 cupón(es).
[2026-10-07 16:41:39] [CUPONES] Cupones NUEVOS detectados: 7 (PROMOVALE, DESCONTOSML, TUDOEMPROMO, GARANTAMEUDESCONTO, BRINCADEIRASML, VIPNOML...)
[2026-10-07 16:41:39] [CUPONES] Enlace de afiliado: meli.la (corto) -> https://achadinhosnozap.com.br/go/34en4m/
[2026-10-07 16:41:40] [CUPONES] ✅ Publicado cupón PROMOVALE (detectado -> publicado: 210.8 min)
[2026-10-07 16:41:40] [CUPONES] Se corta aquí: último envío hace 0.0 min (< 3 min).
[2026-10-07 16:41:40] [CUPONES] Fin. Cupones publicados en esta pasada: 1
[2026-10-07 16:51:13] [CUPONS_ML] Consultando página oficial https://www.mercadolivre.com.br/cupons (Cookie presente: True)...
[2026-10-07 16:51:14] [CUPONS_ML] 51 código(s) inválidos descartados (blobs del estado interno de ML o fragmentos de texto).
[2026-10-07 16:51:14] [CUPONS_ML] Se extrajeron exitosamente 8 cupones de ML Oficial.
[2026-10-07 16:51:14] [CUPONS_ML] Limpieza completada: 0 vencidos eliminados, 0 marcados vigente=false.
[2026-10-07 16:51:14] [CUPONS_ML] Cupones ML actualizados: 0 nuevos, 8 refrescados.
[2026-10-07 16:51:14] [CUPONS_ML] Total cupones en cupones.json: 78
[2026-10-07 16:51:14] [CUPONES] Fuente oficial ML refrescada: 8 cupón(es).
[2026-10-07 16:51:14] [CUPONES] Cupones NUEVOS detectados: 6 (DESCONTOSML, TUDOEMPROMO, GARANTAMEUDESCONTO, BRINCADEIRASML, VIPNOML, PEGAESSAPROMO)
[2026-10-07 16:51:14] [CUPONES] Enlace de afiliado: meli.la (corto) -> https://achadinhosnozap.com.br/go/34en4m/
[2026-10-07 16:51:15] [CUPONES] ✅ Publicado cupón DESCONTOSML (detectado -> publicado: 209.8 min)
[2026-10-07 16:51:15] [CUPONES] Se corta aquí: tope por hora alcanzado (3).
[2026-10-07 16:51:15] [CUPONES] Fin. Cupones publicados en esta pasada: 1
[2026-10-07 17:02:13] [CUPONS_ML] Consultando página oficial https://www.mercadolivre.com.br/cupons (Cookie presente: True)...
[2026-10-07 17:02:14] [CUPONS_ML] 51 código(s) inválidos descartados (blobs del estado interno de ML o fragmentos de texto).
[2026-10-07 17:02:14] [CUPONS_ML] Se extrajeron exitosamente 8 cupones de ML Oficial.
[2026-10-07 17:02:14] [CUPONS_ML] Limpieza completada: 0 vencidos eliminados, 0 marcados vigente=false.
[2026-10-07 17:02:14] [CUPONS_ML] Cupones ML actualizados: 0 nuevos, 8 refrescados.
[2026-10-07 17:02:14] [CUPONS_ML] Total cupones en cupones.json: 78
[2026-10-07 17:02:14] [CUPONES] Fuente oficial ML refrescada: 8 cupón(es).
[2026-10-07 17:02:14] [CUPONES] Cupones NUEVOS detectados: 5 (TUDOEMPROMO, GARANTAMEUDESCONTO, BRINCADEIRASML, VIPNOML, PEGAESSAPROMO)
[2026-10-07 17:02:14] [CUPONES] Enlace de afiliado: meli.la (corto) -> https://achadinhosnozap.com.br/go/34en4m/
[2026-10-07 17:02:14] [CUPONES] Se corta aquí: tope por hora alcanzado (3).
[2026-10-07 17:02:14] [CUPONES] Fin. Cupones publicados en esta pasada: 0
[2026-10-07 17:11:15] [CUPONS_ML] Consultando página oficial https://www.mercadolivre.com.br/cupons (Cookie presente: True)...
[2026-10-07 17:11:16] [CUPONS_ML] 51 código(s) inválidos descartados (blobs del estado interno de ML o fragmentos de texto).
[2026-10-07 17:11:16] [CUPONS_ML] Se extrajeron exitosamente 8 cupones de ML Oficial.
[2026-10-07 17:11:16] [CUPONS_ML] Limpieza completada: 0 vencidos eliminados, 0 marcados vigente=false.
[2026-10-07 17:11:16] [CUPONS_ML] Cupones ML actualizados: 0 nuevos, 8 refrescados.
[2026-10-07 17:11:16] [CUPONS_ML] Total cupones en cupones.json: 78
[2026-10-07 17:11:16] [CUPONES] Fuente oficial ML refrescada: 8 cupón(es).
[2026-10-07 17:11:16] [CUPONES] Cupones NUEVOS detectados: 5 (TUDOEMPROMO, GARANTAMEUDESCONTO, BRINCADEIRASML, VIPNOML, PEGAESSAPROMO)
[2026-10-07 17:11:16] [CUPONES] Enlace de afiliado: meli.la (corto) -> https://achadinhosnozap.com.br/go/34en4m/
[2026-10-07 17:11:16] [CUPONES] Se corta aquí: tope por hora alcanzado (3).
[2026-10-07 17:11:16] [CUPONES] Fin. Cupones publicados en esta pasada: 0
[2026-10-07 17:16:49] [CUPONS_ML] Consultando página oficial https://www.mercadolivre.com.br/cupons (Cookie presente: True)...
[2026-10-07 17:16:50] [CUPONS_ML] 51 código(s) inválidos descartados (blobs del estado interno de ML o fragmentos de texto).
[2026-10-07 17:16:50] [CUPONS_ML] Se extrajeron exitosamente 8 cupones de ML Oficial.
[2026-10-07 17:16:50] [CUPONS_ML] Limpieza completada: 0 vencidos eliminados, 0 marcados vigente=false.
[2026-10-07 17:16:50] [CUPONS_ML] Cupones ML actualizados: 0 nuevos, 8 refrescados.
[2026-10-07 17:16:50] [CUPONS_ML] Total cupones en cupones.json: 78
[2026-10-07 17:16:50] [CUPONES] Fuente oficial ML refrescada: 8 cupón(es).
[2026-10-07 17:16:50] [CUPONES] Cupones NUEVOS detectados: 5 (TUDOEMPROMO, GARANTAMEUDESCONTO, BRINCADEIRASML, VIPNOML, PEGAESSAPROMO)
[2026-10-07 17:16:50] [CUPONES] Enlace de afiliado: meli.la (corto) -> https://achadinhosnozap.com.br/go/34en4m/
[2026-10-07 17:16:50] [CUPONES] Se corta aquí: tope por hora alcanzado (3).
[2026-10-07 17:16:50] [CUPONES] Fin. Cupones publicados en esta pasada: 0
[2026-10-07 17:25:29] [CUPONS_ML] Consultando página oficial https://www.mercadolivre.com.br/cupons (Cookie presente: True)...
[2026-10-07 17:25:30] [CUPONS_ML] 54 código(s) inválidos descartados (blobs del estado interno de ML o fragmentos de texto).
[2026-10-07 17:25:30] [CUPONS_ML] Se extrajeron exitosamente 8 cupones de ML Oficial.
[2026-10-07 17:25:30] [CUPONS_ML] Limpieza completada: 0 vencidos eliminados, 0 marcados vigente=false.
[2026-10-07 17:25:30] [CUPONS_ML] Cupones ML actualizados: 0 nuevos, 8 refrescados.
[2026-10-07 17:25:30] [CUPONS_ML] Total cupones en cupones.json: 78
[2026-10-07 17:25:30] [CUPONES] Fuente oficial ML refrescada: 8 cupón(es).
[2026-10-07 17:25:30] [CUPONES] Cupones NUEVOS detectados: 5 (TUDOEMPROMO, GARANTAMEUDESCONTO, BRINCADEIRASML, VIPNOML, PEGAESSAPROMO)
[2026-10-07 17:25:30] [CUPONES] Enlace de afiliado: meli.la (corto) -> https://achadinhosnozap.com.br/go/34en4m/
[2026-10-07 17:25:30] [CUPONES] Se corta aquí: tope por hora alcanzado (3).
[2026-10-07 17:25:30] [CUPONES] Fin. Cupones publicados en esta pasada: 0
[2026-10-07 17:31:14] [CUPONS_ML] Consultando página oficial https://www.mercadolivre.com.br/cupons (Cookie presente: True)...
[2026-10-07 17:31:14] [CUPONS_ML] 57 código(s) inválidos descartados (blobs del estado interno de ML o fragmentos de texto).
[2026-10-07 17:31:14] [CUPONS_ML] Se extrajeron exitosamente 7 cupones de ML Oficial.
[2026-10-07 17:31:14] [CUPONS_ML] Limpieza completada: 0 vencidos eliminados, 0 marcados vigente=false.
[2026-10-07 17:31:14] [CUPONS_ML] Cupones ML actualizados: 0 nuevos, 7 refrescados.
[2026-10-07 17:31:14] [CUPONS_ML] Total cupones en cupones.json: 78
[2026-10-07 17:31:14] [CUPONES] Fuente oficial ML refrescada: 7 cupón(es).
[2026-10-07 17:31:14] [CUPONES] Cupones NUEVOS detectados: 5 (TUDOEMPROMO, GARANTAMEUDESCONTO, BRINCADEIRASML, VIPNOML, PEGAESSAPROMO)
[2026-10-07 17:31:14] [CUPONES] Enlace de afiliado: meli.la (corto) -> https://achadinhosnozap.com.br/go/34en4m/
[2026-10-07 17:31:14] [CUPONES] Se corta aquí: tope por hora alcanzado (3).
[2026-10-07 17:31:14] [CUPONES] Fin. Cupones publicados en esta pasada: 0
[2026-10-07 17:40:58] [CUPONS_ML] Consultando página oficial https://www.mercadolivre.com.br/cupons (Cookie presente: True)...
[2026-10-07 17:40:59] [CUPONS_ML] 54 código(s) inválidos descartados (blobs del estado interno de ML o fragmentos de texto).
[2026-10-07 17:40:59] [CUPONS_ML] Se extrajeron exitosamente 7 cupones de ML Oficial.
[2026-10-07 17:40:59] [CUPONS_ML] Limpieza completada: 0 vencidos eliminados, 0 marcados vigente=false.
[2026-10-07 17:40:59] [CUPONS_ML] Cupones ML actualizados: 0 nuevos, 7 refrescados.
[2026-10-07 17:40:59] [CUPONS_ML] Total cupones en cupones.json: 78
[2026-10-07 17:40:59] [CUPONES] Fuente oficial ML refrescada: 7 cupón(es).
[2026-10-07 17:40:59] [CUPONES] Cupones NUEVOS detectados: 5 (TUDOEMPROMO, GARANTAMEUDESCONTO, BRINCADEIRASML, VIPNOML, PEGAESSAPROMO)
[2026-10-07 17:40:59] [CUPONES] Enlace de afiliado: meli.la (corto) -> https://achadinhosnozap.com.br/go/34en4m/
[2026-10-07 17:41:00] [CUPONES] ✅ Publicado cupón TUDOEMPROMO (detectado -> publicado: 270.1 min)
[2026-10-07 17:41:00] [CUPONES] Se corta aquí: tope por hora alcanzado (3).
[2026-10-07 17:41:00] [CUPONES] Fin. Cupones publicados en esta pasada: 1
[2026-10-07 17:47:59] [CUPONS_ML] Consultando página oficial https://www.mercadolivre.com.br/cupons (Cookie presente: True)...
[2026-10-07 17:48:00] [CUPONS_ML] 54 código(s) inválidos descartados (blobs del estado interno de ML o fragmentos de texto).
[2026-10-07 17:48:00] [CUPONS_ML] Se extrajeron exitosamente 7 cupones de ML Oficial.
[2026-10-07 17:48:00] [CUPONS_ML] Limpieza completada: 0 vencidos eliminados, 0 marcados vigente=false.
[2026-10-07 17:48:00] [CUPONS_ML] Cupones ML actualizados: 0 nuevos, 7 refrescados.
[2026-10-07 17:48:00] [CUPONS_ML] Total cupones en cupones.json: 78
[2026-10-07 17:48:00] [CUPONES] Fuente oficial ML refrescada: 7 cupón(es).
[2026-10-07 17:48:00] [CUPONES] Cupones NUEVOS detectados: 4 (GARANTAMEUDESCONTO, BRINCADEIRASML, VIPNOML, PEGAESSAPROMO)
[2026-10-07 17:48:00] [CUPONES] Enlace de afiliado: meli.la (corto) -> https://achadinhosnozap.com.br/go/34en4m/
[2026-10-07 17:48:02] [CUPONES] ✅ Publicado cupón GARANTAMEUDESCONTO (detectado -> publicado: 277.1 min)
[2026-10-07 17:48:02] [CUPONES] Se corta aquí: tope por hora alcanzado (3).
[2026-10-07 17:48:02] [CUPONES] Fin. Cupones publicados en esta pasada: 1
[2026-10-07 17:56:23] [CUPONS_ML] Consultando página oficial https://www.mercadolivre.com.br/cupons (Cookie presente: True)...
[2026-10-07 17:56:23] [CUPONS_ML] 57 código(s) inválidos descartados (blobs del estado interno de ML o fragmentos de texto).
[2026-10-07 17:56:23] [CUPONS_ML] Se extrajeron exitosamente 7 cupones de ML Oficial.
[2026-10-07 17:56:23] [CUPONS_ML] Limpieza completada: 0 vencidos eliminados, 0 marcados vigente=false.
[2026-10-07 17:56:23] [CUPONS_ML] Cupones ML actualizados: 0 nuevos, 7 refrescados.
[2026-10-07 17:56:23] [CUPONS_ML] Total cupones en cupones.json: 78
[2026-10-07 17:56:23] [CUPONES] Fuente oficial ML refrescada: 7 cupón(es).
[2026-10-07 17:56:23] [CUPONES] Cupones NUEVOS detectados: 3 (BRINCADEIRASML, VIPNOML, PEGAESSAPROMO)
[2026-10-07 17:56:23] [CUPONES] Enlace de afiliado: meli.la (corto) -> https://achadinhosnozap.com.br/go/34en4m/
[2026-10-07 17:56:25] [CUPONES] ✅ Publicado cupón BRINCADEIRASML (detectado -> publicado: 296.2 min)
[2026-10-07 17:56:25] [CUPONES] Se corta aquí: tope por hora alcanzado (3).
[2026-10-07 17:56:25] [CUPONES] Fin. Cupones publicados en esta pasada: 1
[2026-10-07 18:04:46] [CUPONS_ML] Consultando página oficial https://www.mercadolivre.com.br/cupons (Cookie presente: True)...
[2026-10-07 18:04:46] [CUPONS_ML] 57 código(s) inválidos descartados (blobs del estado interno de ML o fragmentos de texto).
[2026-10-07 18:04:46] [CUPONS_ML] Se extrajeron exitosamente 7 cupones de ML Oficial.
[2026-10-07 18:04:46] [CUPONS_ML] Limpieza completada: 0 vencidos eliminados, 0 marcados vigente=false.
[2026-10-07 18:04:46] [CUPONS_ML] Cupones ML actualizados: 0 nuevos, 7 refrescados.
[2026-10-07 18:04:46] [CUPONS_ML] Total cupones en cupones.json: 78
[2026-10-07 18:04:46] [CUPONES] Fuente oficial ML refrescada: 7 cupón(es).
[2026-10-07 18:04:46] [CUPONES] Cupones NUEVOS detectados: 2 (VIPNOML, PEGAESSAPROMO)
[2026-10-07 18:04:46] [CUPONES] Enlace de afiliado: meli.la (corto) -> https://achadinhosnozap.com.br/go/34en4m/
[2026-10-07 18:04:46] [CUPONES] Se corta aquí: tope por hora alcanzado (3).
[2026-10-07 18:04:46] [CUPONES] Fin. Cupones publicados en esta pasada: 0
[2026-10-07 18:12:14] [CUPONS_ML] Consultando página oficial https://www.mercadolivre.com.br/cupons (Cookie presente: True)...
[2026-10-07 18:12:15] [CUPONS_ML] 57 código(s) inválidos descartados (blobs del estado interno de ML o fragmentos de texto).
[2026-10-07 18:12:15] [CUPONS_ML] Se extrajeron exitosamente 7 cupones de ML Oficial.
[2026-10-07 18:12:15] [CUPONS_ML] Limpieza completada: 0 vencidos eliminados, 0 marcados vigente=false.
[2026-10-07 18:12:15] [CUPONS_ML] Cupones ML actualizados: 0 nuevos, 7 refrescados.
[2026-10-07 18:12:15] [CUPONS_ML] Total cupones en cupones.json: 78
[2026-10-07 18:12:15] [CUPONES] Fuente oficial ML refrescada: 7 cupón(es).
[2026-10-07 18:12:15] [CUPONES] Cupones NUEVOS detectados: 2 (VIPNOML, PEGAESSAPROMO)
[2026-10-07 18:12:15] [CUPONES] Enlace de afiliado: meli.la (corto) -> https://achadinhosnozap.com.br/go/34en4m/
[2026-10-07 18:12:15] [CUPONES] Se corta aquí: tope por hora alcanzado (3).
[2026-10-07 18:12:15] [CUPONES] Fin. Cupones publicados en esta pasada: 0
[2026-10-07 18:18:23] [CUPONS_ML] Consultando página oficial https://www.mercadolivre.com.br/cupons (Cookie presente: True)...
[2026-10-07 18:18:24] [CUPONS_ML] 57 código(s) inválidos descartados (blobs del estado interno de ML o fragmentos de texto).
[2026-10-07 18:18:24] [CUPONS_ML] Se extrajeron exitosamente 7 cupones de ML Oficial.
[2026-10-07 18:18:24] [CUPONS_ML] Limpieza completada: 0 vencidos eliminados, 0 marcados vigente=false.
[2026-10-07 18:18:24] [CUPONS_ML] Cupones ML actualizados: 0 nuevos, 7 refrescados.
[2026-10-07 18:18:24] [CUPONS_ML] Total cupones en cupones.json: 78
[2026-10-07 18:18:24] [CUPONES] Fuente oficial ML refrescada: 7 cupón(es).
[2026-10-07 18:18:24] [CUPONES] Cupones NUEVOS detectados: 2 (VIPNOML, PEGAESSAPROMO)
[2026-10-07 18:18:24] [CUPONES] Enlace de afiliado: meli.la (corto) -> https://achadinhosnozap.com.br/go/34en4m/
[2026-10-07 18:18:24] [CUPONES] Se corta aquí: tope por hora alcanzado (3).
[2026-10-07 18:18:24] [CUPONES] Fin. Cupones publicados en esta pasada: 0
[2026-10-07 18:25:53] [CUPONS_ML] Consultando página oficial https://www.mercadolivre.com.br/cupons (Cookie presente: True)...
[2026-10-07 18:25:54] [CUPONS_ML] 54 código(s) inválidos descartados (blobs del estado interno de ML o fragmentos de texto).
[2026-10-07 18:25:54] [CUPONS_ML] Se extrajeron exitosamente 7 cupones de ML Oficial.
[2026-10-07 18:25:54] [CUPONS_ML] Limpieza completada: 0 vencidos eliminados, 0 marcados vigente=false.
[2026-10-07 18:25:54] [CUPONS_ML] Cupones ML actualizados: 0 nuevos, 7 refrescados.
[2026-10-07 18:25:54] [CUPONS_ML] Total cupones en cupones.json: 78
[2026-10-07 18:25:54] [CUPONES] Fuente oficial ML refrescada: 7 cupón(es).
[2026-10-07 18:25:54] [CUPONES] Cupones NUEVOS detectados: 2 (VIPNOML, PEGAESSAPROMO)
[2026-10-07 18:25:54] [CUPONES] Enlace de afiliado: meli.la (corto) -> https://achadinhosnozap.com.br/go/34en4m/
[2026-10-07 18:25:54] [CUPONES] Se corta aquí: tope por hora alcanzado (3).
[2026-10-07 18:25:54] [CUPONES] Fin. Cupones publicados en esta pasada: 0
[2026-10-07 18:35:43] [CUPONS_ML] Consultando página oficial https://www.mercadolivre.com.br/cupons (Cookie presente: True)...
[2026-10-07 18:35:44] [CUPONS_ML] 54 código(s) inválidos descartados (blobs del estado interno de ML o fragmentos de texto).
[2026-10-07 18:35:44] [CUPONS_ML] Se extrajeron exitosamente 7 cupones de ML Oficial.
[2026-10-07 18:35:44] [CUPONS_ML] Limpieza completada: 0 vencidos eliminados, 0 marcados vigente=false.
[2026-10-07 18:35:44] [CUPONS_ML] Cupones ML actualizados: 0 nuevos, 7 refrescados.
[2026-10-07 18:35:44] [CUPONS_ML] Total cupones en cupones.json: 78
[2026-10-07 18:35:44] [CUPONES] Fuente oficial ML refrescada: 7 cupón(es).
[2026-10-07 18:35:44] [CUPONES] Cupones NUEVOS detectados: 2 (VIPNOML, PEGAESSAPROMO)
[2026-10-07 18:35:44] [CUPONES] Enlace de afiliado: meli.la (corto) -> https://achadinhosnozap.com.br/go/34en4m/
[2026-10-07 18:35:44] [CUPONES] Se corta aquí: tope por hora alcanzado (3).
[2026-10-07 18:35:44] [CUPONES] Fin. Cupones publicados en esta pasada: 0
[2026-10-07 18:42:37] [CUPONS_ML] Consultando página oficial https://www.mercadolivre.com.br/cupons (Cookie presente: True)...
[2026-10-07 18:42:38] [CUPONS_ML] 54 código(s) inválidos descartados (blobs del estado interno de ML o fragmentos de texto).
[2026-10-07 18:42:38] [CUPONS_ML] Se extrajeron exitosamente 7 cupones de ML Oficial.
[2026-10-07 18:42:38] [CUPONS_ML] Limpieza completada: 0 vencidos eliminados, 0 marcados vigente=false.
[2026-10-07 18:42:38] [CUPONS_ML] Cupones ML actualizados: 0 nuevos, 7 refrescados.
[2026-10-07 18:42:38] [CUPONS_ML] Total cupones en cupones.json: 78
[2026-10-07 18:42:38] [CUPONES] Fuente oficial ML refrescada: 7 cupón(es).
[2026-10-07 18:42:38] [CUPONES] Cupones NUEVOS detectados: 2 (VIPNOML, PEGAESSAPROMO)
[2026-10-07 18:42:38] [CUPONES] Enlace de afiliado: meli.la (corto) -> https://achadinhosnozap.com.br/go/34en4m/
[2026-10-07 18:42:39] [CUPONES] ✅ Publicado cupón VIPNOML (detectado -> publicado: 342.5 min)
[2026-10-07 18:42:39] [CUPONES] Se corta aquí: tope por hora alcanzado (3).
[2026-10-07 18:42:39] [CUPONES] Fin. Cupones publicados en esta pasada: 1
[2026-10-07 18:54:14] [CUPONS_ML] Consultando página oficial https://www.mercadolivre.com.br/cupons (Cookie presente: True)...
[2026-10-07 18:54:14] [CUPONS_ML] 54 código(s) inválidos descartados (blobs del estado interno de ML o fragmentos de texto).
[2026-10-07 18:54:14] [CUPONS_ML] Se extrajeron exitosamente 7 cupones de ML Oficial.
[2026-10-07 18:54:14] [CUPONS_ML] Limpieza completada: 0 vencidos eliminados, 0 marcados vigente=false.
[2026-10-07 18:54:14] [CUPONS_ML] Cupones ML actualizados: 0 nuevos, 7 refrescados.
[2026-10-07 18:54:14] [CUPONS_ML] Total cupones en cupones.json: 78
[2026-10-07 18:54:14] [CUPONES] Fuente oficial ML refrescada: 7 cupón(es).
[2026-10-07 18:54:14] [CUPONES] Cupones NUEVOS detectados: 1 (PEGAESSAPROMO)
[2026-10-07 18:54:14] [CUPONES] Enlace de afiliado: meli.la (corto) -> https://achadinhosnozap.com.br/go/34en4m/
[2026-10-07 18:54:16] [CUPONES] ✅ Publicado cupón PEGAESSAPROMO (detectado -> publicado: 354.1 min)
[2026-10-07 18:54:16] [CUPONES] Fin. Cupones publicados en esta pasada: 1
[2026-10-07 19:04:18] [CUPONS_ML] Consultando página oficial https://www.mercadolivre.com.br/cupons (Cookie presente: True)...
[2026-10-07 19:04:19] [CUPONS_ML] 54 código(s) inválidos descartados (blobs del estado interno de ML o fragmentos de texto).
[2026-10-07 19:04:19] [CUPONS_ML] Se extrajeron exitosamente 7 cupones de ML Oficial.
[2026-10-07 19:04:19] [CUPONS_ML] Limpieza completada: 0 vencidos eliminados, 0 marcados vigente=false.
[2026-10-07 19:04:19] [CUPONS_ML] Cupones ML actualizados: 0 nuevos, 7 refrescados.
[2026-10-07 19:04:19] [CUPONS_ML] Total cupones en cupones.json: 78
[2026-10-07 19:04:19] [CUPONES] Fuente oficial ML refrescada: 7 cupón(es).
[2026-10-07 19:04:19] [CUPONES] Sin cupones nuevos (78 códigos ya vistos).
[2026-10-07 19:12:45] [CUPONS_ML] Consultando página oficial https://www.mercadolivre.com.br/cupons (Cookie presente: True)...
[2026-10-07 19:12:45] [CUPONS_ML] 54 código(s) inválidos descartados (blobs del estado interno de ML o fragmentos de texto).
[2026-10-07 19:12:45] [CUPONS_ML] Se extrajeron exitosamente 7 cupones de ML Oficial.
[2026-10-07 19:12:45] [CUPONS_ML] Limpieza completada: 0 vencidos eliminados, 0 marcados vigente=false.
[2026-10-07 19:12:45] [CUPONS_ML] Cupones ML actualizados: 0 nuevos, 7 refrescados.
[2026-10-07 19:12:45] [CUPONS_ML] Total cupones en cupones.json: 78
[2026-10-07 19:12:45] [CUPONES] Fuente oficial ML refrescada: 7 cupón(es).
[2026-10-07 19:12:45] [CUPONES] Sin cupones nuevos (78 códigos ya vistos).
[2026-10-07 19:20:21] [CUPONS_ML] Consultando página oficial https://www.mercadolivre.com.br/cupons (Cookie presente: True)...
[2026-10-07 19:20:22] [CUPONS_ML] 54 código(s) inválidos descartados (blobs del estado interno de ML o fragmentos de texto).
[2026-10-07 19:20:22] [CUPONS_ML] Se extrajeron exitosamente 7 cupones de ML Oficial.
[2026-10-07 19:20:22] [CUPONS_ML] Limpieza completada: 0 vencidos eliminados, 0 marcados vigente=false.
[2026-10-07 19:20:22] [CUPONS_ML] Cupones ML actualizados: 0 nuevos, 7 refrescados.
[2026-10-07 19:20:22] [CUPONS_ML] Total cupones en cupones.json: 78
[2026-10-07 19:20:22] [CUPONES] Fuente oficial ML refrescada: 7 cupón(es).
[2026-10-07 19:20:22] [CUPONES] Sin cupones nuevos (78 códigos ya vistos).
[2026-10-07 19:27:32] [CUPONS_ML] Consultando página oficial https://www.mercadolivre.com.br/cupons (Cookie presente: True)...
[2026-10-07 19:27:33] [CUPONS_ML] 57 código(s) inválidos descartados (blobs del estado interno de ML o fragmentos de texto).
[2026-10-07 19:27:33] [CUPONS_ML] Se extrajeron exitosamente 7 cupones de ML Oficial.
[2026-10-07 19:27:33] [CUPONS_ML] Limpieza completada: 0 vencidos eliminados, 0 marcados vigente=false.
[2026-10-07 19:27:33] [CUPONS_ML] Cupones ML actualizados: 0 nuevos, 7 refrescados.
[2026-10-07 19:27:33] [CUPONS_ML] Total cupones en cupones.json: 78
[2026-10-07 19:27:33] [CUPONES] Fuente oficial ML refrescada: 7 cupón(es).
[2026-10-07 19:27:33] [CUPONES] Sin cupones nuevos (78 códigos ya vistos).
[2026-10-07 19:36:13] [CUPONS_ML] Consultando página oficial https://www.mercadolivre.com.br/cupons (Cookie presente: True)...
[2026-10-07 19:36:14] [CUPONS_ML] 57 código(s) inválidos descartados (blobs del estado interno de ML o fragmentos de texto).
[2026-10-07 19:36:14] [CUPONS_ML] Se extrajeron exitosamente 7 cupones de ML Oficial.
[2026-10-07 19:36:14] [CUPONS_ML] Limpieza completada: 0 vencidos eliminados, 0 marcados vigente=false.
[2026-10-07 19:36:14] [CUPONS_ML] Cupones ML actualizados: 0 nuevos, 7 refrescados.
[2026-10-07 19:36:14] [CUPONS_ML] Total cupones en cupones.json: 78
[2026-10-07 19:36:14] [CUPONES] Fuente oficial ML refrescada: 7 cupón(es).
[2026-10-07 19:36:14] [CUPONES] Sin cupones nuevos (78 códigos ya vistos).
[2026-10-07 19:47:08] [CUPONS_ML] Consultando página oficial https://www.mercadolivre.com.br/cupons (Cookie presente: True)...
[2026-10-07 19:47:09] [CUPONS_ML] 60 código(s) inválidos descartados (blobs del estado interno de ML o fragmentos de texto).
[2026-10-07 19:47:09] [CUPONS_ML] Se extrajeron exitosamente 7 cupones de ML Oficial.
[2026-10-07 19:47:09] [CUPONS_ML] Limpieza completada: 0 vencidos eliminados, 0 marcados vigente=false.
[2026-10-07 19:47:09] [CUPONS_ML] Cupones ML actualizados: 0 nuevos, 7 refrescados.
[2026-10-07 19:47:09] [CUPONS_ML] Total cupones en cupones.json: 78
[2026-10-07 19:47:09] [CUPONES] Fuente oficial ML refrescada: 7 cupón(es).
[2026-10-07 19:47:09] [CUPONES] Sin cupones nuevos (78 códigos ya vistos).
[2026-10-07 19:57:14] [CUPONS_ML] Consultando página oficial https://www.mercadolivre.com.br/cupons (Cookie presente: True)...
[2026-10-07 19:57:14] [CUPONS_ML] 60 código(s) inválidos descartados (blobs del estado interno de ML o fragmentos de texto).
[2026-10-07 19:57:14] [CUPONS_ML] Se extrajeron exitosamente 7 cupones de ML Oficial.
[2026-10-07 19:57:14] [CUPONS_ML] Limpieza completada: 0 vencidos eliminados, 0 marcados vigente=false.
[2026-10-07 19:57:14] [CUPONS_ML] Cupones ML actualizados: 0 nuevos, 7 refrescados.
[2026-10-07 19:57:14] [CUPONS_ML] Total cupones en cupones.json: 78
[2026-10-07 19:57:14] [CUPONES] Fuente oficial ML refrescada: 7 cupón(es).
[2026-10-07 19:57:14] [CUPONES] Sin cupones nuevos (78 códigos ya vistos).
[2026-10-07 20:07:00] [CUPONS_ML] Consultando página oficial https://www.mercadolivre.com.br/cupons (Cookie presente: True)...
[2026-10-07 20:07:00] [CUPONS_ML] 60 código(s) inválidos descartados (blobs del estado interno de ML o fragmentos de texto).
[2026-10-07 20:07:00] [CUPONS_ML] Se extrajeron exitosamente 7 cupones de ML Oficial.
[2026-10-07 20:07:00] [CUPONS_ML] Limpieza completada: 0 vencidos eliminados, 0 marcados vigente=false.
[2026-10-07 20:07:00] [CUPONS_ML] Cupones ML actualizados: 0 nuevos, 7 refrescados.
[2026-10-07 20:07:00] [CUPONS_ML] Total cupones en cupones.json: 78
[2026-10-07 20:07:00] [CUPONES] Fuente oficial ML refrescada: 7 cupón(es).
[2026-10-07 20:07:00] [CUPONES] Sin cupones nuevos (78 códigos ya vistos).
[2026-10-07 20:14:12] [CUPONS_ML] Consultando página oficial https://www.mercadolivre.com.br/cupons (Cookie presente: True)...
[2026-10-07 20:14:13] [CUPONS_ML] 60 código(s) inválidos descartados (blobs del estado interno de ML o fragmentos de texto).
[2026-10-07 20:14:13] [CUPONS_ML] Se extrajeron exitosamente 7 cupones de ML Oficial.
[2026-10-07 20:14:13] [CUPONS_ML] Limpieza completada: 0 vencidos eliminados, 0 marcados vigente=false.
[2026-10-07 20:14:13] [CUPONS_ML] Cupones ML actualizados: 0 nuevos, 7 refrescados.
[2026-10-07 20:14:13] [CUPONS_ML] Total cupones en cupones.json: 78
[2026-10-07 20:14:13] [CUPONES] Fuente oficial ML refrescada: 7 cupón(es).
[2026-10-07 20:14:13] [CUPONES] Sin cupones nuevos (78 códigos ya vistos).
[2026-10-07 20:27:24] [CUPONS_ML] Consultando página oficial https://www.mercadolivre.com.br/cupons (Cookie presente: True)...
[2026-10-07 20:27:25] [CUPONS_ML] 60 código(s) inválidos descartados (blobs del estado interno de ML o fragmentos de texto).
[2026-10-07 20:27:25] [CUPONS_ML] Se extrajeron exitosamente 7 cupones de ML Oficial.
[2026-10-07 20:27:25] [CUPONS_ML] Limpieza completada: 0 vencidos eliminados, 0 marcados vigente=false.
[2026-10-07 20:27:25] [CUPONS_ML] Cupones ML actualizados: 0 nuevos, 7 refrescados.
[2026-10-07 20:27:25] [CUPONS_ML] Total cupones en cupones.json: 78
[2026-10-07 20:27:25] [CUPONES] Fuente oficial ML refrescada: 7 cupón(es).
[2026-10-07 20:27:25] [CUPONES] Sin cupones nuevos (78 códigos ya vistos).
[2026-10-07 20:37:25] [CUPONS_ML] Consultando página oficial https://www.mercadolivre.com.br/cupons (Cookie presente: True)...
[2026-10-07 20:37:26] [CUPONS_ML] 60 código(s) inválidos descartados (blobs del estado interno de ML o fragmentos de texto).
[2026-10-07 20:37:26] [CUPONS_ML] Se extrajeron exitosamente 7 cupones de ML Oficial.
[2026-10-07 20:37:26] [CUPONS_ML] Limpieza completada: 0 vencidos eliminados, 0 marcados vigente=false.
[2026-10-07 20:37:26] [CUPONS_ML] Cupones ML actualizados: 0 nuevos, 7 refrescados.
[2026-10-07 20:37:26] [CUPONS_ML] Total cupones en cupones.json: 78
[2026-10-07 20:37:26] [CUPONES] Fuente oficial ML refrescada: 7 cupón(es).
[2026-10-07 20:37:26] [CUPONES] Sin cupones nuevos (78 códigos ya vistos).
[2026-10-07 20:46:10] [CUPONS_ML] Consultando página oficial https://www.mercadolivre.com.br/cupons (Cookie presente: True)...
[2026-10-07 20:46:10] [CUPONS_ML] 60 código(s) inválidos descartados (blobs del estado interno de ML o fragmentos de texto).
[2026-10-07 20:46:10] [CUPONS_ML] Se extrajeron exitosamente 7 cupones de ML Oficial.
[2026-10-07 20:46:10] [CUPONS_ML] Limpieza completada: 0 vencidos eliminados, 0 marcados vigente=false.
[2026-10-07 20:46:10] [CUPONS_ML] Cupones ML actualizados: 0 nuevos, 7 refrescados.
[2026-10-07 20:46:10] [CUPONS_ML] Total cupones en cupones.json: 78
[2026-10-07 20:46:10] [CUPONES] Fuente oficial ML refrescada: 7 cupón(es).
[2026-10-07 20:46:10] [CUPONES] Sin cupones nuevos (78 códigos ya vistos).
[2026-10-07 20:55:58] [CUPONS_ML] Consultando página oficial https://www.mercadolivre.com.br/cupons (Cookie presente: True)...
[2026-10-07 20:55:59] [CUPONS_ML] 60 código(s) inválidos descartados (blobs del estado interno de ML o fragmentos de texto).
[2026-10-07 20:55:59] [CUPONS_ML] Se extrajeron exitosamente 7 cupones de ML Oficial.
[2026-10-07 20:55:59] [CUPONS_ML] Limpieza completada: 0 vencidos eliminados, 0 marcados vigente=false.
[2026-10-07 20:55:59] [CUPONS_ML] Cupones ML actualizados: 0 nuevos, 7 refrescados.
[2026-10-07 20:55:59] [CUPONS_ML] Total cupones en cupones.json: 78
[2026-10-07 20:55:59] [CUPONES] Fuente oficial ML refrescada: 7 cupón(es).
[2026-10-07 20:55:59] [CUPONES] Sin cupones nuevos (78 códigos ya vistos).
[2026-10-07 21:05:49] [CUPONS_ML] Consultando página oficial https://www.mercadolivre.com.br/cupons (Cookie presente: True)...
[2026-10-07 21:05:50] [CUPONS_ML] 60 código(s) inválidos descartados (blobs del estado interno de ML o fragmentos de texto).
[2026-10-07 21:05:50] [CUPONS_ML] Se extrajeron exitosamente 7 cupones de ML Oficial.
[2026-10-07 21:05:50] [CUPONS_ML] Limpieza completada: 0 vencidos eliminados, 0 marcados vigente=false.
[2026-10-07 21:05:50] [CUPONS_ML] Cupones ML actualizados: 0 nuevos, 7 refrescados.
[2026-10-07 21:05:50] [CUPONS_ML] Total cupones en cupones.json: 78
[2026-10-07 21:05:50] [CUPONES] Fuente oficial ML refrescada: 7 cupón(es).
[2026-10-07 21:05:50] [CUPONES] Sin cupones nuevos (78 códigos ya vistos).
[2026-10-07 21:15:22] [CUPONS_ML] Consultando página oficial https://www.mercadolivre.com.br/cupons (Cookie presente: True)...
[2026-10-07 21:15:22] [CUPONS_ML] 57 código(s) inválidos descartados (blobs del estado interno de ML o fragmentos de texto).
[2026-10-07 21:15:22] [CUPONS_ML] Se extrajeron exitosamente 7 cupones de ML Oficial.
[2026-10-07 21:15:22] [CUPONS_ML] Limpieza completada: 0 vencidos eliminados, 0 marcados vigente=false.
[2026-10-07 21:15:22] [CUPONS_ML] Cupones ML actualizados: 0 nuevos, 7 refrescados.
[2026-10-07 21:15:22] [CUPONS_ML] Total cupones en cupones.json: 78
[2026-10-07 21:15:22] [CUPONES] Fuente oficial ML refrescada: 7 cupón(es).
[2026-10-07 21:15:22] [CUPONES] Sin cupones nuevos (78 códigos ya vistos).
[2026-10-07 21:24:30] [CUPONS_ML] Consultando página oficial https://www.mercadolivre.com.br/cupons (Cookie presente: True)...
[2026-10-07 21:24:31] [CUPONS_ML] 60 código(s) inválidos descartados (blobs del estado interno de ML o fragmentos de texto).
[2026-10-07 21:24:31] [CUPONS_ML] Se extrajeron exitosamente 7 cupones de ML Oficial.
[2026-10-07 21:24:31] [CUPONS_ML] Limpieza completada: 0 vencidos eliminados, 0 marcados vigente=false.
[2026-10-07 21:24:31] [CUPONS_ML] Cupones ML actualizados: 0 nuevos, 7 refrescados.
[2026-10-07 21:24:31] [CUPONS_ML] Total cupones en cupones.json: 78
[2026-10-07 21:24:31] [CUPONES] Fuente oficial ML refrescada: 7 cupón(es).
[2026-10-07 21:24:31] [CUPONES] Sin cupones nuevos (78 códigos ya vistos).
[2026-10-07 21:33:00] [CUPONS_ML] Consultando página oficial https://www.mercadolivre.com.br/cupons (Cookie presente: True)...
[2026-10-07 21:33:01] [CUPONS_ML] 60 código(s) inválidos descartados (blobs del estado interno de ML o fragmentos de texto).
[2026-10-07 21:33:01] [CUPONS_ML] Se extrajeron exitosamente 7 cupones de ML Oficial.
[2026-10-07 21:33:01] [CUPONS_ML] Limpieza completada: 0 vencidos eliminados, 0 marcados vigente=false.
[2026-10-07 21:33:01] [CUPONS_ML] Cupones ML actualizados: 0 nuevos, 7 refrescados.
[2026-10-07 21:33:01] [CUPONS_ML] Total cupones en cupones.json: 78
[2026-10-07 21:33:01] [CUPONES] Fuente oficial ML refrescada: 7 cupón(es).
[2026-10-07 21:33:01] [CUPONES] Sin cupones nuevos (78 códigos ya vistos).
[2026-10-07 21:38:29] [CUPONS_ML] Consultando página oficial https://www.mercadolivre.com.br/cupons (Cookie presente: True)...
[2026-10-07 21:38:29] [CUPONS_ML] 60 código(s) inválidos descartados (blobs del estado interno de ML o fragmentos de texto).
[2026-10-07 21:38:29] [CUPONS_ML] Se extrajeron exitosamente 7 cupones de ML Oficial.
[2026-10-07 21:38:29] [CUPONS_ML] Limpieza completada: 0 vencidos eliminados, 0 marcados vigente=false.
[2026-10-07 21:38:29] [CUPONS_ML] Cupones ML actualizados: 0 nuevos, 7 refrescados.
[2026-10-07 21:38:29] [CUPONS_ML] Total cupones en cupones.json: 78
[2026-10-07 21:38:29] [CUPONES] Fuente oficial ML refrescada: 7 cupón(es).
[2026-10-07 21:38:29] [CUPONES] Sin cupones nuevos (78 códigos ya vistos).
[2026-10-07 21:45:38] [CUPONS_ML] Consultando página oficial https://www.mercadolivre.com.br/cupons (Cookie presente: True)...
[2026-10-07 21:45:39] [CUPONS_ML] 60 código(s) inválidos descartados (blobs del estado interno de ML o fragmentos de texto).
[2026-10-07 21:45:39] [CUPONS_ML] Se extrajeron exitosamente 7 cupones de ML Oficial.
[2026-10-07 21:45:39] [CUPONS_ML] Limpieza completada: 0 vencidos eliminados, 0 marcados vigente=false.
[2026-10-07 21:45:39] [CUPONS_ML] Cupones ML actualizados: 0 nuevos, 7 refrescados.
[2026-10-07 21:45:39] [CUPONS_ML] Total cupones en cupones.json: 78
[2026-10-07 21:45:39] [CUPONES] Fuente oficial ML refrescada: 7 cupón(es).
[2026-10-07 21:45:39] [CUPONES] Sin cupones nuevos (78 códigos ya vistos).
[2026-10-07 21:58:38] [CUPONS_ML] Consultando página oficial https://www.mercadolivre.com.br/cupons (Cookie presente: True)...
[2026-10-07 21:58:39] [CUPONS_ML] 63 código(s) inválidos descartados (blobs del estado interno de ML o fragmentos de texto).
[2026-10-07 21:58:39] [CUPONS_ML] Se extrajeron exitosamente 7 cupones de ML Oficial.
[2026-10-07 21:58:39] [CUPONS_ML] Limpieza completada: 0 vencidos eliminados, 0 marcados vigente=false.
[2026-10-07 21:58:39] [CUPONS_ML] Cupones ML actualizados: 0 nuevos, 7 refrescados.
[2026-10-07 21:58:39] [CUPONS_ML] Total cupones en cupones.json: 78
[2026-10-07 21:58:39] [CUPONES] Fuente oficial ML refrescada: 7 cupón(es).
[2026-10-07 21:58:39] [CUPONES] Sin cupones nuevos (78 códigos ya vistos).
[2026-10-07 21:59:18] [CUPONS_ML] Consultando página oficial https://www.mercadolivre.com.br/cupons (Cookie presente: True)...
[2026-10-07 21:59:19] [CUPONS_ML] 63 código(s) inválidos descartados (blobs del estado interno de ML o fragmentos de texto).
[2026-10-07 21:59:19] [CUPONS_ML] Se extrajeron exitosamente 7 cupones de ML Oficial.
[2026-10-07 21:59:19] [CUPONS_ML] Limpieza completada: 0 vencidos eliminados, 0 marcados vigente=false.
[2026-10-07 21:59:19] [CUPONS_ML] Cupones ML actualizados: 0 nuevos, 7 refrescados.
[2026-10-07 21:59:19] [CUPONS_ML] Total cupones en cupones.json: 87
[2026-10-07 21:59:20] [PELANDO] Scraping Amazon (https://www.pelando.com.br/cupons-de-descontos/amazon)
[2026-10-07 21:59:24] [PELANDO]   Falha ao acessar Amazon
[2026-10-07 21:59:26] [PELANDO] Scraping KaBuM! (https://www.pelando.com.br/cupons-de-descontos/kabum)
[2026-10-07 21:59:30] [PELANDO]   Falha ao acessar KaBuM!
[2026-10-07 21:59:32] [PELANDO] Scraping Mercado Livre (https://www.pelando.com.br/cupons-de-descontos/mercado-livre)
[2026-10-07 21:59:36] [PELANDO]   Falha ao acessar Mercado Livre
[2026-10-07 21:59:38] [PELANDO] Scraping Shopee (https://www.pelando.com.br/cupons-de-descontos/shopee)
[2026-10-07 21:59:43] [PELANDO]   Falha ao acessar Shopee
[2026-10-07 21:59:45] [PELANDO] Scraping Magazine Luiza (https://www.pelando.com.br/cupons-de-descontos/magalu)
[2026-10-07 21:59:49] [PELANDO]   Falha ao acessar Magazine Luiza
[2026-10-07 21:59:51] [PELANDO] Scraping AliExpress (https://www.pelando.com.br/cupons-de-descontos/aliexpress)
[2026-10-07 21:59:55] [PELANDO]   Falha ao acessar AliExpress
[2026-10-07 21:59:57] [PELANDO] Scraping Pichau (https://www.pelando.com.br/cupons-de-descontos/pichau)
[2026-10-07 22:00:01] [PELANDO]   Falha ao acessar Pichau
[2026-10-07 22:00:03] [PELANDO] Scraping Terabyte Shop (https://www.pelando.com.br/cupons-de-descontos/terabyte)
[2026-10-07 22:00:07] [PELANDO]   Falha ao acessar Terabyte Shop
[2026-10-07 22:00:09] [PELANDO] Completado: 0 Pelando + 87 manuales = 87 total
[2026-10-07 22:00:09] [AGENTE-ML] Consultando scraping de ofertas en Mercado Livre...
[2026-10-07 22:00:46] [AGENTE-ML] Scraping ML: 310 ofertas obtenidas
[2026-10-07 22:00:46] [AGENTE-ML] Guardados 236 achados en achados_ml.json
[2026-10-07 22:00:46] [AGENTE-AMAZON] Cosechando Bestsellers y ofertas de categorías Amazon...
[2026-10-07 22:01:52] [AGENTE-AMAZON] Amazon direct: 148 ofertas cosechadas | categorias OK 11/28 | HTTP {503: 17} | sin tarjetas 6
[2026-10-07 22:01:52] [AGENTE-AMAZON] Cosechando ofertas quentes de Amazon en Pelando...
[2026-10-07 22:01:52] [AGENTE-AMAZON] Pelando Amazon: HTTP 403
[2026-10-07 22:01:52] [AGENTE-AMAZON] Guardados 146 achados en achados_amazon.json
[2026-10-07 22:02:32] [AGENTE-AMAZON] Cosechando ofertas quentes de Amazon en Pelando...
[2026-10-07 22:02:32] [AGENTE-AMAZON] Amazon Pelando: 1 ofertas reales | descartadas: 2 campañas, 0 sin ficha, 1 sin precio legible, 1 duplicadas
[2026-10-07 22:02:32] [AGENTE-AMAZON] Cosechando ofertas quentes de Amazon en Pelando...
[2026-10-07 22:02:35] [AGENTE-AMAZON] Amazon Pelando: 0 ofertas reales | descartadas: 2 campañas, 0 sin ficha, 2 sin precio legible, 1 duplicadas
[2026-10-07 22:02:35] [AGENTE-AMAZON] Cosechando Bestsellers y ofertas de categorías Amazon...
[2026-10-07 22:02:37] [AGENTE-AMAZON] Amazon direct: 0 ofertas cosechadas | categorias OK 0/1 | HTTP {503: 1}
[2026-10-07 22:02:38] [CUPONS_ML] Consultando página oficial https://www.mercadolivre.com.br/cupons (Cookie presente: True)...
[2026-10-07 22:02:38] [CUPONS_ML] 63 código(s) inválidos descartados (blobs del estado interno de ML o fragmentos de texto).
[2026-10-07 22:02:38] [CUPONS_ML] Se extrajeron exitosamente 7 cupones de ML Oficial.
[2026-10-07 22:02:38] [CUPONS_ML] Limpieza completada: 0 vencidos eliminados, 0 marcados vigente=false.
[2026-10-07 22:02:38] [CUPONS_ML] Cupones ML actualizados: 0 nuevos, 7 refrescados.
[2026-10-07 22:02:38] [CUPONS_ML] Total cupones en cupones.json: 87
[2026-10-07 22:02:38] [CUPONES] Fuente oficial ML refrescada: 7 cupón(es).
[2026-10-07 22:02:38] [CUPONES] Cupones NUEVOS detectados: 9 (PINTADINHA20, QCABECA15, RIDE15, SPORTSINFANTIL, BRINQUE10, PELUCIAS10...)
[2026-10-07 22:02:38] [CUPONES] Enlace de afiliado: meli.la (corto) -> https://achadinhosnozap.com.br/go/34en4m/
[2026-10-07 22:02:40] [CUPONES] ✅ Publicado cupón PINTADINHA20 (detectado -> publicado: 149.8 min)
[2026-10-07 22:02:40] [CUPONES] Se corta aquí: último envío hace 0.0 min (< 3 min).
[2026-10-07 22:02:40] [CUPONES] Fin. Cupones publicados en esta pasada: 1
[2026-10-07 22:10:43] [CUPONS_ML] Consultando página oficial https://www.mercadolivre.com.br/cupons (Cookie presente: True)...
[2026-10-07 22:10:44] [CUPONS_ML] 63 código(s) inválidos descartados (blobs del estado interno de ML o fragmentos de texto).
[2026-10-07 22:10:44] [CUPONS_ML] Se extrajeron exitosamente 7 cupones de ML Oficial.
[2026-10-07 22:10:44] [CUPONS_ML] Limpieza completada: 0 vencidos eliminados, 0 marcados vigente=false.
[2026-10-07 22:10:44] [CUPONS_ML] Cupones ML actualizados: 0 nuevos, 7 refrescados.
[2026-10-07 22:10:44] [CUPONS_ML] Total cupones en cupones.json: 87
[2026-10-07 22:10:44] [CUPONES] Fuente oficial ML refrescada: 7 cupón(es).
[2026-10-07 22:10:44] [CUPONES] Cupones NUEVOS detectados: 8 (QCABECA15, RIDE15, SPORTSINFANTIL, BRINQUE10, PELUCIAS10, BONECAS10...)
[2026-10-07 22:10:44] [CUPONES] Enlace de afiliado: meli.la (corto) -> https://achadinhosnozap.com.br/go/34en4m/
[2026-10-07 22:10:45] [CUPONES] ✅ Publicado cupón QCABECA15 (detectado -> publicado: 157.9 min)
[2026-10-07 22:10:45] [CUPONES] Se corta aquí: último envío hace 0.0 min (< 3 min).
[2026-10-07 22:10:45] [CUPONES] Fin. Cupones publicados en esta pasada: 1
[2026-10-07 22:18:36] [CUPONS_ML] Consultando página oficial https://www.mercadolivre.com.br/cupons (Cookie presente: True)...
[2026-10-07 22:18:38] [CUPONS_ML] 63 código(s) inválidos descartados (blobs del estado interno de ML o fragmentos de texto).
[2026-10-07 22:18:38] [CUPONS_ML] Se extrajeron exitosamente 7 cupones de ML Oficial.
[2026-10-07 22:18:38] [CUPONS_ML] Limpieza completada: 0 vencidos eliminados, 0 marcados vigente=false.
[2026-10-07 22:18:38] [CUPONS_ML] Cupones ML actualizados: 0 nuevos, 7 refrescados.
[2026-10-07 22:18:38] [CUPONS_ML] Total cupones en cupones.json: 87
[2026-10-07 22:18:38] [CUPONES] Fuente oficial ML refrescada: 7 cupón(es).
[2026-10-07 22:18:38] [CUPONES] Cupones NUEVOS detectados: 7 (RIDE15, SPORTSINFANTIL, BRINQUE10, PELUCIAS10, BONECAS10, JOGOS10...)
[2026-10-07 22:18:38] [CUPONES] Enlace de afiliado: meli.la (corto) -> https://achadinhosnozap.com.br/go/34en4m/
[2026-10-07 22:18:39] [CUPONES] ✅ Publicado cupón RIDE15 (detectado -> publicado: 165.8 min)
[2026-10-07 22:18:39] [CUPONES] Se corta aquí: tope por hora alcanzado (3).
[2026-10-07 22:18:39] [CUPONES] Fin. Cupones publicados en esta pasada: 1
[2026-10-07 22:29:33] [CUPONS_ML] Consultando página oficial https://www.mercadolivre.com.br/cupons (Cookie presente: True)...
[2026-10-07 22:29:34] [CUPONS_ML] 63 código(s) inválidos descartados (blobs del estado interno de ML o fragmentos de texto).
[2026-10-07 22:29:34] [CUPONS_ML] Se extrajeron exitosamente 7 cupones de ML Oficial.
[2026-10-07 22:29:34] [CUPONS_ML] Limpieza completada: 0 vencidos eliminados, 0 marcados vigente=false.
[2026-10-07 22:29:34] [CUPONS_ML] Cupones ML actualizados: 0 nuevos, 7 refrescados.
[2026-10-07 22:29:34] [CUPONS_ML] Total cupones en cupones.json: 87
[2026-10-07 22:29:34] [CUPONES] Fuente oficial ML refrescada: 7 cupón(es).
[2026-10-07 22:29:34] [CUPONES] Cupones NUEVOS detectados: 6 (SPORTSINFANTIL, BRINQUE10, PELUCIAS10, BONECAS10, JOGOS10, COLECIONE10)
[2026-10-07 22:29:34] [CUPONES] Enlace de afiliado: meli.la (corto) -> https://achadinhosnozap.com.br/go/34en4m/
[2026-10-07 22:29:34] [CUPONES] Se corta aquí: tope por hora alcanzado (3).
[2026-10-07 22:29:34] [CUPONES] Fin. Cupones publicados en esta pasada: 0
[2026-10-07 22:41:02] [CUPONS_ML] Consultando página oficial https://www.mercadolivre.com.br/cupons (Cookie presente: True)...
[2026-10-07 22:41:03] [CUPONS_ML] 63 código(s) inválidos descartados (blobs del estado interno de ML o fragmentos de texto).
[2026-10-07 22:41:03] [CUPONS_ML] Se extrajeron exitosamente 7 cupones de ML Oficial.
[2026-10-07 22:41:03] [CUPONS_ML] Limpieza completada: 0 vencidos eliminados, 0 marcados vigente=false.
[2026-10-07 22:41:03] [CUPONS_ML] Cupones ML actualizados: 0 nuevos, 7 refrescados.
[2026-10-07 22:41:03] [CUPONS_ML] Total cupones en cupones.json: 87
[2026-10-07 22:41:03] [CUPONES] Fuente oficial ML refrescada: 7 cupón(es).
[2026-10-07 22:41:03] [CUPONES] Cupones NUEVOS detectados: 6 (SPORTSINFANTIL, BRINQUE10, PELUCIAS10, BONECAS10, JOGOS10, COLECIONE10)
[2026-10-07 22:41:03] [CUPONES] Enlace de afiliado: meli.la (corto) -> https://achadinhosnozap.com.br/go/34en4m/
[2026-10-07 22:41:03] [CUPONES] Se corta aquí: tope por hora alcanzado (3).
[2026-10-07 22:41:03] [CUPONES] Fin. Cupones publicados en esta pasada: 0
[2026-10-07 22:48:39] [CUPONS_ML] Consultando página oficial https://www.mercadolivre.com.br/cupons (Cookie presente: True)...
[2026-10-07 22:48:40] [CUPONS_ML] 63 código(s) inválidos descartados (blobs del estado interno de ML o fragmentos de texto).
[2026-10-07 22:48:40] [CUPONS_ML] Se extrajeron exitosamente 7 cupones de ML Oficial.
[2026-10-07 22:48:40] [CUPONS_ML] Limpieza completada: 0 vencidos eliminados, 0 marcados vigente=false.
[2026-10-07 22:48:40] [CUPONS_ML] Cupones ML actualizados: 0 nuevos, 7 refrescados.
[2026-10-07 22:48:40] [CUPONS_ML] Total cupones en cupones.json: 87
[2026-10-07 22:48:40] [CUPONES] Fuente oficial ML refrescada: 7 cupón(es).
[2026-10-07 22:48:40] [CUPONES] Cupones NUEVOS detectados: 6 (SPORTSINFANTIL, BRINQUE10, PELUCIAS10, BONECAS10, JOGOS10, COLECIONE10)
[2026-10-07 22:48:40] [CUPONES] Enlace de afiliado: meli.la (corto) -> https://achadinhosnozap.com.br/go/34en4m/
[2026-10-07 22:48:40] [CUPONES] Se corta aquí: tope por hora alcanzado (3).
[2026-10-07 22:48:40] [CUPONES] Fin. Cupones publicados en esta pasada: 0
[2026-10-07 22:58:25] [CUPONS_ML] Consultando página oficial https://www.mercadolivre.com.br/cupons (Cookie presente: True)...
[2026-10-07 22:58:26] [CUPONS_ML] 60 código(s) inválidos descartados (blobs del estado interno de ML o fragmentos de texto).
[2026-10-07 22:58:26] [CUPONS_ML] Se extrajeron exitosamente 7 cupones de ML Oficial.
[2026-10-07 22:58:26] [CUPONS_ML] Limpieza completada: 0 vencidos eliminados, 0 marcados vigente=false.
[2026-10-07 22:58:26] [CUPONS_ML] Cupones ML actualizados: 0 nuevos, 7 refrescados.
[2026-10-07 22:58:26] [CUPONS_ML] Total cupones en cupones.json: 87
[2026-10-07 22:58:26] [CUPONES] Fuente oficial ML refrescada: 7 cupón(es).
[2026-10-07 22:58:26] [CUPONES] Cupones NUEVOS detectados: 6 (SPORTSINFANTIL, BRINQUE10, PELUCIAS10, BONECAS10, JOGOS10, COLECIONE10)
[2026-10-07 22:58:26] [CUPONES] Enlace de afiliado: meli.la (corto) -> https://achadinhosnozap.com.br/go/34en4m/
[2026-10-07 22:58:26] [CUPONES] Se corta aquí: tope por hora alcanzado (3).
[2026-10-07 22:58:26] [CUPONES] Fin. Cupones publicados en esta pasada: 0
[2026-10-07 23:06:05] [CUPONS_ML] Consultando página oficial https://www.mercadolivre.com.br/cupons (Cookie presente: True)...
[2026-10-07 23:06:06] [CUPONS_ML] 60 código(s) inválidos descartados (blobs del estado interno de ML o fragmentos de texto).
[2026-10-07 23:06:06] [CUPONS_ML] Se extrajeron exitosamente 7 cupones de ML Oficial.
[2026-10-07 23:06:06] [CUPONS_ML] Limpieza completada: 0 vencidos eliminados, 0 marcados vigente=false.
[2026-10-07 23:06:06] [CUPONS_ML] Cupones ML actualizados: 0 nuevos, 7 refrescados.
[2026-10-07 23:06:06] [CUPONS_ML] Total cupones en cupones.json: 87
[2026-10-07 23:06:06] [CUPONES] Fuente oficial ML refrescada: 7 cupón(es).
[2026-10-07 23:06:06] [CUPONES] Cupones NUEVOS detectados: 6 (SPORTSINFANTIL, BRINQUE10, PELUCIAS10, BONECAS10, JOGOS10, COLECIONE10)
[2026-10-07 23:06:06] [CUPONES] Enlace de afiliado: meli.la (corto) -> https://achadinhosnozap.com.br/go/34en4m/
[2026-10-07 23:06:08] [CUPONES] ✅ Publicado cupón SPORTSINFANTIL (detectado -> publicado: 213.3 min)
[2026-10-07 23:06:08] [CUPONES] Se corta aquí: tope por hora alcanzado (3).
[2026-10-07 23:06:08] [CUPONES] Fin. Cupones publicados en esta pasada: 1
[2026-10-07 23:12:59] [CUPONS_ML] Consultando página oficial https://www.mercadolivre.com.br/cupons (Cookie presente: True)...
[2026-10-07 23:13:00] [CUPONS_ML] 60 código(s) inválidos descartados (blobs del estado interno de ML o fragmentos de texto).
[2026-10-07 23:13:00] [CUPONS_ML] Se extrajeron exitosamente 7 cupones de ML Oficial.
[2026-10-07 23:13:00] [CUPONS_ML] Limpieza completada: 0 vencidos eliminados, 0 marcados vigente=false.
[2026-10-07 23:13:00] [CUPONS_ML] Cupones ML actualizados: 0 nuevos, 7 refrescados.
[2026-10-07 23:13:00] [CUPONS_ML] Total cupones en cupones.json: 87
[2026-10-07 23:13:00] [CUPONES] Fuente oficial ML refrescada: 7 cupón(es).
[2026-10-07 23:13:00] [CUPONES] Cupones NUEVOS detectados: 5 (BRINQUE10, PELUCIAS10, BONECAS10, JOGOS10, COLECIONE10)
[2026-10-07 23:13:00] [CUPONES] Enlace de afiliado: meli.la (corto) -> https://achadinhosnozap.com.br/go/34en4m/
[2026-10-07 23:13:01] [CUPONES] ✅ Publicado cupón BRINQUE10 (detectado -> publicado: 220.2 min)
[2026-10-07 23:13:01] [CUPONES] Se corta aquí: tope por hora alcanzado (3).
[2026-10-07 23:13:01] [CUPONES] Fin. Cupones publicados en esta pasada: 1
[2026-10-07 23:18:19] [CUPONS_ML] Consultando página oficial https://www.mercadolivre.com.br/cupons (Cookie presente: True)...
[2026-10-07 23:18:21] [CUPONS_ML] 60 código(s) inválidos descartados (blobs del estado interno de ML o fragmentos de texto).
[2026-10-07 23:18:21] [CUPONS_ML] Se extrajeron exitosamente 7 cupones de ML Oficial.
[2026-10-07 23:18:21] [CUPONS_ML] Limpieza completada: 0 vencidos eliminados, 0 marcados vigente=false.
[2026-10-07 23:18:21] [CUPONS_ML] Cupones ML actualizados: 0 nuevos, 7 refrescados.
[2026-10-07 23:18:21] [CUPONS_ML] Total cupones en cupones.json: 87
[2026-10-07 23:18:21] [CUPONES] Fuente oficial ML refrescada: 7 cupón(es).
[2026-10-07 23:18:21] [CUPONES] Cupones NUEVOS detectados: 4 (PELUCIAS10, BONECAS10, JOGOS10, COLECIONE10)
[2026-10-07 23:18:21] [CUPONES] Enlace de afiliado: meli.la (corto) -> https://achadinhosnozap.com.br/go/34en4m/
[2026-10-07 23:18:21] [CUPONES] Se corta aquí: tope por hora alcanzado (3).
[2026-10-07 23:18:21] [CUPONES] Fin. Cupones publicados en esta pasada: 0
[2026-10-07 23:26:55] [CUPONS_ML] Consultando página oficial https://www.mercadolivre.com.br/cupons (Cookie presente: True)...
[2026-10-07 23:26:56] [CUPONS_ML] 60 código(s) inválidos descartados (blobs del estado interno de ML o fragmentos de texto).
[2026-10-07 23:26:56] [CUPONS_ML] Se extrajeron exitosamente 7 cupones de ML Oficial.
[2026-10-07 23:26:56] [CUPONS_ML] Limpieza completada: 0 vencidos eliminados, 0 marcados vigente=false.
[2026-10-07 23:26:56] [CUPONS_ML] Cupones ML actualizados: 0 nuevos, 7 refrescados.
[2026-10-07 23:26:56] [CUPONS_ML] Total cupones en cupones.json: 87
[2026-10-07 23:26:56] [CUPONES] Fuente oficial ML refrescada: 7 cupón(es).
[2026-10-07 23:26:56] [CUPONES] Cupones NUEVOS detectados: 4 (PELUCIAS10, BONECAS10, JOGOS10, COLECIONE10)
[2026-10-07 23:26:56] [CUPONES] Enlace de afiliado: meli.la (corto) -> https://achadinhosnozap.com.br/go/34en4m/
[2026-10-07 23:26:58] [CUPONES] ✅ Publicado cupón PELUCIAS10 (detectado -> publicado: 237.1 min)
[2026-10-07 23:26:58] [CUPONES] Se corta aquí: tope por hora alcanzado (3).
[2026-10-07 23:26:58] [CUPONES] Fin. Cupones publicados en esta pasada: 1
[2026-10-07 23:36:14] [CUPONS_ML] Consultando página oficial https://www.mercadolivre.com.br/cupons (Cookie presente: True)...
[2026-10-07 23:36:15] [CUPONS_ML] 60 código(s) inválidos descartados (blobs del estado interno de ML o fragmentos de texto).
[2026-10-07 23:36:15] [CUPONS_ML] Se extrajeron exitosamente 7 cupones de ML Oficial.
[2026-10-07 23:36:15] [CUPONS_ML] Limpieza completada: 0 vencidos eliminados, 0 marcados vigente=false.
[2026-10-07 23:36:15] [CUPONS_ML] Cupones ML actualizados: 0 nuevos, 7 refrescados.
[2026-10-07 23:36:15] [CUPONS_ML] Total cupones en cupones.json: 87
[2026-10-07 23:36:15] [CUPONES] Fuente oficial ML refrescada: 7 cupón(es).
[2026-10-07 23:36:15] [CUPONES] Cupones NUEVOS detectados: 3 (BONECAS10, JOGOS10, COLECIONE10)
[2026-10-07 23:36:15] [CUPONES] Enlace de afiliado: meli.la (corto) -> https://achadinhosnozap.com.br/go/34en4m/
[2026-10-07 23:36:15] [CUPONES] Se corta aquí: tope por hora alcanzado (3).
[2026-10-07 23:36:15] [CUPONES] Fin. Cupones publicados en esta pasada: 0
[2026-10-07 23:47:37] [CUPONS_ML] Consultando página oficial https://www.mercadolivre.com.br/cupons (Cookie presente: True)...
[2026-10-07 23:47:38] [CUPONS_ML] 60 código(s) inválidos descartados (blobs del estado interno de ML o fragmentos de texto).
[2026-10-07 23:47:38] [CUPONS_ML] Se extrajeron exitosamente 7 cupones de ML Oficial.
[2026-10-07 23:47:38] [CUPONS_ML] Limpieza completada: 0 vencidos eliminados, 0 marcados vigente=false.
[2026-10-07 23:47:38] [CUPONS_ML] Cupones ML actualizados: 0 nuevos, 7 refrescados.
[2026-10-07 23:47:38] [CUPONS_ML] Total cupones en cupones.json: 87
[2026-10-07 23:47:38] [CUPONES] Fuente oficial ML refrescada: 7 cupón(es).
[2026-10-07 23:47:38] [CUPONES] Cupones NUEVOS detectados: 3 (BONECAS10, JOGOS10, COLECIONE10)
[2026-10-07 23:47:38] [CUPONES] Enlace de afiliado: meli.la (corto) -> https://achadinhosnozap.com.br/go/34en4m/
[2026-10-07 23:47:38] [CUPONES] Se corta aquí: tope por hora alcanzado (3).
[2026-10-07 23:47:38] [CUPONES] Fin. Cupones publicados en esta pasada: 0
[2026-10-07 23:57:05] [CUPONS_ML] Consultando página oficial https://www.mercadolivre.com.br/cupons (Cookie presente: True)...
[2026-10-07 23:57:06] [CUPONS_ML] 63 código(s) inválidos descartados (blobs del estado interno de ML o fragmentos de texto).
[2026-10-07 23:57:06] [CUPONS_ML] Se extrajeron exitosamente 7 cupones de ML Oficial.
[2026-10-07 23:57:06] [CUPONS_ML] Limpieza completada: 0 vencidos eliminados, 0 marcados vigente=false.
[2026-10-07 23:57:06] [CUPONS_ML] Cupones ML actualizados: 0 nuevos, 7 refrescados.
[2026-10-07 23:57:06] [CUPONS_ML] Total cupones en cupones.json: 87
[2026-10-07 23:57:06] [CUPONES] Fuente oficial ML refrescada: 7 cupón(es).
[2026-10-07 23:57:06] [CUPONES] Cupones NUEVOS detectados: 3 (BONECAS10, JOGOS10, COLECIONE10)
[2026-10-07 23:57:06] [CUPONES] Enlace de afiliado: meli.la (corto) -> https://achadinhosnozap.com.br/go/34en4m/
[2026-10-07 23:57:06] [CUPONES] Se corta aquí: tope por hora alcanzado (3).
[2026-10-07 23:57:06] [CUPONES] Fin. Cupones publicados en esta pasada: 0
[2026-10-08 00:05:23] [CUPONS_ML] Consultando página oficial https://www.mercadolivre.com.br/cupons (Cookie presente: True)...
[2026-10-08 00:05:24] [CUPONS_ML] 63 código(s) inválidos descartados (blobs del estado interno de ML o fragmentos de texto).
[2026-10-08 00:05:24] [CUPONS_ML] Se extrajeron exitosamente 7 cupones de ML Oficial.
[2026-10-08 00:05:24] [CUPONS_ML] Limpieza completada: 2 vencidos eliminados, 0 marcados vigente=false.
[2026-10-08 00:05:24] [CUPONS_ML] Cupones ML actualizados: 0 nuevos, 7 refrescados.
[2026-10-08 00:05:24] [CUPONS_ML] Total cupones en cupones.json: 85
[2026-10-08 00:05:24] [CUPONES] Fuente oficial ML refrescada: 7 cupón(es).
[2026-10-08 00:05:24] [CUPONES] Cupones NUEVOS detectados: 3 (BONECAS10, JOGOS10, COLECIONE10)
[2026-10-08 00:05:24] [CUPONES] Enlace de afiliado: meli.la (corto) -> https://achadinhosnozap.com.br/go/34en4m/
[2026-10-08 00:05:24] [CUPONES] Se corta aquí: tope por hora alcanzado (3).
[2026-10-08 00:05:24] [CUPONES] Fin. Cupones publicados en esta pasada: 0
[2026-10-08 00:12:10] [CUPONS_ML] Consultando página oficial https://www.mercadolivre.com.br/cupons (Cookie presente: True)...
[2026-10-08 00:12:10] [CUPONS_ML] 63 código(s) inválidos descartados (blobs del estado interno de ML o fragmentos de texto).
[2026-10-08 00:12:10] [CUPONS_ML] Se extrajeron exitosamente 7 cupones de ML Oficial.
[2026-10-08 00:12:10] [CUPONS_ML] Limpieza completada: 0 vencidos eliminados, 0 marcados vigente=false.
[2026-10-08 00:12:10] [CUPONS_ML] Cupones ML actualizados: 0 nuevos, 7 refrescados.
[2026-10-08 00:12:10] [CUPONS_ML] Total cupones en cupones.json: 85
[2026-10-08 00:12:10] [CUPONES] Fuente oficial ML refrescada: 7 cupón(es).
[2026-10-08 00:12:10] [CUPONES] Cupones NUEVOS detectados: 3 (BONECAS10, JOGOS10, COLECIONE10)
[2026-10-08 00:12:10] [CUPONES] Enlace de afiliado: meli.la (corto) -> https://achadinhosnozap.com.br/go/34en4m/
[2026-10-08 00:12:10] [CUPONES] Se corta aquí: último envío hace 2.7 min (< 3 min).
[2026-10-08 00:12:10] [CUPONES] Fin. Cupones publicados en esta pasada: 0
[2026-10-08 00:21:58] [CUPONS_ML] Consultando página oficial https://www.mercadolivre.com.br/cupons (Cookie presente: True)...
[2026-10-08 00:21:59] [CUPONS_ML] 60 código(s) inválidos descartados (blobs del estado interno de ML o fragmentos de texto).
[2026-10-08 00:21:59] [CUPONS_ML] Se extrajeron exitosamente 7 cupones de ML Oficial.
[2026-10-08 00:21:59] [CUPONS_ML] Limpieza completada: 0 vencidos eliminados, 0 marcados vigente=false.
[2026-10-08 00:21:59] [CUPONS_ML] Cupones ML actualizados: 0 nuevos, 7 refrescados.
[2026-10-08 00:21:59] [CUPONS_ML] Total cupones en cupones.json: 85
[2026-10-08 00:21:59] [CUPONES] Fuente oficial ML refrescada: 7 cupón(es).
[2026-10-08 00:21:59] [CUPONES] Cupones NUEVOS detectados: 3 (BONECAS10, JOGOS10, COLECIONE10)
[2026-10-08 00:21:59] [CUPONES] Enlace de afiliado: meli.la (corto) -> https://achadinhosnozap.com.br/go/34en4m/
[2026-10-08 00:22:00] [CUPONES] ✅ Publicado cupón BONECAS10 (detectado -> publicado: 292.1 min)
[2026-10-08 00:22:00] [CUPONES] Se corta aquí: último envío hace 0.0 min (< 3 min).
[2026-10-08 00:22:00] [CUPONES] Fin. Cupones publicados en esta pasada: 1
[2026-10-08 00:27:29] [CUPONS_ML] Consultando página oficial https://www.mercadolivre.com.br/cupons (Cookie presente: True)...
[2026-10-08 00:27:30] [CUPONS_ML] 60 código(s) inválidos descartados (blobs del estado interno de ML o fragmentos de texto).
[2026-10-08 00:27:30] [CUPONS_ML] Se extrajeron exitosamente 7 cupones de ML Oficial.
[2026-10-08 00:27:30] [CUPONS_ML] Limpieza completada: 0 vencidos eliminados, 0 marcados vigente=false.
[2026-10-08 00:27:30] [CUPONS_ML] Cupones ML actualizados: 0 nuevos, 7 refrescados.
[2026-10-08 00:27:30] [CUPONS_ML] Total cupones en cupones.json: 85
[2026-10-08 00:27:30] [CUPONES] Fuente oficial ML refrescada: 7 cupón(es).
[2026-10-08 00:27:30] [CUPONES] Cupones NUEVOS detectados: 2 (JOGOS10, COLECIONE10)
[2026-10-08 00:27:30] [CUPONES] Enlace de afiliado: meli.la (corto) -> https://achadinhosnozap.com.br/go/34en4m/
[2026-10-08 00:27:32] [CUPONES] ✅ Publicado cupón JOGOS10 (detectado -> publicado: 297.6 min)
[2026-10-08 00:27:32] [CUPONES] Se corta aquí: último envío hace 0.0 min (< 3 min).
[2026-10-08 00:27:32] [CUPONES] Fin. Cupones publicados en esta pasada: 1
[2026-10-08 00:35:45] [CUPONS_ML] Consultando página oficial https://www.mercadolivre.com.br/cupons (Cookie presente: True)...
[2026-10-08 00:35:46] [CUPONS_ML] 60 código(s) inválidos descartados (blobs del estado interno de ML o fragmentos de texto).
[2026-10-08 00:35:46] [CUPONS_ML] Se extrajeron exitosamente 7 cupones de ML Oficial.
[2026-10-08 00:35:46] [CUPONS_ML] Limpieza completada: 0 vencidos eliminados, 0 marcados vigente=false.
[2026-10-08 00:35:46] [CUPONS_ML] Cupones ML actualizados: 0 nuevos, 7 refrescados.
[2026-10-08 00:35:46] [CUPONS_ML] Total cupones en cupones.json: 85
[2026-10-08 00:35:46] [CUPONES] Fuente oficial ML refrescada: 7 cupón(es).
[2026-10-08 00:35:46] [CUPONES] Cupones NUEVOS detectados: 1 (COLECIONE10)
[2026-10-08 00:35:46] [CUPONES] Enlace de afiliado: meli.la (corto) -> https://achadinhosnozap.com.br/go/34en4m/
[2026-10-08 00:35:47] [CUPONES] ✅ Publicado cupón COLECIONE10 (detectado -> publicado: 305.9 min)
[2026-10-08 00:35:47] [CUPONES] Fin. Cupones publicados en esta pasada: 1
[2026-10-08 00:41:19] [CUPONS_ML] Consultando página oficial https://www.mercadolivre.com.br/cupons (Cookie presente: True)...
[2026-10-08 00:41:20] [CUPONS_ML] 60 código(s) inválidos descartados (blobs del estado interno de ML o fragmentos de texto).
[2026-10-08 00:41:20] [CUPONS_ML] Se extrajeron exitosamente 7 cupones de ML Oficial.
[2026-10-08 00:41:20] [CUPONS_ML] Limpieza completada: 0 vencidos eliminados, 0 marcados vigente=false.
[2026-10-08 00:41:20] [CUPONS_ML] Cupones ML actualizados: 0 nuevos, 7 refrescados.
[2026-10-08 00:41:20] [CUPONS_ML] Total cupones en cupones.json: 85
[2026-10-08 00:41:20] [CUPONES] Fuente oficial ML refrescada: 7 cupón(es).
[2026-10-08 00:41:20] [CUPONES] Sin cupones nuevos (87 códigos ya vistos).
[2026-10-08 00:50:04] [CUPONS_ML] Consultando página oficial https://www.mercadolivre.com.br/cupons (Cookie presente: True)...
[2026-10-08 00:50:05] [CUPONS_ML] 60 código(s) inválidos descartados (blobs del estado interno de ML o fragmentos de texto).
[2026-10-08 00:50:05] [CUPONS_ML] Se extrajeron exitosamente 7 cupones de ML Oficial.
[2026-10-08 00:50:05] [CUPONS_ML] Limpieza completada: 0 vencidos eliminados, 0 marcados vigente=false.
[2026-10-08 00:50:05] [CUPONS_ML] Cupones ML actualizados: 0 nuevos, 7 refrescados.
[2026-10-08 00:50:05] [CUPONS_ML] Total cupones en cupones.json: 85
[2026-10-08 00:50:05] [CUPONES] Fuente oficial ML refrescada: 7 cupón(es).
[2026-10-08 00:50:05] [CUPONES] Sin cupones nuevos (87 códigos ya vistos).
[2026-10-08 00:58:14] [CUPONS_ML] Consultando página oficial https://www.mercadolivre.com.br/cupons (Cookie presente: True)...
[2026-10-08 00:58:16] [CUPONS_ML] 60 código(s) inválidos descartados (blobs del estado interno de ML o fragmentos de texto).
[2026-10-08 00:58:16] [CUPONS_ML] Se extrajeron exitosamente 7 cupones de ML Oficial.
[2026-10-08 00:58:16] [CUPONS_ML] Limpieza completada: 0 vencidos eliminados, 0 marcados vigente=false.
[2026-10-08 00:58:16] [CUPONS_ML] Cupones ML actualizados: 0 nuevos, 7 refrescados.
[2026-10-08 00:58:16] [CUPONS_ML] Total cupones en cupones.json: 85
[2026-10-08 00:58:16] [CUPONES] Fuente oficial ML refrescada: 7 cupón(es).
[2026-10-08 00:58:16] [CUPONES] Sin cupones nuevos (87 códigos ya vistos).
[2026-10-08 01:04:57] [CUPONS_ML] Consultando página oficial https://www.mercadolivre.com.br/cupons (Cookie presente: True)...
[2026-10-08 01:04:58] [CUPONS_ML] 60 código(s) inválidos descartados (blobs del estado interno de ML o fragmentos de texto).
[2026-10-08 01:04:58] [CUPONS_ML] Se extrajeron exitosamente 7 cupones de ML Oficial.
[2026-10-08 01:04:58] [CUPONS_ML] Limpieza completada: 0 vencidos eliminados, 0 marcados vigente=false.
[2026-10-08 01:04:58] [CUPONS_ML] Cupones ML actualizados: 0 nuevos, 7 refrescados.
[2026-10-08 01:04:58] [CUPONS_ML] Total cupones en cupones.json: 85
[2026-10-08 01:04:58] [CUPONES] Fuente oficial ML refrescada: 7 cupón(es).
[2026-10-08 01:04:58] [CUPONES] Sin cupones nuevos (87 códigos ya vistos).
[2026-10-08 01:19:35] [CUPONS_ML] Consultando página oficial https://www.mercadolivre.com.br/cupons (Cookie presente: True)...
[2026-10-08 01:19:36] [CUPONS_ML] 54 código(s) inválidos descartados (blobs del estado interno de ML o fragmentos de texto).
[2026-10-08 01:19:36] [CUPONS_ML] Se extrajeron exitosamente 9 cupones de ML Oficial.
[2026-10-08 01:19:36] [CUPONS_ML] Limpieza completada: 0 vencidos eliminados, 0 marcados vigente=false.
[2026-10-08 01:19:36] [CUPONS_ML] Cupones ML actualizados: 0 nuevos, 9 refrescados.
[2026-10-08 01:19:36] [CUPONS_ML] Total cupones en cupones.json: 85
[2026-10-08 01:19:36] [CUPONES] Fuente oficial ML refrescada: 9 cupón(es).
[2026-10-08 01:19:36] [CUPONES] Sin cupones nuevos (87 códigos ya vistos).
[2026-10-08 01:33:06] [CUPONS_ML] Consultando página oficial https://www.mercadolivre.com.br/cupons (Cookie presente: True)...
[2026-10-08 01:33:07] [CUPONS_ML] 54 código(s) inválidos descartados (blobs del estado interno de ML o fragmentos de texto).
[2026-10-08 01:33:07] [CUPONS_ML] Se extrajeron exitosamente 9 cupones de ML Oficial.
[2026-10-08 01:33:07] [CUPONS_ML] Limpieza completada: 0 vencidos eliminados, 0 marcados vigente=false.
[2026-10-08 01:33:07] [CUPONS_ML] Cupones ML actualizados: 0 nuevos, 9 refrescados.
[2026-10-08 01:33:07] [CUPONS_ML] Total cupones en cupones.json: 85
[2026-10-08 01:33:07] [CUPONES] Fuente oficial ML refrescada: 9 cupón(es).
[2026-10-08 01:33:07] [CUPONES] Sin cupones nuevos (87 códigos ya vistos).
[2026-10-08 01:39:53] [CUPONS_ML] Consultando página oficial https://www.mercadolivre.com.br/cupons (Cookie presente: True)...
[2026-10-08 01:39:54] [CUPONS_ML] 54 código(s) inválidos descartados (blobs del estado interno de ML o fragmentos de texto).
[2026-10-08 01:39:54] [CUPONS_ML] Se extrajeron exitosamente 9 cupones de ML Oficial.
[2026-10-08 01:39:54] [CUPONS_ML] Limpieza completada: 0 vencidos eliminados, 0 marcados vigente=false.
[2026-10-08 01:39:54] [CUPONS_ML] Cupones ML actualizados: 0 nuevos, 9 refrescados.
[2026-10-08 01:39:54] [CUPONS_ML] Total cupones en cupones.json: 85
[2026-10-08 01:39:54] [CUPONES] Fuente oficial ML refrescada: 9 cupón(es).
[2026-10-08 01:39:54] [CUPONES] Sin cupones nuevos (87 códigos ya vistos).
[2026-10-08 01:51:44] [CUPONS_ML] Consultando página oficial https://www.mercadolivre.com.br/cupons (Cookie presente: True)...
[2026-10-08 01:51:45] [CUPONS_ML] 54 código(s) inválidos descartados (blobs del estado interno de ML o fragmentos de texto).
[2026-10-08 01:51:45] [CUPONS_ML] Se extrajeron exitosamente 8 cupones de ML Oficial.
[2026-10-08 01:51:45] [CUPONS_ML] Limpieza completada: 0 vencidos eliminados, 0 marcados vigente=false.
[2026-10-08 01:51:45] [CUPONS_ML] Cupones ML actualizados: 0 nuevos, 8 refrescados.
[2026-10-08 01:51:45] [CUPONS_ML] Total cupones en cupones.json: 85
[2026-10-08 01:51:45] [CUPONES] Fuente oficial ML refrescada: 8 cupón(es).
[2026-10-08 01:51:45] [CUPONES] Sin cupones nuevos (87 códigos ya vistos).
[2026-10-08 01:57:20] [CUPONS_ML] Consultando página oficial https://www.mercadolivre.com.br/cupons (Cookie presente: True)...
[2026-10-08 01:57:21] [CUPONS_ML] 54 código(s) inválidos descartados (blobs del estado interno de ML o fragmentos de texto).
[2026-10-08 01:57:21] [CUPONS_ML] Se extrajeron exitosamente 8 cupones de ML Oficial.
[2026-10-08 01:57:21] [CUPONS_ML] Limpieza completada: 0 vencidos eliminados, 0 marcados vigente=false.
[2026-10-08 01:57:21] [CUPONS_ML] Cupones ML actualizados: 0 nuevos, 8 refrescados.
[2026-10-08 01:57:21] [CUPONS_ML] Total cupones en cupones.json: 85
[2026-10-08 01:57:21] [CUPONES] Fuente oficial ML refrescada: 8 cupón(es).
[2026-10-08 01:57:21] [CUPONES] Sin cupones nuevos (87 códigos ya vistos).
[2026-10-08 02:05:24] [CUPONS_ML] Consultando página oficial https://www.mercadolivre.com.br/cupons (Cookie presente: True)...
[2026-10-08 02:05:25] [CUPONS_ML] 54 código(s) inválidos descartados (blobs del estado interno de ML o fragmentos de texto).
[2026-10-08 02:05:25] [CUPONS_ML] Se extrajeron exitosamente 8 cupones de ML Oficial.
[2026-10-08 02:05:25] [CUPONS_ML] Limpieza completada: 0 vencidos eliminados, 0 marcados vigente=false.
[2026-10-08 02:05:25] [CUPONS_ML] Cupones ML actualizados: 0 nuevos, 8 refrescados.
[2026-10-08 02:05:25] [CUPONS_ML] Total cupones en cupones.json: 85
[2026-10-08 02:05:25] [CUPONES] Fuente oficial ML refrescada: 8 cupón(es).
[2026-10-08 02:05:25] [CUPONES] Sin cupones nuevos (87 códigos ya vistos).
[2026-10-08 02:40:16] [CUPONS_ML] Consultando página oficial https://www.mercadolivre.com.br/cupons (Cookie presente: True)...
[2026-10-08 02:40:17] [CUPONS_ML] 51 código(s) inválidos descartados (blobs del estado interno de ML o fragmentos de texto).
[2026-10-08 02:40:17] [CUPONS_ML] Se extrajeron exitosamente 10 cupones de ML Oficial.
[2026-10-08 02:40:17] [CUPONS_ML] Limpieza completada: 0 vencidos eliminados, 0 marcados vigente=false.
[2026-10-08 02:40:17] [CUPONS_ML] Cupones ML actualizados: 1 nuevos, 9 refrescados.
[2026-10-08 02:40:17] [CUPONS_ML] Total cupones en cupones.json: 86
[2026-10-08 02:40:17] [CUPONES] Fuente oficial ML refrescada: 10 cupón(es).
[2026-10-08 02:40:17] [CUPONES] Cupones NUEVOS detectados: 1 (MLCOMPRANDO)
[2026-10-08 02:40:17] [CUPONES] Enlace de afiliado: meli.la (corto) -> https://achadinhosnozap.com.br/go/34en4m/
[2026-10-08 02:40:18] [CUPONES] ✅ Publicado cupón MLCOMPRANDO (detectado -> publicado: 0.0 min)
[2026-10-08 02:40:18] [CUPONES] Fin. Cupones publicados en esta pasada: 1
[2026-10-08 03:04:28] [CUPONS_ML] Consultando página oficial https://www.mercadolivre.com.br/cupons (Cookie presente: True)...
[2026-10-08 03:04:30] [CUPONS_ML] 51 código(s) inválidos descartados (blobs del estado interno de ML o fragmentos de texto).
[2026-10-08 03:04:30] [CUPONS_ML] Se extrajeron exitosamente 9 cupones de ML Oficial.
[2026-10-08 03:04:30] [CUPONS_ML] Limpieza completada: 0 vencidos eliminados, 0 marcados vigente=false.
[2026-10-08 03:04:30] [CUPONS_ML] Cupones ML actualizados: 0 nuevos, 9 refrescados.
[2026-10-08 03:04:30] [CUPONS_ML] Total cupones en cupones.json: 86
[2026-10-08 03:04:30] [CUPONES] Fuente oficial ML refrescada: 9 cupón(es).
[2026-10-08 03:04:30] [CUPONES] Sin cupones nuevos (88 códigos ya vistos).
[2026-10-08 03:05:03] [CUPONS_ML] Consultando página oficial https://www.mercadolivre.com.br/cupons (Cookie presente: True)...
[2026-10-08 03:05:04] [CUPONS_ML] 51 código(s) inválidos descartados (blobs del estado interno de ML o fragmentos de texto).
[2026-10-08 03:05:04] [CUPONS_ML] Se extrajeron exitosamente 9 cupones de ML Oficial.
[2026-10-08 03:05:04] [CUPONS_ML] Limpieza completada: 0 vencidos eliminados, 0 marcados vigente=false.
[2026-10-08 03:05:04] [CUPONS_ML] Cupones ML actualizados: 0 nuevos, 9 refrescados.
[2026-10-08 03:05:04] [CUPONS_ML] Total cupones en cupones.json: 86
[2026-10-08 03:05:04] [PELANDO] Scraping Amazon (https://www.pelando.com.br/cupons-de-descontos/amazon)
[2026-10-08 03:05:08] [PELANDO]   Falha ao acessar Amazon
[2026-10-08 03:05:10] [PELANDO] Scraping KaBuM! (https://www.pelando.com.br/cupons-de-descontos/kabum)
[2026-10-08 03:05:14] [PELANDO]   Falha ao acessar KaBuM!
[2026-10-08 03:05:16] [PELANDO] Scraping Mercado Livre (https://www.pelando.com.br/cupons-de-descontos/mercado-livre)
[2026-10-08 03:05:20] [PELANDO]   Falha ao acessar Mercado Livre
[2026-10-08 03:05:22] [PELANDO] Scraping Shopee (https://www.pelando.com.br/cupons-de-descontos/shopee)
[2026-10-08 03:05:27] [PELANDO]   Falha ao acessar Shopee
[2026-10-08 03:05:29] [PELANDO] Scraping Magazine Luiza (https://www.pelando.com.br/cupons-de-descontos/magalu)
[2026-10-08 03:05:33] [PELANDO]   Falha ao acessar Magazine Luiza
[2026-10-08 03:05:35] [PELANDO] Scraping AliExpress (https://www.pelando.com.br/cupons-de-descontos/aliexpress)
[2026-10-08 03:05:39] [PELANDO]   Falha ao acessar AliExpress
[2026-10-08 03:05:41] [PELANDO] Scraping Pichau (https://www.pelando.com.br/cupons-de-descontos/pichau)
[2026-10-08 03:05:45] [PELANDO]   Falha ao acessar Pichau
[2026-10-08 03:05:47] [PELANDO] Scraping Terabyte Shop (https://www.pelando.com.br/cupons-de-descontos/terabyte)
[2026-10-08 03:05:52] [PELANDO]   Falha ao acessar Terabyte Shop
[2026-10-08 03:05:54] [PELANDO] Completado: 0 Pelando + 86 manuales = 86 total
[2026-10-08 03:05:54] [AGENTE-ML] Consultando scraping de ofertas en Mercado Livre...
[2026-10-08 03:06:26] [AGENTE-ML] Scraping ML: 303 ofertas obtenidas
[2026-10-08 03:06:26] [AGENTE-ML] Guardados 222 achados en achados_ml.json
[2026-10-08 03:06:26] [AGENTE-AMAZON] Cosechando Bestsellers y ofertas de categorías Amazon...
[2026-10-08 03:07:28] [AGENTE-AMAZON] Amazon direct: 29 ofertas cosechadas | categorias OK 6/28 | HTTP {503: 22} | sin tarjetas 5
[2026-10-08 03:07:28] [AGENTE-AMAZON] Cosechando ofertas quentes de Amazon en Pelando...
[2026-10-08 03:07:28] [AGENTE-AMAZON] Pelando Amazon: HTTP 403
[2026-10-08 03:07:28] [AGENTE-AMAZON] Guardados 29 achados en achados_amazon.json
[2026-10-08 03:07:56] [AGENTE-AMAZON] Cosechando ofertas quentes de Amazon en Pelando...
[2026-10-08 03:07:56] [AGENTE-AMAZON] Amazon Pelando: 1 ofertas reales | descartadas: 2 campañas, 0 sin ficha, 1 sin precio legible, 1 duplicadas
[2026-10-08 03:07:56] [AGENTE-AMAZON] Cosechando ofertas quentes de Amazon en Pelando...
[2026-10-08 03:07:59] [AGENTE-AMAZON] Amazon Pelando: 0 ofertas reales | descartadas: 2 campañas, 0 sin ficha, 2 sin precio legible, 1 duplicadas
[2026-10-08 03:07:59] [AGENTE-AMAZON] Cosechando Bestsellers y ofertas de categorías Amazon...
[2026-10-08 03:08:01] [AGENTE-AMAZON] Amazon direct: 0 ofertas cosechadas | categorias OK 0/1 | HTTP {503: 1}
[2026-10-08 03:08:02] [CUPONS_ML] Consultando página oficial https://www.mercadolivre.com.br/cupons (Cookie presente: True)...
[2026-10-08 03:08:02] [CUPONS_ML] 51 código(s) inválidos descartados (blobs del estado interno de ML o fragmentos de texto).
[2026-10-08 03:08:02] [CUPONS_ML] Se extrajeron exitosamente 9 cupones de ML Oficial.
[2026-10-08 03:08:02] [CUPONS_ML] Limpieza completada: 0 vencidos eliminados, 0 marcados vigente=false.
[2026-10-08 03:08:02] [CUPONS_ML] Cupones ML actualizados: 0 nuevos, 9 refrescados.
[2026-10-08 03:08:02] [CUPONS_ML] Total cupones en cupones.json: 86
[2026-10-08 03:08:02] [CUPONES] Fuente oficial ML refrescada: 9 cupón(es).
[2026-10-08 03:08:02] [CUPONES] Sin cupones nuevos (88 códigos ya vistos).
[2026-10-08 03:38:27] [CUPONS_ML] Consultando página oficial https://www.mercadolivre.com.br/cupons (Cookie presente: True)...
[2026-10-08 03:38:28] [CUPONS_ML] 48 código(s) inválidos descartados (blobs del estado interno de ML o fragmentos de texto).
[2026-10-08 03:38:28] [CUPONS_ML] Se extrajeron exitosamente 10 cupones de ML Oficial.
[2026-10-08 03:38:28] [CUPONS_ML] Limpieza completada: 0 vencidos eliminados, 0 marcados vigente=false.
[2026-10-08 03:38:28] [CUPONS_ML] Cupones ML actualizados: 0 nuevos, 10 refrescados.
[2026-10-08 03:38:28] [CUPONS_ML] Total cupones en cupones.json: 86
[2026-10-08 03:38:28] [CUPONES] Fuente oficial ML refrescada: 10 cupón(es).
[2026-10-08 03:38:28] [CUPONES] Sin cupones nuevos (88 códigos ya vistos).
[2026-10-08 04:06:33] [CUPONS_ML] Consultando página oficial https://www.mercadolivre.com.br/cupons (Cookie presente: True)...
[2026-10-08 04:06:34] [CUPONS_ML] 54 código(s) inválidos descartados (blobs del estado interno de ML o fragmentos de texto).
[2026-10-08 04:06:34] [CUPONS_ML] Se extrajeron exitosamente 9 cupones de ML Oficial.
[2026-10-08 04:06:34] [CUPONS_ML] Limpieza completada: 0 vencidos eliminados, 0 marcados vigente=false.
[2026-10-08 04:06:34] [CUPONS_ML] Cupones ML actualizados: 0 nuevos, 9 refrescados.
[2026-10-08 04:06:34] [CUPONS_ML] Total cupones en cupones.json: 86
[2026-10-08 04:06:34] [CUPONES] Fuente oficial ML refrescada: 9 cupón(es).
[2026-10-08 04:06:34] [CUPONES] Sin cupones nuevos (88 códigos ya vistos).
[2026-10-08 04:27:46] [CUPONS_ML] Consultando página oficial https://www.mercadolivre.com.br/cupons (Cookie presente: True)...
[2026-10-08 04:27:47] [CUPONS_ML] 51 código(s) inválidos descartados (blobs del estado interno de ML o fragmentos de texto).
[2026-10-08 04:27:47] [CUPONS_ML] Se extrajeron exitosamente 9 cupones de ML Oficial.
[2026-10-08 04:27:47] [CUPONS_ML] Limpieza completada: 0 vencidos eliminados, 0 marcados vigente=false.
[2026-10-08 04:27:47] [CUPONS_ML] Cupones ML actualizados: 0 nuevos, 9 refrescados.
[2026-10-08 04:27:47] [CUPONS_ML] Total cupones en cupones.json: 86
[2026-10-08 04:27:47] [CUPONES] Fuente oficial ML refrescada: 9 cupón(es).
[2026-10-08 04:27:47] [CUPONES] Sin cupones nuevos (88 códigos ya vistos).
[2026-10-08 05:05:53] [CUPONS_ML] Consultando página oficial https://www.mercadolivre.com.br/cupons (Cookie presente: True)...
[2026-10-08 05:05:53] [CUPONS_ML] 51 código(s) inválidos descartados (blobs del estado interno de ML o fragmentos de texto).
[2026-10-08 05:05:53] [CUPONS_ML] Se extrajeron exitosamente 9 cupones de ML Oficial.
[2026-10-08 05:05:53] [CUPONS_ML] Limpieza completada: 0 vencidos eliminados, 0 marcados vigente=false.
[2026-10-08 05:05:53] [CUPONS_ML] Cupones ML actualizados: 0 nuevos, 9 refrescados.
[2026-10-08 05:05:53] [CUPONS_ML] Total cupones en cupones.json: 86
[2026-10-08 05:05:53] [CUPONES] Fuente oficial ML refrescada: 9 cupón(es).
[2026-10-08 05:05:53] [CUPONES] Sin cupones nuevos (88 códigos ya vistos).
[2026-10-08 05:28:54] [CUPONS_ML] Consultando página oficial https://www.mercadolivre.com.br/cupons (Cookie presente: True)...
[2026-10-08 05:28:55] [CUPONS_ML] 51 código(s) inválidos descartados (blobs del estado interno de ML o fragmentos de texto).
[2026-10-08 05:28:55] [CUPONS_ML] Se extrajeron exitosamente 9 cupones de ML Oficial.
[2026-10-08 05:28:55] [CUPONS_ML] Limpieza completada: 0 vencidos eliminados, 0 marcados vigente=false.
[2026-10-08 05:28:55] [CUPONS_ML] Cupones ML actualizados: 0 nuevos, 9 refrescados.
[2026-10-08 05:28:55] [CUPONS_ML] Total cupones en cupones.json: 86
[2026-10-08 05:28:55] [CUPONES] Fuente oficial ML refrescada: 9 cupón(es).
[2026-10-08 05:28:55] [CUPONES] Sin cupones nuevos (88 códigos ya vistos).
[2026-10-08 05:56:40] [CUPONS_ML] Consultando página oficial https://www.mercadolivre.com.br/cupons (Cookie presente: True)...
[2026-10-08 05:56:41] [CUPONS_ML] 51 código(s) inválidos descartados (blobs del estado interno de ML o fragmentos de texto).
[2026-10-08 05:56:41] [CUPONS_ML] Se extrajeron exitosamente 9 cupones de ML Oficial.
[2026-10-08 05:56:41] [CUPONS_ML] Limpieza completada: 0 vencidos eliminados, 0 marcados vigente=false.
[2026-10-08 05:56:41] [CUPONS_ML] Cupones ML actualizados: 0 nuevos, 9 refrescados.
[2026-10-08 05:56:41] [CUPONS_ML] Total cupones en cupones.json: 86
[2026-10-08 05:56:41] [CUPONES] Fuente oficial ML refrescada: 9 cupón(es).
[2026-10-08 05:56:41] [CUPONES] Sin cupones nuevos (88 códigos ya vistos).
[2026-10-08 06:26:00] [CUPONS_ML] Consultando página oficial https://www.mercadolivre.com.br/cupons (Cookie presente: True)...
[2026-10-08 06:26:01] [CUPONS_ML] 51 código(s) inválidos descartados (blobs del estado interno de ML o fragmentos de texto).
[2026-10-08 06:26:01] [CUPONS_ML] Se extrajeron exitosamente 8 cupones de ML Oficial.
[2026-10-08 06:26:01] [CUPONS_ML] Limpieza completada: 0 vencidos eliminados, 0 marcados vigente=false.
[2026-10-08 06:26:01] [CUPONS_ML] Cupones ML actualizados: 0 nuevos, 8 refrescados.
[2026-10-08 06:26:01] [CUPONS_ML] Total cupones en cupones.json: 86
[2026-10-08 06:26:01] [CUPONES] Fuente oficial ML refrescada: 8 cupón(es).
[2026-10-08 06:26:01] [CUPONES] Sin cupones nuevos (88 códigos ya vistos).
[2026-10-08 07:03:56] [CUPONS_ML] Consultando página oficial https://www.mercadolivre.com.br/cupons (Cookie presente: True)...
[2026-10-08 07:03:57] [CUPONS_ML] 51 código(s) inválidos descartados (blobs del estado interno de ML o fragmentos de texto).
[2026-10-08 07:03:57] [CUPONS_ML] Se extrajeron exitosamente 8 cupones de ML Oficial.
[2026-10-08 07:03:57] [CUPONS_ML] Limpieza completada: 0 vencidos eliminados, 0 marcados vigente=false.
[2026-10-08 07:03:57] [CUPONS_ML] Cupones ML actualizados: 0 nuevos, 8 refrescados.
[2026-10-08 07:03:57] [CUPONS_ML] Total cupones en cupones.json: 86
[2026-10-08 07:03:57] [CUPONES] Fuente oficial ML refrescada: 8 cupón(es).
[2026-10-08 07:03:57] [CUPONES] Sin cupones nuevos (88 códigos ya vistos).
[2026-10-08 07:31:20] [CUPONS_ML] Consultando página oficial https://www.mercadolivre.com.br/cupons (Cookie presente: True)...
[2026-10-08 07:31:20] [CUPONS_ML] 54 código(s) inválidos descartados (blobs del estado interno de ML o fragmentos de texto).
[2026-10-08 07:31:20] [CUPONS_ML] Se extrajeron exitosamente 8 cupones de ML Oficial.
[2026-10-08 07:31:20] [CUPONS_ML] Limpieza completada: 0 vencidos eliminados, 0 marcados vigente=false.
[2026-10-08 07:31:20] [CUPONS_ML] Cupones ML actualizados: 0 nuevos, 8 refrescados.
[2026-10-08 07:31:20] [CUPONS_ML] Total cupones en cupones.json: 86
[2026-10-08 07:31:20] [CUPONES] Fuente oficial ML refrescada: 8 cupón(es).
[2026-10-08 07:31:20] [CUPONES] Sin cupones nuevos (88 códigos ya vistos).
[2026-10-08 08:02:14] [CUPONS_ML] Consultando página oficial https://www.mercadolivre.com.br/cupons (Cookie presente: True)...
[2026-10-08 08:02:14] [CUPONS_ML] 51 código(s) inválidos descartados (blobs del estado interno de ML o fragmentos de texto).
[2026-10-08 08:02:14] [CUPONS_ML] Se extrajeron exitosamente 8 cupones de ML Oficial.
[2026-10-08 08:02:14] [CUPONS_ML] Limpieza completada: 0 vencidos eliminados, 0 marcados vigente=false.
[2026-10-08 08:02:14] [CUPONS_ML] Cupones ML actualizados: 0 nuevos, 8 refrescados.
[2026-10-08 08:02:14] [CUPONS_ML] Total cupones en cupones.json: 86
[2026-10-08 08:02:14] [CUPONES] Fuente oficial ML refrescada: 8 cupón(es).
[2026-10-08 08:02:14] [CUPONES] Sin cupones nuevos (88 códigos ya vistos).
[2026-10-08 08:02:52] [CUPONS_ML] Consultando página oficial https://www.mercadolivre.com.br/cupons (Cookie presente: True)...
[2026-10-08 08:02:53] [CUPONS_ML] 51 código(s) inválidos descartados (blobs del estado interno de ML o fragmentos de texto).
[2026-10-08 08:02:53] [CUPONS_ML] Se extrajeron exitosamente 8 cupones de ML Oficial.
[2026-10-08 08:02:53] [CUPONS_ML] Limpieza completada: 0 vencidos eliminados, 0 marcados vigente=false.
[2026-10-08 08:02:53] [CUPONS_ML] Cupones ML actualizados: 0 nuevos, 8 refrescados.
[2026-10-08 08:02:53] [CUPONS_ML] Total cupones en cupones.json: 86
[2026-10-08 08:02:53] [PELANDO] Scraping Amazon (https://www.pelando.com.br/cupons-de-descontos/amazon)
[2026-10-08 08:02:57] [PELANDO]   Falha ao acessar Amazon
[2026-10-08 08:02:59] [PELANDO] Scraping KaBuM! (https://www.pelando.com.br/cupons-de-descontos/kabum)
[2026-10-08 08:03:03] [PELANDO]   Falha ao acessar KaBuM!
[2026-10-08 08:03:05] [PELANDO] Scraping Mercado Livre (https://www.pelando.com.br/cupons-de-descontos/mercado-livre)
[2026-10-08 08:03:09] [PELANDO]   Falha ao acessar Mercado Livre
[2026-10-08 08:03:11] [PELANDO] Scraping Shopee (https://www.pelando.com.br/cupons-de-descontos/shopee)
[2026-10-08 08:03:15] [PELANDO]   Falha ao acessar Shopee
[2026-10-08 08:03:17] [PELANDO] Scraping Magazine Luiza (https://www.pelando.com.br/cupons-de-descontos/magalu)
[2026-10-08 08:03:22] [PELANDO]   Falha ao acessar Magazine Luiza
[2026-10-08 08:03:24] [PELANDO] Scraping AliExpress (https://www.pelando.com.br/cupons-de-descontos/aliexpress)
[2026-10-08 08:03:28] [PELANDO]   Falha ao acessar AliExpress
[2026-10-08 08:03:30] [PELANDO] Scraping Pichau (https://www.pelando.com.br/cupons-de-descontos/pichau)
[2026-10-08 08:03:34] [PELANDO]   Falha ao acessar Pichau
[2026-10-08 08:03:36] [PELANDO] Scraping Terabyte Shop (https://www.pelando.com.br/cupons-de-descontos/terabyte)
[2026-10-08 08:03:40] [PELANDO]   Falha ao acessar Terabyte Shop
[2026-10-08 08:03:42] [PELANDO] Completado: 0 Pelando + 86 manuales = 86 total
[2026-10-08 08:03:42] [AGENTE-ML] Consultando scraping de ofertas en Mercado Livre...
[2026-10-08 08:04:16] [AGENTE-ML] Scraping ML: 307 ofertas obtenidas
[2026-10-08 08:04:16] [AGENTE-ML] Guardados 232 achados en achados_ml.json
[2026-10-08 08:04:16] [AGENTE-AMAZON] Cosechando Bestsellers y ofertas de categorías Amazon...
[2026-10-08 08:05:16] [AGENTE-AMAZON] Amazon direct: 29 ofertas cosechadas | categorias OK 5/28 | HTTP {503: 23} | sin tarjetas 4
[2026-10-08 08:05:16] [AGENTE-AMAZON] Cosechando ofertas quentes de Amazon en Pelando...
[2026-10-08 08:05:16] [AGENTE-AMAZON] Pelando Amazon: HTTP 403
[2026-10-08 08:05:16] [AGENTE-AMAZON] Guardados 27 achados en achados_amazon.json
[2026-10-08 08:05:47] [AGENTE-AMAZON] Cosechando ofertas quentes de Amazon en Pelando...
[2026-10-08 08:05:47] [AGENTE-AMAZON] Amazon Pelando: 1 ofertas reales | descartadas: 2 campañas, 0 sin ficha, 1 sin precio legible, 1 duplicadas
[2026-10-08 08:05:47] [AGENTE-AMAZON] Cosechando ofertas quentes de Amazon en Pelando...
[2026-10-08 08:05:50] [AGENTE-AMAZON] Amazon Pelando: 0 ofertas reales | descartadas: 2 campañas, 0 sin ficha, 2 sin precio legible, 1 duplicadas
[2026-10-08 08:05:50] [AGENTE-AMAZON] Cosechando Bestsellers y ofertas de categorías Amazon...
[2026-10-08 08:05:52] [AGENTE-AMAZON] Amazon direct: 0 ofertas cosechadas | categorias OK 0/1 | HTTP {503: 1}
[2026-10-08 08:05:53] [CUPONS_ML] Consultando página oficial https://www.mercadolivre.com.br/cupons (Cookie presente: True)...
[2026-10-08 08:05:54] [CUPONS_ML] 51 código(s) inválidos descartados (blobs del estado interno de ML o fragmentos de texto).
[2026-10-08 08:05:54] [CUPONS_ML] Se extrajeron exitosamente 8 cupones de ML Oficial.
[2026-10-08 08:05:54] [CUPONS_ML] Limpieza completada: 0 vencidos eliminados, 0 marcados vigente=false.
[2026-10-08 08:05:54] [CUPONS_ML] Cupones ML actualizados: 0 nuevos, 8 refrescados.
[2026-10-08 08:05:54] [CUPONS_ML] Total cupones en cupones.json: 86
[2026-10-08 08:05:54] [CUPONES] Fuente oficial ML refrescada: 8 cupón(es).
[2026-10-08 08:05:54] [CUPONES] Sin cupones nuevos (88 códigos ya vistos).
[2026-10-08 08:40:10] [CUPONS_ML] Consultando página oficial https://www.mercadolivre.com.br/cupons (Cookie presente: True)...
[2026-10-08 08:40:11] [CUPONS_ML] 54 código(s) inválidos descartados (blobs del estado interno de ML o fragmentos de texto).
[2026-10-08 08:40:11] [CUPONS_ML] Se extrajeron exitosamente 8 cupones de ML Oficial.
[2026-10-08 08:40:11] [CUPONS_ML] Limpieza completada: 0 vencidos eliminados, 0 marcados vigente=false.
[2026-10-08 08:40:11] [CUPONS_ML] Cupones ML actualizados: 0 nuevos, 8 refrescados.
[2026-10-08 08:40:11] [CUPONS_ML] Total cupones en cupones.json: 86
[2026-10-08 08:40:11] [CUPONES] Fuente oficial ML refrescada: 8 cupón(es).
[2026-10-08 08:40:11] [CUPONES] Sin cupones nuevos (88 códigos ya vistos).
[2026-10-08 09:07:52] [CUPONS_ML] Consultando página oficial https://www.mercadolivre.com.br/cupons (Cookie presente: True)...
[2026-10-08 09:07:53] [CUPONS_ML] 54 código(s) inválidos descartados (blobs del estado interno de ML o fragmentos de texto).
[2026-10-08 09:07:53] [CUPONS_ML] Se extrajeron exitosamente 8 cupones de ML Oficial.
[2026-10-08 09:07:53] [CUPONS_ML] Limpieza completada: 0 vencidos eliminados, 0 marcados vigente=false.
[2026-10-08 09:07:53] [CUPONS_ML] Cupones ML actualizados: 0 nuevos, 8 refrescados.
[2026-10-08 09:07:53] [CUPONS_ML] Total cupones en cupones.json: 86
[2026-10-08 09:07:53] [CUPONES] Fuente oficial ML refrescada: 8 cupón(es).
[2026-10-08 09:07:53] [CUPONES] Sin cupones nuevos (88 códigos ya vistos).
[2026-10-08 09:29:48] [CUPONS_ML] Consultando página oficial https://www.mercadolivre.com.br/cupons (Cookie presente: True)...
[2026-10-08 09:29:49] [CUPONS_ML] 54 código(s) inválidos descartados (blobs del estado interno de ML o fragmentos de texto).
[2026-10-08 09:29:49] [CUPONS_ML] Se extrajeron exitosamente 8 cupones de ML Oficial.
[2026-10-08 09:29:49] [CUPONS_ML] Limpieza completada: 0 vencidos eliminados, 0 marcados vigente=false.
[2026-10-08 09:29:49] [CUPONS_ML] Cupones ML actualizados: 0 nuevos, 8 refrescados.
[2026-10-08 09:29:49] [CUPONS_ML] Total cupones en cupones.json: 86
[2026-10-08 09:29:49] [CUPONES] Fuente oficial ML refrescada: 8 cupón(es).
[2026-10-08 09:29:49] [CUPONES] Sin cupones nuevos (88 códigos ya vistos).
[2026-10-08 09:57:29] [CUPONS_ML] Consultando página oficial https://www.mercadolivre.com.br/cupons (Cookie presente: True)...
[2026-10-08 09:57:30] [CUPONS_ML] 54 código(s) inválidos descartados (blobs del estado interno de ML o fragmentos de texto).
[2026-10-08 09:57:30] [CUPONS_ML] Se extrajeron exitosamente 8 cupones de ML Oficial.
[2026-10-08 09:57:30] [CUPONS_ML] Limpieza completada: 0 vencidos eliminados, 0 marcados vigente=false.
[2026-10-08 09:57:30] [CUPONS_ML] Cupones ML actualizados: 0 nuevos, 8 refrescados.
[2026-10-08 09:57:30] [CUPONS_ML] Total cupones en cupones.json: 86
[2026-10-08 09:57:30] [CUPONES] Fuente oficial ML refrescada: 8 cupón(es).
[2026-10-08 09:57:30] [CUPONES] Sin cupones nuevos (88 códigos ya vistos).
[2026-10-08 10:37:30] [CUPONS_ML] Consultando página oficial https://www.mercadolivre.com.br/cupons (Cookie presente: True)...
[2026-10-08 10:37:31] [CUPONS_ML] 54 código(s) inválidos descartados (blobs del estado interno de ML o fragmentos de texto).
[2026-10-08 10:37:31] [CUPONS_ML] Se extrajeron exitosamente 8 cupones de ML Oficial.
[2026-10-08 10:37:31] [CUPONS_ML] Limpieza completada: 0 vencidos eliminados, 0 marcados vigente=false.
[2026-10-08 10:37:31] [CUPONS_ML] Cupones ML actualizados: 0 nuevos, 8 refrescados.
[2026-10-08 10:37:31] [CUPONS_ML] Total cupones en cupones.json: 86
[2026-10-08 10:37:31] [CUPONES] Fuente oficial ML refrescada: 8 cupón(es).
[2026-10-08 10:37:31] [CUPONES] Sin cupones nuevos (88 códigos ya vistos).
[2026-10-08 10:43:32] [CUPONS_ML] Consultando página oficial https://www.mercadolivre.com.br/cupons (Cookie presente: True)...
[2026-10-08 10:43:33] [CUPONS_ML] 54 código(s) inválidos descartados (blobs del estado interno de ML o fragmentos de texto).
[2026-10-08 10:43:33] [CUPONS_ML] Se extrajeron exitosamente 8 cupones de ML Oficial.
[2026-10-08 10:43:33] [CUPONS_ML] Limpieza completada: 0 vencidos eliminados, 0 marcados vigente=false.
[2026-10-08 10:43:33] [CUPONS_ML] Cupones ML actualizados: 0 nuevos, 8 refrescados.
[2026-10-08 10:43:33] [CUPONS_ML] Total cupones en cupones.json: 86
[2026-10-08 10:43:33] [CUPONES] Fuente oficial ML refrescada: 8 cupón(es).
[2026-10-08 10:43:33] [CUPONES] Sin cupones nuevos (88 códigos ya vistos).
[2026-10-08 10:51:12] [CUPONS_ML] Consultando página oficial https://www.mercadolivre.com.br/cupons (Cookie presente: True)...
[2026-10-08 10:51:13] [CUPONS_ML] 54 código(s) inválidos descartados (blobs del estado interno de ML o fragmentos de texto).
[2026-10-08 10:51:13] [CUPONS_ML] Se extrajeron exitosamente 8 cupones de ML Oficial.
[2026-10-08 10:51:13] [CUPONS_ML] Limpieza completada: 0 vencidos eliminados, 0 marcados vigente=false.
[2026-10-08 10:51:13] [CUPONS_ML] Cupones ML actualizados: 0 nuevos, 8 refrescados.
[2026-10-08 10:51:13] [CUPONS_ML] Total cupones en cupones.json: 86
[2026-10-08 10:51:13] [CUPONES] Fuente oficial ML refrescada: 8 cupón(es).
[2026-10-08 10:51:13] [CUPONES] Sin cupones nuevos (88 códigos ya vistos).
[2026-10-08 10:59:34] [CUPONS_ML] Consultando página oficial https://www.mercadolivre.com.br/cupons (Cookie presente: True)...
[2026-10-08 10:59:35] [CUPONS_ML] 51 código(s) inválidos descartados (blobs del estado interno de ML o fragmentos de texto).
[2026-10-08 10:59:35] [CUPONS_ML] Se extrajeron exitosamente 8 cupones de ML Oficial.
[2026-10-08 10:59:35] [CUPONS_ML] Limpieza completada: 0 vencidos eliminados, 0 marcados vigente=false.
[2026-10-08 10:59:35] [CUPONS_ML] Cupones ML actualizados: 0 nuevos, 8 refrescados.
[2026-10-08 10:59:35] [CUPONS_ML] Total cupones en cupones.json: 86
[2026-10-08 10:59:35] [CUPONES] Fuente oficial ML refrescada: 8 cupón(es).
[2026-10-08 10:59:35] [CUPONES] Sin cupones nuevos (88 códigos ya vistos).
[2026-10-08 11:06:45] [CUPONS_ML] Consultando página oficial https://www.mercadolivre.com.br/cupons (Cookie presente: True)...
[2026-10-08 11:06:46] [CUPONS_ML] 51 código(s) inválidos descartados (blobs del estado interno de ML o fragmentos de texto).
[2026-10-08 11:06:46] [CUPONS_ML] Se extrajeron exitosamente 8 cupones de ML Oficial.
[2026-10-08 11:06:46] [CUPONS_ML] Limpieza completada: 0 vencidos eliminados, 0 marcados vigente=false.
[2026-10-08 11:06:46] [CUPONS_ML] Cupones ML actualizados: 0 nuevos, 8 refrescados.
[2026-10-08 11:06:46] [CUPONS_ML] Total cupones en cupones.json: 86
[2026-10-08 11:06:46] [CUPONES] Fuente oficial ML refrescada: 8 cupón(es).
[2026-10-08 11:06:46] [CUPONES] Sin cupones nuevos (88 códigos ya vistos).
[2026-10-08 11:13:19] [CUPONS_ML] Consultando página oficial https://www.mercadolivre.com.br/cupons (Cookie presente: True)...
[2026-10-08 11:13:20] [CUPONS_ML] 51 código(s) inválidos descartados (blobs del estado interno de ML o fragmentos de texto).
[2026-10-08 11:13:20] [CUPONS_ML] Se extrajeron exitosamente 8 cupones de ML Oficial.
[2026-10-08 11:13:20] [CUPONS_ML] Limpieza completada: 0 vencidos eliminados, 0 marcados vigente=false.
[2026-10-08 11:13:20] [CUPONS_ML] Cupones ML actualizados: 0 nuevos, 8 refrescados.
[2026-10-08 11:13:20] [CUPONS_ML] Total cupones en cupones.json: 86
[2026-10-08 11:13:20] [CUPONES] Fuente oficial ML refrescada: 8 cupón(es).
[2026-10-08 11:13:20] [CUPONES] Sin cupones nuevos (88 códigos ya vistos).
[2026-10-08 11:21:30] [CUPONS_ML] Consultando página oficial https://www.mercadolivre.com.br/cupons (Cookie presente: True)...
[2026-10-08 11:21:31] [CUPONS_ML] 51 código(s) inválidos descartados (blobs del estado interno de ML o fragmentos de texto).
[2026-10-08 11:21:31] [CUPONS_ML] Se extrajeron exitosamente 8 cupones de ML Oficial.
[2026-10-08 11:21:31] [CUPONS_ML] Limpieza completada: 0 vencidos eliminados, 0 marcados vigente=false.
[2026-10-08 11:21:31] [CUPONS_ML] Cupones ML actualizados: 0 nuevos, 8 refrescados.
[2026-10-08 11:21:31] [CUPONS_ML] Total cupones en cupones.json: 86
[2026-10-08 11:21:31] [CUPONES] Fuente oficial ML refrescada: 8 cupón(es).
[2026-10-08 11:21:31] [CUPONES] Sin cupones nuevos (88 códigos ya vistos).
[2026-10-08 11:33:17] [CUPONS_ML] Consultando página oficial https://www.mercadolivre.com.br/cupons (Cookie presente: True)...
[2026-10-08 11:33:18] [CUPONS_ML] 54 código(s) inválidos descartados (blobs del estado interno de ML o fragmentos de texto).
[2026-10-08 11:33:18] [CUPONS_ML] Se extrajeron exitosamente 8 cupones de ML Oficial.
[2026-10-08 11:33:18] [CUPONS_ML] Limpieza completada: 0 vencidos eliminados, 0 marcados vigente=false.
[2026-10-08 11:33:18] [CUPONS_ML] Cupones ML actualizados: 0 nuevos, 8 refrescados.
[2026-10-08 11:33:18] [CUPONS_ML] Total cupones en cupones.json: 86
[2026-10-08 11:33:18] [CUPONES] Fuente oficial ML refrescada: 8 cupón(es).
[2026-10-08 11:33:18] [CUPONES] Sin cupones nuevos (88 códigos ya vistos).
[2026-10-08 11:45:46] [CUPONS_ML] Consultando página oficial https://www.mercadolivre.com.br/cupons (Cookie presente: True)...
[2026-10-08 11:45:47] [CUPONS_ML] 51 código(s) inválidos descartados (blobs del estado interno de ML o fragmentos de texto).
[2026-10-08 11:45:47] [CUPONS_ML] Se extrajeron exitosamente 8 cupones de ML Oficial.
[2026-10-08 11:45:47] [CUPONS_ML] Limpieza completada: 0 vencidos eliminados, 0 marcados vigente=false.
[2026-10-08 11:45:47] [CUPONS_ML] Cupones ML actualizados: 0 nuevos, 8 refrescados.
[2026-10-08 11:45:47] [CUPONS_ML] Total cupones en cupones.json: 86
[2026-10-08 11:45:47] [CUPONES] Fuente oficial ML refrescada: 8 cupón(es).
[2026-10-08 11:45:47] [CUPONES] Sin cupones nuevos (88 códigos ya vistos).
[2026-10-08 11:52:21] [CUPONS_ML] Consultando página oficial https://www.mercadolivre.com.br/cupons (Cookie presente: True)...
[2026-10-08 11:52:22] [CUPONS_ML] 51 código(s) inválidos descartados (blobs del estado interno de ML o fragmentos de texto).
[2026-10-08 11:52:22] [CUPONS_ML] Se extrajeron exitosamente 8 cupones de ML Oficial.
[2026-10-08 11:52:22] [CUPONS_ML] Limpieza completada: 0 vencidos eliminados, 0 marcados vigente=false.
[2026-10-08 11:52:22] [CUPONS_ML] Cupones ML actualizados: 0 nuevos, 8 refrescados.
[2026-10-08 11:52:22] [CUPONS_ML] Total cupones en cupones.json: 86
[2026-10-08 11:52:22] [CUPONES] Fuente oficial ML refrescada: 8 cupón(es).
[2026-10-08 11:52:22] [CUPONES] Sin cupones nuevos (88 códigos ya vistos).
[2026-10-08 11:58:37] [CUPONS_ML] Consultando página oficial https://www.mercadolivre.com.br/cupons (Cookie presente: True)...
[2026-10-08 11:58:38] [CUPONS_ML] 51 código(s) inválidos descartados (blobs del estado interno de ML o fragmentos de texto).
[2026-10-08 11:58:38] [CUPONS_ML] Se extrajeron exitosamente 8 cupones de ML Oficial.
[2026-10-08 11:58:38] [CUPONS_ML] Limpieza completada: 0 vencidos eliminados, 0 marcados vigente=false.
[2026-10-08 11:58:38] [CUPONS_ML] Cupones ML actualizados: 0 nuevos, 8 refrescados.
[2026-10-08 11:58:38] [CUPONS_ML] Total cupones en cupones.json: 86
[2026-10-08 11:58:38] [CUPONES] Fuente oficial ML refrescada: 8 cupón(es).
[2026-10-08 11:58:38] [CUPONES] Sin cupones nuevos (88 códigos ya vistos).
[2026-10-08 12:05:34] [CUPONS_ML] Consultando página oficial https://www.mercadolivre.com.br/cupons (Cookie presente: True)...
[2026-10-08 12:05:35] [CUPONS_ML] 51 código(s) inválidos descartados (blobs del estado interno de ML o fragmentos de texto).
[2026-10-08 12:05:35] [CUPONS_ML] Se extrajeron exitosamente 8 cupones de ML Oficial.
[2026-10-08 12:05:35] [CUPONS_ML] Limpieza completada: 0 vencidos eliminados, 0 marcados vigente=false.
[2026-10-08 12:05:35] [CUPONS_ML] Cupones ML actualizados: 0 nuevos, 8 refrescados.
[2026-10-08 12:05:35] [CUPONS_ML] Total cupones en cupones.json: 86
[2026-10-08 12:05:35] [CUPONES] Fuente oficial ML refrescada: 8 cupón(es).
[2026-10-08 12:05:35] [CUPONES] Sin cupones nuevos (88 códigos ya vistos).
[2026-10-08 12:11:28] [CUPONS_ML] Consultando página oficial https://www.mercadolivre.com.br/cupons (Cookie presente: True)...
[2026-10-08 12:11:29] [CUPONS_ML] 51 código(s) inválidos descartados (blobs del estado interno de ML o fragmentos de texto).
[2026-10-08 12:11:29] [CUPONS_ML] Se extrajeron exitosamente 8 cupones de ML Oficial.
[2026-10-08 12:11:29] [CUPONS_ML] Limpieza completada: 0 vencidos eliminados, 0 marcados vigente=false.
[2026-10-08 12:11:29] [CUPONS_ML] Cupones ML actualizados: 0 nuevos, 8 refrescados.
[2026-10-08 12:11:29] [CUPONS_ML] Total cupones en cupones.json: 86
[2026-10-08 12:11:29] [CUPONES] Fuente oficial ML refrescada: 8 cupón(es).
[2026-10-08 12:11:29] [CUPONES] Sin cupones nuevos (88 códigos ya vistos).
[2026-10-08 12:19:41] [CUPONS_ML] Consultando página oficial https://www.mercadolivre.com.br/cupons (Cookie presente: True)...
[2026-10-08 12:19:41] [CUPONS_ML] 54 código(s) inválidos descartados (blobs del estado interno de ML o fragmentos de texto).
[2026-10-08 12:19:41] [CUPONS_ML] Se extrajeron exitosamente 8 cupones de ML Oficial.
[2026-10-08 12:19:41] [CUPONS_ML] Limpieza completada: 0 vencidos eliminados, 0 marcados vigente=false.
[2026-10-08 12:19:41] [CUPONS_ML] Cupones ML actualizados: 0 nuevos, 8 refrescados.
[2026-10-08 12:19:41] [CUPONS_ML] Total cupones en cupones.json: 86
[2026-10-08 12:19:41] [CUPONES] Fuente oficial ML refrescada: 8 cupón(es).
[2026-10-08 12:19:41] [CUPONES] Sin cupones nuevos (88 códigos ya vistos).
[2026-10-08 12:27:25] [CUPONS_ML] Consultando página oficial https://www.mercadolivre.com.br/cupons (Cookie presente: True)...
[2026-10-08 12:27:26] [CUPONS_ML] 54 código(s) inválidos descartados (blobs del estado interno de ML o fragmentos de texto).
[2026-10-08 12:27:26] [CUPONS_ML] Se extrajeron exitosamente 8 cupones de ML Oficial.
[2026-10-08 12:27:26] [CUPONS_ML] Limpieza completada: 0 vencidos eliminados, 0 marcados vigente=false.
[2026-10-08 12:27:26] [CUPONS_ML] Cupones ML actualizados: 0 nuevos, 8 refrescados.
[2026-10-08 12:27:26] [CUPONS_ML] Total cupones en cupones.json: 86
[2026-10-08 12:27:26] [CUPONES] Fuente oficial ML refrescada: 8 cupón(es).
[2026-10-08 12:27:26] [CUPONES] Sin cupones nuevos (88 códigos ya vistos).
[2026-10-08 12:32:54] [CUPONS_ML] Consultando página oficial https://www.mercadolivre.com.br/cupons (Cookie presente: True)...
[2026-10-08 12:32:55] [CUPONS_ML] 54 código(s) inválidos descartados (blobs del estado interno de ML o fragmentos de texto).
[2026-10-08 12:32:55] [CUPONS_ML] Se extrajeron exitosamente 8 cupones de ML Oficial.
[2026-10-08 12:32:55] [CUPONS_ML] Limpieza completada: 0 vencidos eliminados, 0 marcados vigente=false.
[2026-10-08 12:32:55] [CUPONS_ML] Cupones ML actualizados: 0 nuevos, 8 refrescados.
[2026-10-08 12:32:55] [CUPONS_ML] Total cupones en cupones.json: 86
[2026-10-08 12:32:55] [CUPONES] Fuente oficial ML refrescada: 8 cupón(es).
[2026-10-08 12:32:55] [CUPONES] Sin cupones nuevos (88 códigos ya vistos).
[2026-10-08 12:44:20] [CUPONS_ML] Consultando página oficial https://www.mercadolivre.com.br/cupons (Cookie presente: True)...
[2026-10-08 12:44:21] [CUPONS_ML] 57 código(s) inválidos descartados (blobs del estado interno de ML o fragmentos de texto).
[2026-10-08 12:44:21] [CUPONS_ML] Se extrajeron exitosamente 8 cupones de ML Oficial.
[2026-10-08 12:44:21] [CUPONS_ML] Limpieza completada: 0 vencidos eliminados, 0 marcados vigente=false.
[2026-10-08 12:44:21] [CUPONS_ML] Cupones ML actualizados: 0 nuevos, 8 refrescados.
[2026-10-08 12:44:21] [CUPONS_ML] Total cupones en cupones.json: 86
[2026-10-08 12:44:21] [CUPONES] Fuente oficial ML refrescada: 8 cupón(es).
[2026-10-08 12:44:21] [CUPONES] Sin cupones nuevos (88 códigos ya vistos).
[2026-10-08 12:53:07] [CUPONS_ML] Consultando página oficial https://www.mercadolivre.com.br/cupons (Cookie presente: True)...
[2026-10-08 12:53:08] [CUPONS_ML] 57 código(s) inválidos descartados (blobs del estado interno de ML o fragmentos de texto).
[2026-10-08 12:53:08] [CUPONS_ML] Se extrajeron exitosamente 8 cupones de ML Oficial.
[2026-10-08 12:53:08] [CUPONS_ML] Limpieza completada: 0 vencidos eliminados, 0 marcados vigente=false.
[2026-10-08 12:53:08] [CUPONS_ML] Cupones ML actualizados: 0 nuevos, 8 refrescados.
[2026-10-08 12:53:08] [CUPONS_ML] Total cupones en cupones.json: 86
[2026-10-08 12:53:08] [CUPONES] Fuente oficial ML refrescada: 8 cupón(es).
[2026-10-08 12:53:08] [CUPONES] Sin cupones nuevos (88 códigos ya vistos).
[2026-10-08 12:58:38] [CUPONS_ML] Consultando página oficial https://www.mercadolivre.com.br/cupons (Cookie presente: True)...
[2026-10-08 12:58:39] [CUPONS_ML] 57 código(s) inválidos descartados (blobs del estado interno de ML o fragmentos de texto).
[2026-10-08 12:58:39] [CUPONS_ML] Se extrajeron exitosamente 8 cupones de ML Oficial.
[2026-10-08 12:58:39] [CUPONS_ML] Limpieza completada: 0 vencidos eliminados, 0 marcados vigente=false.
[2026-10-08 12:58:39] [CUPONS_ML] Cupones ML actualizados: 0 nuevos, 8 refrescados.
[2026-10-08 12:58:39] [CUPONS_ML] Total cupones en cupones.json: 86
[2026-10-08 12:58:39] [CUPONES] Fuente oficial ML refrescada: 8 cupón(es).
[2026-10-08 12:58:39] [CUPONES] Sin cupones nuevos (88 códigos ya vistos).
[2026-10-08 13:07:42] [CUPONS_ML] Consultando página oficial https://www.mercadolivre.com.br/cupons (Cookie presente: True)...
[2026-10-08 13:07:43] [CUPONS_ML] 57 código(s) inválidos descartados (blobs del estado interno de ML o fragmentos de texto).
[2026-10-08 13:07:43] [CUPONS_ML] Se extrajeron exitosamente 8 cupones de ML Oficial.
[2026-10-08 13:07:43] [CUPONS_ML] Limpieza completada: 0 vencidos eliminados, 0 marcados vigente=false.
[2026-10-08 13:07:43] [CUPONS_ML] Cupones ML actualizados: 0 nuevos, 8 refrescados.
[2026-10-08 13:07:43] [CUPONS_ML] Total cupones en cupones.json: 86
[2026-10-08 13:07:43] [CUPONES] Fuente oficial ML refrescada: 8 cupón(es).
[2026-10-08 13:07:43] [CUPONES] Sin cupones nuevos (88 códigos ya vistos).
[2026-10-08 13:13:35] [CUPONS_ML] Consultando página oficial https://www.mercadolivre.com.br/cupons (Cookie presente: True)...
[2026-10-08 13:13:36] [CUPONS_ML] 57 código(s) inválidos descartados (blobs del estado interno de ML o fragmentos de texto).
[2026-10-08 13:13:36] [CUPONS_ML] Se extrajeron exitosamente 8 cupones de ML Oficial.
[2026-10-08 13:13:36] [CUPONS_ML] Limpieza completada: 0 vencidos eliminados, 0 marcados vigente=false.
[2026-10-08 13:13:36] [CUPONS_ML] Cupones ML actualizados: 0 nuevos, 8 refrescados.
[2026-10-08 13:13:36] [CUPONS_ML] Total cupones en cupones.json: 86
[2026-10-08 13:13:36] [CUPONES] Fuente oficial ML refrescada: 8 cupón(es).
[2026-10-08 13:13:36] [CUPONES] Sin cupones nuevos (88 códigos ya vistos).
[2026-10-08 13:26:15] [CUPONS_ML] Consultando página oficial https://www.mercadolivre.com.br/cupons (Cookie presente: True)...
[2026-10-08 13:26:15] [CUPONS_ML] 57 código(s) inválidos descartados (blobs del estado interno de ML o fragmentos de texto).
[2026-10-08 13:26:15] [CUPONS_ML] Se extrajeron exitosamente 8 cupones de ML Oficial.
[2026-10-08 13:26:15] [CUPONS_ML] Limpieza completada: 0 vencidos eliminados, 0 marcados vigente=false.
[2026-10-08 13:26:15] [CUPONS_ML] Cupones ML actualizados: 0 nuevos, 8 refrescados.
[2026-10-08 13:26:15] [CUPONS_ML] Total cupones en cupones.json: 86
[2026-10-08 13:26:15] [CUPONES] Fuente oficial ML refrescada: 8 cupón(es).
[2026-10-08 13:26:15] [CUPONES] Sin cupones nuevos (88 códigos ya vistos).
[2026-10-08 13:33:44] [CUPONS_ML] Consultando página oficial https://www.mercadolivre.com.br/cupons (Cookie presente: True)...
[2026-10-08 13:33:44] [CUPONS_ML] 57 código(s) inválidos descartados (blobs del estado interno de ML o fragmentos de texto).
[2026-10-08 13:33:44] [CUPONS_ML] Se extrajeron exitosamente 8 cupones de ML Oficial.
[2026-10-08 13:33:44] [CUPONS_ML] Limpieza completada: 0 vencidos eliminados, 0 marcados vigente=false.
[2026-10-08 13:33:44] [CUPONS_ML] Cupones ML actualizados: 0 nuevos, 8 refrescados.
[2026-10-08 13:33:44] [CUPONS_ML] Total cupones en cupones.json: 86
[2026-10-08 13:33:44] [CUPONES] Fuente oficial ML refrescada: 8 cupón(es).
[2026-10-08 13:33:44] [CUPONES] Sin cupones nuevos (88 códigos ya vistos).
[2026-10-08 13:58:10] [AGENTE-AMAZON] Cosechando ofertas quentes de Amazon en Pelando...
[2026-10-08 13:58:10] [AGENTE-AMAZON] Amazon Pelando: 1 ofertas reales | descartadas: 2 campañas, 0 sin ficha, 1 sin precio legible, 1 duplicadas
[2026-10-08 13:58:10] [AGENTE-AMAZON] Cosechando ofertas quentes de Amazon en Pelando...
[2026-10-08 13:58:13] [AGENTE-AMAZON] Amazon Pelando: 0 ofertas reales | descartadas: 2 campañas, 0 sin ficha, 2 sin precio legible, 1 duplicadas
[2026-10-08 13:58:13] [AGENTE-AMAZON] Cosechando Bestsellers y ofertas de categorías Amazon...
[2026-10-08 13:58:15] [AGENTE-AMAZON] Amazon direct: 0 ofertas cosechadas | categorias OK 0/1 | HTTP {503: 1}
[2026-10-08 11:02:09] [AGENTE-AMAZON] Cosechando ofertas quentes de Amazon en Pelando...
[2026-10-08 11:02:09] [AGENTE-AMAZON] Amazon Pelando: 1 ofertas reales | descartadas: 2 campañas, 0 sin ficha, 1 sin precio legible, 1 duplicadas
[2026-10-08 11:02:09] [AGENTE-AMAZON] Cosechando ofertas quentes de Amazon en Pelando...
[2026-10-08 11:02:12] [AGENTE-AMAZON] Amazon Pelando: 0 ofertas reales | descartadas: 2 campañas, 0 sin ficha, 2 sin precio legible, 1 duplicadas
[2026-10-08 11:02:12] [AGENTE-AMAZON] Cosechando Bestsellers y ofertas de categorías Amazon...
[2026-10-08 11:02:14] [AGENTE-AMAZON] Amazon direct: 0 ofertas cosechadas | categorias OK 0/1 | HTTP {503: 1}
[2026-10-08 14:03:50] [AGENTE-AMAZON] Cosechando ofertas quentes de Amazon en Pelando...
[2026-10-08 14:03:50] [AGENTE-AMAZON] Amazon Pelando: 1 ofertas reales | descartadas: 2 campañas, 0 sin ficha, 1 sin precio legible, 1 duplicadas
[2026-10-08 14:03:50] [AGENTE-AMAZON] Cosechando ofertas quentes de Amazon en Pelando...
[2026-10-08 14:03:53] [AGENTE-AMAZON] Amazon Pelando: 0 ofertas reales | descartadas: 2 campañas, 0 sin ficha, 2 sin precio legible, 1 duplicadas
[2026-10-08 14:03:53] [AGENTE-AMAZON] Cosechando Bestsellers y ofertas de categorías Amazon...
[2026-10-08 14:03:55] [AGENTE-AMAZON] Amazon direct: 0 ofertas cosechadas | categorias OK 0/1 | HTTP {503: 1}
[2026-10-08 14:12:00] [CUPONS_ML] Consultando página oficial https://www.mercadolivre.com.br/cupons (Cookie presente: True)...
[2026-10-08 14:12:01] [CUPONS_ML] 57 código(s) inválidos descartados (blobs del estado interno de ML o fragmentos de texto).
[2026-10-08 14:12:01] [CUPONS_ML] Se extrajeron exitosamente 8 cupones de ML Oficial.
[2026-10-08 14:12:01] [CUPONS_ML] Limpieza completada: 0 vencidos eliminados, 0 marcados vigente=false.
[2026-10-08 14:12:01] [CUPONS_ML] Cupones ML actualizados: 0 nuevos, 8 refrescados.
[2026-10-08 14:12:01] [CUPONS_ML] Total cupones en cupones.json: 94
[2026-10-08 14:12:01] [PELANDO] Scraping Amazon (https://www.pelando.com.br/cupons-de-descontos/amazon)
[2026-10-08 14:12:06] [PELANDO]   Falha ao acessar Amazon
[2026-10-08 14:12:08] [PELANDO] Scraping KaBuM! (https://www.pelando.com.br/cupons-de-descontos/kabum)
[2026-10-08 14:12:12] [PELANDO]   Falha ao acessar KaBuM!
[2026-10-08 14:12:14] [PELANDO] Scraping Mercado Livre (https://www.pelando.com.br/cupons-de-descontos/mercado-livre)
[2026-10-08 14:12:19] [PELANDO]   Falha ao acessar Mercado Livre
[2026-10-08 14:12:21] [PELANDO] Scraping Shopee (https://www.pelando.com.br/cupons-de-descontos/shopee)
[2026-10-08 14:12:25] [PELANDO]   Falha ao acessar Shopee
[2026-10-08 14:12:27] [PELANDO] Scraping Magazine Luiza (https://www.pelando.com.br/cupons-de-descontos/magalu)
[2026-10-08 14:12:31] [PELANDO]   Falha ao acessar Magazine Luiza
[2026-10-08 14:12:33] [PELANDO] Scraping AliExpress (https://www.pelando.com.br/cupons-de-descontos/aliexpress)
[2026-10-08 14:12:38] [PELANDO]   Falha ao acessar AliExpress
[2026-10-08 14:12:40] [PELANDO] Scraping Pichau (https://www.pelando.com.br/cupons-de-descontos/pichau)
[2026-10-08 14:12:44] [PELANDO]   Falha ao acessar Pichau
[2026-10-08 14:12:46] [PELANDO] Scraping Terabyte Shop (https://www.pelando.com.br/cupons-de-descontos/terabyte)
[2026-10-08 14:12:50] [PELANDO]   Falha ao acessar Terabyte Shop
[2026-10-08 14:12:52] [PELANDO] Completado: 0 Pelando + 94 manuales = 94 total
[2026-10-08 14:12:52] [AGENTE-ML] Consultando scraping de ofertas en Mercado Livre...
[2026-10-08 14:13:27] [AGENTE-ML] Scraping ML: 307 ofertas obtenidas
[2026-10-08 14:13:27] [AGENTE-ML] Guardados 238 achados en achados_ml.json
[2026-10-08 14:13:27] [AGENTE-AMAZON] Cosechando Bestsellers y ofertas de categorías Amazon...
[2026-10-08 14:14:27] [AGENTE-AMAZON] Amazon direct: 0 ofertas cosechadas | categorias OK 25/28 | HTTP {503: 3} | sin tarjetas 25
[2026-10-08 14:14:27] [AGENTE-AMAZON] Cosechando ofertas quentes de Amazon en Pelando...
[2026-10-08 14:14:27] [AGENTE-AMAZON] Pelando Amazon: HTTP 403
[2026-10-08 14:14:27] [AGENTE-AMAZON] Guardados 0 achados en achados_amazon.json
[2026-10-08 14:15:03] [AGENTE-AMAZON] Cosechando ofertas quentes de Amazon en Pelando...
[2026-10-08 14:15:03] [AGENTE-AMAZON] Amazon Pelando: 1 ofertas reales | descartadas: 2 campañas, 0 sin ficha, 1 sin precio legible, 1 duplicadas
[2026-10-08 14:15:03] [AGENTE-AMAZON] Cosechando ofertas quentes de Amazon en Pelando...
[2026-10-08 14:15:06] [AGENTE-AMAZON] Amazon Pelando: 0 ofertas reales | descartadas: 2 campañas, 0 sin ficha, 2 sin precio legible, 1 duplicadas
[2026-10-08 14:15:06] [AGENTE-AMAZON] Cosechando Bestsellers y ofertas de categorías Amazon...
[2026-10-08 14:15:08] [AGENTE-AMAZON] Amazon direct: 0 ofertas cosechadas | categorias OK 0/1 | HTTP {503: 1}
[2026-10-08 14:15:09] [CUPONS_ML] Consultando página oficial https://www.mercadolivre.com.br/cupons (Cookie presente: True)...
[2026-10-08 14:15:09] [CUPONS_ML] 57 código(s) inválidos descartados (blobs del estado interno de ML o fragmentos de texto).
[2026-10-08 14:15:09] [CUPONS_ML] Se extrajeron exitosamente 8 cupones de ML Oficial.
[2026-10-08 14:15:09] [CUPONS_ML] Limpieza completada: 0 vencidos eliminados, 0 marcados vigente=false.
[2026-10-08 14:15:09] [CUPONS_ML] Cupones ML actualizados: 0 nuevos, 8 refrescados.
[2026-10-08 14:15:09] [CUPONS_ML] Total cupones en cupones.json: 94
[2026-10-08 14:15:09] [CUPONES] Fuente oficial ML refrescada: 8 cupón(es).
[2026-10-08 14:15:10] [CUPONES] Cupones NUEVOS detectados: 8 (SALVAMEUBOLSO, ACHEINOMELI, MUITOBARATO, PROMOBRINQUEDOS, MELHORDODIA, SPORTS1010...)
[2026-10-08 14:15:10] [CUPONES] Enlace de afiliado: meli.la (corto) -> https://achadinhosnozap.com.br/go/34en4m/
[2026-10-08 14:15:11] [CUPONES] ✅ Publicado cupón SALVAMEUBOLSO (detectado -> publicado: 44.0 min)
[2026-10-08 14:15:11] [CUPONES] Se corta aquí: último envío hace 0.0 min (< 3 min).
[2026-10-08 14:15:11] [CUPONES] Fin. Cupones publicados en esta pasada: 1
[2026-10-08 14:21:52] [CUPONS_ML] Consultando página oficial https://www.mercadolivre.com.br/cupons (Cookie presente: True)...
[2026-10-08 14:21:53] [CUPONS_ML] 57 código(s) inválidos descartados (blobs del estado interno de ML o fragmentos de texto).
[2026-10-08 14:21:53] [CUPONS_ML] Se extrajeron exitosamente 8 cupones de ML Oficial.
[2026-10-08 14:21:53] [CUPONS_ML] Limpieza completada: 0 vencidos eliminados, 0 marcados vigente=false.
[2026-10-08 14:21:53] [CUPONS_ML] Cupones ML actualizados: 0 nuevos, 8 refrescados.
[2026-10-08 14:21:53] [CUPONS_ML] Total cupones en cupones.json: 94
[2026-10-08 14:21:53] [CUPONES] Fuente oficial ML refrescada: 8 cupón(es).
[2026-10-08 14:21:53] [CUPONES] Cupones NUEVOS detectados: 7 (ACHEINOMELI, MUITOBARATO, PROMOBRINQUEDOS, MELHORDODIA, SPORTS1010, OPORTUNIDADEML...)
[2026-10-08 14:21:53] [CUPONES] Enlace de afiliado: meli.la (corto) -> https://achadinhosnozap.com.br/go/34en4m/
[2026-10-08 14:21:54] [CUPONES] ✅ Publicado cupón ACHEINOMELI (detectado -> publicado: 50.7 min)
[2026-10-08 14:21:54] [CUPONES] Se corta aquí: último envío hace 0.0 min (< 3 min).
[2026-10-08 14:21:54] [CUPONES] Fin. Cupones publicados en esta pasada: 1
[2026-10-08 14:26:39] [CUPONES] Anotados 4 código(s) como publicados (tanda).
[2026-10-08 14:35:56] [CUPONS_ML] Consultando página oficial https://www.mercadolivre.com.br/cupons (Cookie presente: True)...
[2026-10-08 14:35:57] [CUPONS_ML] 57 código(s) inválidos descartados (blobs del estado interno de ML o fragmentos de texto).
[2026-10-08 14:35:57] [CUPONS_ML] Se extrajeron exitosamente 8 cupones de ML Oficial.
[2026-10-08 14:35:57] [CUPONS_ML] Limpieza completada: 0 vencidos eliminados, 0 marcados vigente=false.
[2026-10-08 14:35:57] [CUPONS_ML] Cupones ML actualizados: 0 nuevos, 8 refrescados.
[2026-10-08 14:35:57] [CUPONS_ML] Total cupones en cupones.json: 94
[2026-10-08 14:35:57] [CUPONES] Fuente oficial ML refrescada: 8 cupón(es).
[2026-10-08 14:35:57] [CUPONES] Cupones NUEVOS detectados: 6 (MUITOBARATO, PROMOBRINQUEDOS, MELHORDODIA, SPORTS1010, OPORTUNIDADEML, CUSTAPOUCO)
[2026-10-08 14:35:57] [CUPONES] Enlace de afiliado: meli.la (corto) -> https://achadinhosnozap.com.br/go/34en4m/
[2026-10-08 14:35:57] [CUPONES] Se corta aquí: tope por hora alcanzado (3).
[2026-10-08 14:35:57] [CUPONES] Fin. Cupones publicados en esta pasada: 0
[2026-10-08 14:35:58] [CUPONES] Anotados 4 código(s) como publicados (tanda).
[2026-10-08 14:45:32] [CUPONS_ML] Consultando página oficial https://www.mercadolivre.com.br/cupons (Cookie presente: True)...
[2026-10-08 14:45:33] [CUPONS_ML] 54 código(s) inválidos descartados (blobs del estado interno de ML o fragmentos de texto).
[2026-10-08 14:45:33] [CUPONS_ML] Se extrajeron exitosamente 8 cupones de ML Oficial.
[2026-10-08 14:45:33] [CUPONS_ML] Limpieza completada: 0 vencidos eliminados, 0 marcados vigente=false.
[2026-10-08 14:45:33] [CUPONS_ML] Cupones ML actualizados: 0 nuevos, 8 refrescados.
[2026-10-08 14:45:33] [CUPONS_ML] Total cupones en cupones.json: 94
[2026-10-08 14:45:33] [CUPONES] Fuente oficial ML refrescada: 8 cupón(es).
[2026-10-08 14:45:33] [CUPONES] Cupones NUEVOS detectados: 6 (MUITOBARATO, PROMOBRINQUEDOS, MELHORDODIA, SPORTS1010, OPORTUNIDADEML, CUSTAPOUCO)
[2026-10-08 14:45:33] [CUPONES] Enlace de afiliado: meli.la (corto) -> https://achadinhosnozap.com.br/go/34en4m/
[2026-10-08 14:45:33] [CUPONES] Se corta aquí: tope por hora alcanzado (3).
[2026-10-08 14:45:33] [CUPONES] Fin. Cupones publicados en esta pasada: 0
[2026-10-08 14:59:45] [CUPONS_ML] Consultando página oficial https://www.mercadolivre.com.br/cupons (Cookie presente: True)...
[2026-10-08 14:59:46] [CUPONS_ML] 57 código(s) inválidos descartados (blobs del estado interno de ML o fragmentos de texto).
[2026-10-08 14:59:46] [CUPONS_ML] Se extrajeron exitosamente 8 cupones de ML Oficial.
[2026-10-08 14:59:46] [CUPONS_ML] Limpieza completada: 0 vencidos eliminados, 0 marcados vigente=false.
[2026-10-08 14:59:46] [CUPONS_ML] Cupones ML actualizados: 0 nuevos, 8 refrescados.
[2026-10-08 14:59:46] [CUPONS_ML] Total cupones en cupones.json: 94
[2026-10-08 14:59:46] [CUPONES] Fuente oficial ML refrescada: 8 cupón(es).
[2026-10-08 14:59:46] [CUPONES] Cupones NUEVOS detectados: 6 (MUITOBARATO, PROMOBRINQUEDOS, MELHORDODIA, SPORTS1010, OPORTUNIDADEML, CUSTAPOUCO)
[2026-10-08 14:59:46] [CUPONES] Enlace de afiliado: meli.la (corto) -> https://achadinhosnozap.com.br/go/34en4m/
[2026-10-08 14:59:46] [CUPONES] Se corta aquí: tope por hora alcanzado (3).
[2026-10-08 14:59:46] [CUPONES] Fin. Cupones publicados en esta pasada: 0
[2026-10-08 15:10:03] [CUPONS_ML] Consultando página oficial https://www.mercadolivre.com.br/cupons (Cookie presente: True)...
[2026-10-08 15:10:04] [CUPONS_ML] 57 código(s) inválidos descartados (blobs del estado interno de ML o fragmentos de texto).
[2026-10-08 15:10:04] [CUPONS_ML] Se extrajeron exitosamente 8 cupones de ML Oficial.
[2026-10-08 15:10:04] [CUPONS_ML] Limpieza completada: 0 vencidos eliminados, 0 marcados vigente=false.
[2026-10-08 15:10:04] [CUPONS_ML] Cupones ML actualizados: 0 nuevos, 8 refrescados.
[2026-10-08 15:10:04] [CUPONS_ML] Total cupones en cupones.json: 94
[2026-10-08 15:10:04] [CUPONES] Fuente oficial ML refrescada: 8 cupón(es).
[2026-10-08 15:10:04] [CUPONES] Cupones NUEVOS detectados: 6 (MUITOBARATO, PROMOBRINQUEDOS, MELHORDODIA, SPORTS1010, OPORTUNIDADEML, CUSTAPOUCO)
[2026-10-08 15:10:04] [CUPONES] Enlace de afiliado: meli.la (corto) -> https://achadinhosnozap.com.br/go/34en4m/
[2026-10-08 15:10:04] [CUPONES] Se corta aquí: tope por hora alcanzado (3).
[2026-10-08 15:10:04] [CUPONES] Fin. Cupones publicados en esta pasada: 0
[2026-10-08 15:19:33] [CUPONS_ML] Consultando página oficial https://www.mercadolivre.com.br/cupons (Cookie presente: True)...
[2026-10-08 15:19:33] [CUPONS_ML] 54 código(s) inválidos descartados (blobs del estado interno de ML o fragmentos de texto).
[2026-10-08 15:19:33] [CUPONS_ML] Se extrajeron exitosamente 8 cupones de ML Oficial.
[2026-10-08 15:19:33] [CUPONS_ML] Limpieza completada: 0 vencidos eliminados, 0 marcados vigente=false.
[2026-10-08 15:19:33] [CUPONS_ML] Cupones ML actualizados: 0 nuevos, 8 refrescados.
[2026-10-08 15:19:33] [CUPONS_ML] Total cupones en cupones.json: 94
[2026-10-08 15:19:33] [CUPONES] Fuente oficial ML refrescada: 8 cupón(es).
[2026-10-08 15:19:33] [CUPONES] Cupones NUEVOS detectados: 6 (MUITOBARATO, PROMOBRINQUEDOS, MELHORDODIA, SPORTS1010, OPORTUNIDADEML, CUSTAPOUCO)
[2026-10-08 15:19:34] [CUPONES] Enlace de afiliado: meli.la (corto) -> https://achadinhosnozap.com.br/go/34en4m/
[2026-10-08 15:19:34] [CUPONES] Se corta aquí: tope por hora alcanzado (3).
[2026-10-08 15:19:34] [CUPONES] Fin. Cupones publicados en esta pasada: 0
[2026-10-08 15:25:11] [CUPONS_ML] Consultando página oficial https://www.mercadolivre.com.br/cupons (Cookie presente: True)...
[2026-10-08 15:25:12] [CUPONS_ML] 57 código(s) inválidos descartados (blobs del estado interno de ML o fragmentos de texto).
[2026-10-08 15:25:12] [CUPONS_ML] Se extrajeron exitosamente 8 cupones de ML Oficial.
[2026-10-08 15:25:12] [CUPONS_ML] Limpieza completada: 0 vencidos eliminados, 0 marcados vigente=false.
[2026-10-08 15:25:12] [CUPONS_ML] Cupones ML actualizados: 0 nuevos, 8 refrescados.
[2026-10-08 15:25:12] [CUPONS_ML] Total cupones en cupones.json: 94
[2026-10-08 15:25:12] [CUPONES] Fuente oficial ML refrescada: 8 cupón(es).
[2026-10-08 15:25:12] [CUPONES] Cupones NUEVOS detectados: 6 (MUITOBARATO, PROMOBRINQUEDOS, MELHORDODIA, SPORTS1010, OPORTUNIDADEML, CUSTAPOUCO)
[2026-10-08 15:25:12] [CUPONES] Enlace de afiliado: meli.la (corto) -> https://achadinhosnozap.com.br/go/34en4m/
[2026-10-08 15:25:12] [CUPONES] Se corta aquí: tope por hora alcanzado (3).
[2026-10-08 15:25:12] [CUPONES] Fin. Cupones publicados en esta pasada: 0
[2026-10-08 15:30:52] [CUPONS_ML] Consultando página oficial https://www.mercadolivre.com.br/cupons (Cookie presente: True)...
[2026-10-08 15:30:53] [CUPONS_ML] 57 código(s) inválidos descartados (blobs del estado interno de ML o fragmentos de texto).
[2026-10-08 15:30:53] [CUPONS_ML] Se extrajeron exitosamente 8 cupones de ML Oficial.
[2026-10-08 15:30:53] [CUPONS_ML] Limpieza completada: 0 vencidos eliminados, 0 marcados vigente=false.
[2026-10-08 15:30:53] [CUPONS_ML] Cupones ML actualizados: 0 nuevos, 8 refrescados.
[2026-10-08 15:30:53] [CUPONS_ML] Total cupones en cupones.json: 94
[2026-10-08 15:30:53] [CUPONES] Fuente oficial ML refrescada: 8 cupón(es).
[2026-10-08 15:30:53] [CUPONES] Cupones NUEVOS detectados: 6 (MUITOBARATO, PROMOBRINQUEDOS, MELHORDODIA, SPORTS1010, OPORTUNIDADEML, CUSTAPOUCO)
[2026-10-08 15:30:53] [CUPONES] Enlace de afiliado: meli.la (corto) -> https://achadinhosnozap.com.br/go/34en4m/
[2026-10-08 15:30:53] [CUPONES] Se corta aquí: tope por hora alcanzado (3).
[2026-10-08 15:30:53] [CUPONES] Fin. Cupones publicados en esta pasada: 0
[2026-10-08 15:38:17] [CUPONS_ML] Consultando página oficial https://www.mercadolivre.com.br/cupons (Cookie presente: True)...
[2026-10-08 15:38:18] [CUPONS_ML] 57 código(s) inválidos descartados (blobs del estado interno de ML o fragmentos de texto).
[2026-10-08 15:38:18] [CUPONS_ML] Se extrajeron exitosamente 8 cupones de ML Oficial.
[2026-10-08 15:38:18] [CUPONS_ML] Limpieza completada: 0 vencidos eliminados, 0 marcados vigente=false.
[2026-10-08 15:38:18] [CUPONS_ML] Cupones ML actualizados: 0 nuevos, 8 refrescados.
[2026-10-08 15:38:18] [CUPONS_ML] Total cupones en cupones.json: 94
[2026-10-08 15:38:18] [CUPONES] Fuente oficial ML refrescada: 8 cupón(es).
[2026-10-08 15:38:18] [CUPONES] Cupones NUEVOS detectados: 6 (MUITOBARATO, PROMOBRINQUEDOS, MELHORDODIA, SPORTS1010, OPORTUNIDADEML, CUSTAPOUCO)
[2026-10-08 15:38:18] [CUPONES] Enlace de afiliado: meli.la (corto) -> https://achadinhosnozap.com.br/go/34en4m/
[2026-10-08 15:38:18] [CUPONES] Se corta aquí: tope diario de cupones alcanzado (15).
[2026-10-08 15:38:18] [CUPONES] Fin. Cupones publicados en esta pasada: 0
[2026-10-08 15:48:13] [CUPONS_ML] Consultando página oficial https://www.mercadolivre.com.br/cupons (Cookie presente: True)...
[2026-10-08 15:48:14] [CUPONS_ML] 54 código(s) inválidos descartados (blobs del estado interno de ML o fragmentos de texto).
[2026-10-08 15:48:14] [CUPONS_ML] Se extrajeron exitosamente 8 cupones de ML Oficial.
[2026-10-08 15:48:14] [CUPONS_ML] Limpieza completada: 0 vencidos eliminados, 0 marcados vigente=false.
[2026-10-08 15:48:14] [CUPONS_ML] Cupones ML actualizados: 0 nuevos, 8 refrescados.
[2026-10-08 15:48:14] [CUPONS_ML] Total cupones en cupones.json: 94
[2026-10-08 15:48:14] [CUPONES] Fuente oficial ML refrescada: 8 cupón(es).
[2026-10-08 15:48:14] [CUPONES] Cupones NUEVOS detectados: 6 (MUITOBARATO, PROMOBRINQUEDOS, MELHORDODIA, SPORTS1010, OPORTUNIDADEML, CUSTAPOUCO)
[2026-10-08 15:48:14] [CUPONES] Enlace de afiliado: meli.la (corto) -> https://achadinhosnozap.com.br/go/34en4m/
[2026-10-08 15:48:14] [CUPONES] Se corta aquí: tope diario de cupones alcanzado (15).
[2026-10-08 15:48:14] [CUPONES] Fin. Cupones publicados en esta pasada: 0
[2026-10-08 15:58:38] [CUPONS_ML] Consultando página oficial https://www.mercadolivre.com.br/cupons (Cookie presente: True)...
[2026-10-08 15:58:38] [CUPONS_ML] 54 código(s) inválidos descartados (blobs del estado interno de ML o fragmentos de texto).
[2026-10-08 15:58:38] [CUPONS_ML] Se extrajeron exitosamente 8 cupones de ML Oficial.
[2026-10-08 15:58:38] [CUPONS_ML] Limpieza completada: 0 vencidos eliminados, 0 marcados vigente=false.
[2026-10-08 15:58:38] [CUPONS_ML] Cupones ML actualizados: 0 nuevos, 8 refrescados.
[2026-10-08 15:58:38] [CUPONS_ML] Total cupones en cupones.json: 94
[2026-10-08 15:58:38] [CUPONES] Fuente oficial ML refrescada: 8 cupón(es).
[2026-10-08 15:58:38] [CUPONES] Cupones NUEVOS detectados: 6 (MUITOBARATO, PROMOBRINQUEDOS, MELHORDODIA, SPORTS1010, OPORTUNIDADEML, CUSTAPOUCO)
[2026-10-08 15:58:38] [CUPONES] Enlace de afiliado: meli.la (corto) -> https://achadinhosnozap.com.br/go/34en4m/
[2026-10-08 15:58:38] [CUPONES] Se corta aquí: tope diario de cupones alcanzado (15).
[2026-10-08 15:58:38] [CUPONES] Fin. Cupones publicados en esta pasada: 0
[2026-10-08 16:10:35] [CUPONS_ML] Consultando página oficial https://www.mercadolivre.com.br/cupons (Cookie presente: True)...
[2026-10-08 16:10:36] [CUPONS_ML] 54 código(s) inválidos descartados (blobs del estado interno de ML o fragmentos de texto).
[2026-10-08 16:10:36] [CUPONS_ML] Se extrajeron exitosamente 8 cupones de ML Oficial.
[2026-10-08 16:10:36] [CUPONS_ML] Limpieza completada: 0 vencidos eliminados, 0 marcados vigente=false.
[2026-10-08 16:10:36] [CUPONS_ML] Cupones ML actualizados: 0 nuevos, 8 refrescados.
[2026-10-08 16:10:36] [CUPONS_ML] Total cupones en cupones.json: 94
[2026-10-08 16:10:36] [CUPONES] Fuente oficial ML refrescada: 8 cupón(es).
[2026-10-08 16:10:36] [CUPONES] Cupones NUEVOS detectados: 6 (MUITOBARATO, PROMOBRINQUEDOS, MELHORDODIA, SPORTS1010, OPORTUNIDADEML, CUSTAPOUCO)
[2026-10-08 16:10:36] [CUPONES] Enlace de afiliado: meli.la (corto) -> https://achadinhosnozap.com.br/go/34en4m/
[2026-10-08 16:10:36] [CUPONES] Se corta aquí: tope diario de cupones alcanzado (15).
[2026-10-08 16:10:36] [CUPONES] Fin. Cupones publicados en esta pasada: 0
[2026-10-08 16:16:28] [CUPONS_ML] Consultando página oficial https://www.mercadolivre.com.br/cupons (Cookie presente: True)...
[2026-10-08 16:16:29] [CUPONS_ML] 57 código(s) inválidos descartados (blobs del estado interno de ML o fragmentos de texto).
[2026-10-08 16:16:29] [CUPONS_ML] Se extrajeron exitosamente 8 cupones de ML Oficial.
[2026-10-08 16:16:29] [CUPONS_ML] Limpieza completada: 0 vencidos eliminados, 0 marcados vigente=false.
[2026-10-08 16:16:29] [CUPONS_ML] Cupones ML actualizados: 0 nuevos, 8 refrescados.
[2026-10-08 16:16:29] [CUPONS_ML] Total cupones en cupones.json: 94
[2026-10-08 16:16:29] [CUPONES] Fuente oficial ML refrescada: 8 cupón(es).
[2026-10-08 16:16:29] [CUPONES] Cupones NUEVOS detectados: 6 (MUITOBARATO, PROMOBRINQUEDOS, MELHORDODIA, SPORTS1010, OPORTUNIDADEML, CUSTAPOUCO)
[2026-10-08 16:16:29] [CUPONES] Enlace de afiliado: meli.la (corto) -> https://achadinhosnozap.com.br/go/34en4m/
[2026-10-08 16:16:29] [CUPONES] Se corta aquí: tope diario de cupones alcanzado (15).
[2026-10-08 16:16:29] [CUPONES] Fin. Cupones publicados en esta pasada: 0
[2026-10-08 16:22:33] [CUPONS_ML] Consultando página oficial https://www.mercadolivre.com.br/cupons (Cookie presente: True)...
[2026-10-08 16:22:34] [CUPONS_ML] 57 código(s) inválidos descartados (blobs del estado interno de ML o fragmentos de texto).
[2026-10-08 16:22:34] [CUPONS_ML] Se extrajeron exitosamente 8 cupones de ML Oficial.
[2026-10-08 16:22:34] [CUPONS_ML] Limpieza completada: 0 vencidos eliminados, 0 marcados vigente=false.
[2026-10-08 16:22:34] [CUPONS_ML] Cupones ML actualizados: 0 nuevos, 8 refrescados.
[2026-10-08 16:22:34] [CUPONS_ML] Total cupones en cupones.json: 94
[2026-10-08 16:22:34] [CUPONES] Fuente oficial ML refrescada: 8 cupón(es).
[2026-10-08 16:22:34] [CUPONES] Cupones NUEVOS detectados: 6 (MUITOBARATO, PROMOBRINQUEDOS, MELHORDODIA, SPORTS1010, OPORTUNIDADEML, CUSTAPOUCO)
[2026-10-08 16:22:34] [CUPONES] Enlace de afiliado: meli.la (corto) -> https://achadinhosnozap.com.br/go/34en4m/
[2026-10-08 16:22:34] [CUPONES] Se corta aquí: tope diario de cupones alcanzado (15).
[2026-10-08 16:22:34] [CUPONES] Fin. Cupones publicados en esta pasada: 0
[2026-10-08 16:33:48] [CUPONS_ML] Consultando página oficial https://www.mercadolivre.com.br/cupons (Cookie presente: True)...
[2026-10-08 16:33:49] [CUPONS_ML] 57 código(s) inválidos descartados (blobs del estado interno de ML o fragmentos de texto).
[2026-10-08 16:33:49] [CUPONS_ML] Se extrajeron exitosamente 8 cupones de ML Oficial.
[2026-10-08 16:33:49] [CUPONS_ML] Limpieza completada: 0 vencidos eliminados, 0 marcados vigente=false.
[2026-10-08 16:33:49] [CUPONS_ML] Cupones ML actualizados: 0 nuevos, 8 refrescados.
[2026-10-08 16:33:49] [CUPONS_ML] Total cupones en cupones.json: 94
[2026-10-08 16:33:49] [CUPONES] Fuente oficial ML refrescada: 8 cupón(es).
[2026-10-08 16:33:49] [CUPONES] Cupones NUEVOS detectados: 6 (MUITOBARATO, PROMOBRINQUEDOS, MELHORDODIA, SPORTS1010, OPORTUNIDADEML, CUSTAPOUCO)
[2026-10-08 16:33:49] [CUPONES] Enlace de afiliado: meli.la (corto) -> https://achadinhosnozap.com.br/go/34en4m/
[2026-10-08 16:33:49] [CUPONES] Se corta aquí: tope diario de cupones alcanzado (15).
[2026-10-08 16:33:49] [CUPONES] Fin. Cupones publicados en esta pasada: 0
[2026-10-08 16:43:52] [CUPONS_ML] Consultando página oficial https://www.mercadolivre.com.br/cupons (Cookie presente: True)...
[2026-10-08 16:43:53] [CUPONS_ML] 57 código(s) inválidos descartados (blobs del estado interno de ML o fragmentos de texto).
[2026-10-08 16:43:53] [CUPONS_ML] Se extrajeron exitosamente 8 cupones de ML Oficial.
[2026-10-08 16:43:53] [CUPONS_ML] Limpieza completada: 0 vencidos eliminados, 0 marcados vigente=false.
[2026-10-08 16:43:53] [CUPONS_ML] Cupones ML actualizados: 0 nuevos, 8 refrescados.
[2026-10-08 16:43:53] [CUPONS_ML] Total cupones en cupones.json: 94
[2026-10-08 16:43:53] [CUPONES] Fuente oficial ML refrescada: 8 cupón(es).
[2026-10-08 16:43:53] [CUPONES] Cupones NUEVOS detectados: 6 (MUITOBARATO, PROMOBRINQUEDOS, MELHORDODIA, SPORTS1010, OPORTUNIDADEML, CUSTAPOUCO)
[2026-10-08 16:43:53] [CUPONES] Enlace de afiliado: meli.la (corto) -> https://achadinhosnozap.com.br/go/34en4m/
[2026-10-08 16:43:53] [CUPONES] Se corta aquí: tope diario de cupones alcanzado (15).
[2026-10-08 16:43:53] [CUPONES] Fin. Cupones publicados en esta pasada: 0
[2026-10-08 16:53:44] [CUPONS_ML] Consultando página oficial https://www.mercadolivre.com.br/cupons (Cookie presente: True)...
[2026-10-08 16:53:45] [CUPONS_ML] 60 código(s) inválidos descartados (blobs del estado interno de ML o fragmentos de texto).
[2026-10-08 16:53:45] [CUPONS_ML] Se extrajeron exitosamente 8 cupones de ML Oficial.
[2026-10-08 16:53:45] [CUPONS_ML] Limpieza completada: 0 vencidos eliminados, 0 marcados vigente=false.
[2026-10-08 16:53:45] [CUPONS_ML] Cupones ML actualizados: 0 nuevos, 8 refrescados.
[2026-10-08 16:53:45] [CUPONS_ML] Total cupones en cupones.json: 94
[2026-10-08 16:53:45] [CUPONES] Fuente oficial ML refrescada: 8 cupón(es).
[2026-10-08 16:53:45] [CUPONES] Cupones NUEVOS detectados: 6 (MUITOBARATO, PROMOBRINQUEDOS, MELHORDODIA, SPORTS1010, OPORTUNIDADEML, CUSTAPOUCO)
[2026-10-08 16:53:45] [CUPONES] Enlace de afiliado: meli.la (corto) -> https://achadinhosnozap.com.br/go/34en4m/
[2026-10-08 16:53:45] [CUPONES] Se corta aquí: tope diario de cupones alcanzado (15).
[2026-10-08 16:53:45] [CUPONES] Fin. Cupones publicados en esta pasada: 0
[2026-10-08 17:03:38] [CUPONS_ML] Consultando página oficial https://www.mercadolivre.com.br/cupons (Cookie presente: True)...
[2026-10-08 17:03:39] [CUPONS_ML] 60 código(s) inválidos descartados (blobs del estado interno de ML o fragmentos de texto).
[2026-10-08 17:03:39] [CUPONS_ML] Se extrajeron exitosamente 8 cupones de ML Oficial.
[2026-10-08 17:03:39] [CUPONS_ML] Limpieza completada: 0 vencidos eliminados, 0 marcados vigente=false.
[2026-10-08 17:03:39] [CUPONS_ML] Cupones ML actualizados: 0 nuevos, 8 refrescados.
[2026-10-08 17:03:39] [CUPONS_ML] Total cupones en cupones.json: 94
[2026-10-08 17:03:39] [CUPONES] Fuente oficial ML refrescada: 8 cupón(es).
[2026-10-08 17:03:39] [CUPONES] Cupones NUEVOS detectados: 6 (MUITOBARATO, PROMOBRINQUEDOS, MELHORDODIA, SPORTS1010, OPORTUNIDADEML, CUSTAPOUCO)
[2026-10-08 17:03:39] [CUPONES] Enlace de afiliado: meli.la (corto) -> https://achadinhosnozap.com.br/go/34en4m/
[2026-10-08 17:03:39] [CUPONES] Se corta aquí: tope diario de cupones alcanzado (15).
[2026-10-08 17:03:39] [CUPONES] Fin. Cupones publicados en esta pasada: 0
[2026-10-08 17:13:19] [CUPONS_ML] Consultando página oficial https://www.mercadolivre.com.br/cupons (Cookie presente: True)...
[2026-10-08 17:13:20] [CUPONS_ML] 60 código(s) inválidos descartados (blobs del estado interno de ML o fragmentos de texto).
[2026-10-08 17:13:20] [CUPONS_ML] Se extrajeron exitosamente 8 cupones de ML Oficial.
[2026-10-08 17:13:20] [CUPONS_ML] Limpieza completada: 0 vencidos eliminados, 0 marcados vigente=false.
[2026-10-08 17:13:20] [CUPONS_ML] Cupones ML actualizados: 0 nuevos, 8 refrescados.
[2026-10-08 17:13:20] [CUPONS_ML] Total cupones en cupones.json: 94
[2026-10-08 17:13:20] [CUPONES] Fuente oficial ML refrescada: 8 cupón(es).
[2026-10-08 17:13:20] [CUPONES] Cupones NUEVOS detectados: 6 (MUITOBARATO, PROMOBRINQUEDOS, MELHORDODIA, SPORTS1010, OPORTUNIDADEML, CUSTAPOUCO)
[2026-10-08 17:13:20] [CUPONES] Enlace de afiliado: meli.la (corto) -> https://achadinhosnozap.com.br/go/34en4m/
[2026-10-08 17:13:20] [CUPONES] Se corta aquí: tope diario de cupones alcanzado (15).
[2026-10-08 17:13:20] [CUPONES] Fin. Cupones publicados en esta pasada: 0
[2026-10-08 17:19:26] [CUPONS_ML] Consultando página oficial https://www.mercadolivre.com.br/cupons (Cookie presente: True)...
[2026-10-08 17:19:27] [CUPONS_ML] 60 código(s) inválidos descartados (blobs del estado interno de ML o fragmentos de texto).
[2026-10-08 17:19:27] [CUPONS_ML] Se extrajeron exitosamente 8 cupones de ML Oficial.
[2026-10-08 17:19:27] [CUPONS_ML] Limpieza completada: 0 vencidos eliminados, 0 marcados vigente=false.
[2026-10-08 17:19:27] [CUPONS_ML] Cupones ML actualizados: 0 nuevos, 8 refrescados.
[2026-10-08 17:19:27] [CUPONS_ML] Total cupones en cupones.json: 94
[2026-10-08 17:19:27] [CUPONES] Fuente oficial ML refrescada: 8 cupón(es).
[2026-10-08 17:19:27] [CUPONES] Cupones NUEVOS detectados: 6 (MUITOBARATO, PROMOBRINQUEDOS, MELHORDODIA, SPORTS1010, OPORTUNIDADEML, CUSTAPOUCO)
[2026-10-08 17:19:27] [CUPONES] Enlace de afiliado: meli.la (corto) -> https://achadinhosnozap.com.br/go/34en4m/
[2026-10-08 17:19:27] [CUPONES] Se corta aquí: tope diario de cupones alcanzado (15).
[2026-10-08 17:19:27] [CUPONES] Fin. Cupones publicados en esta pasada: 0
[2026-10-08 17:27:37] [CUPONS_ML] Consultando página oficial https://www.mercadolivre.com.br/cupons (Cookie presente: True)...
[2026-10-08 17:27:38] [CUPONS_ML] 57 código(s) inválidos descartados (blobs del estado interno de ML o fragmentos de texto).
[2026-10-08 17:27:38] [CUPONS_ML] Se extrajeron exitosamente 8 cupones de ML Oficial.
[2026-10-08 17:27:38] [CUPONS_ML] Limpieza completada: 0 vencidos eliminados, 0 marcados vigente=false.
[2026-10-08 17:27:38] [CUPONS_ML] Cupones ML actualizados: 0 nuevos, 8 refrescados.
[2026-10-08 17:27:38] [CUPONS_ML] Total cupones en cupones.json: 94
[2026-10-08 17:27:38] [CUPONES] Fuente oficial ML refrescada: 8 cupón(es).
[2026-10-08 17:27:38] [CUPONES] Cupones NUEVOS detectados: 6 (MUITOBARATO, PROMOBRINQUEDOS, MELHORDODIA, SPORTS1010, OPORTUNIDADEML, CUSTAPOUCO)
[2026-10-08 17:27:38] [CUPONES] Enlace de afiliado: meli.la (corto) -> https://achadinhosnozap.com.br/go/34en4m/
[2026-10-08 17:27:38] [CUPONES] Se corta aquí: tope diario de cupones alcanzado (15).
[2026-10-08 17:27:38] [CUPONES] Fin. Cupones publicados en esta pasada: 0
[2026-10-08 17:39:14] [CUPONS_ML] Consultando página oficial https://www.mercadolivre.com.br/cupons (Cookie presente: True)...
[2026-10-08 17:39:15] [CUPONS_ML] 60 código(s) inválidos descartados (blobs del estado interno de ML o fragmentos de texto).
[2026-10-08 17:39:15] [CUPONS_ML] Se extrajeron exitosamente 8 cupones de ML Oficial.
[2026-10-08 17:39:15] [CUPONS_ML] Limpieza completada: 0 vencidos eliminados, 0 marcados vigente=false.
[2026-10-08 17:39:15] [CUPONS_ML] Cupones ML actualizados: 0 nuevos, 8 refrescados.
[2026-10-08 17:39:15] [CUPONS_ML] Total cupones en cupones.json: 94
[2026-10-08 17:39:15] [CUPONES] Fuente oficial ML refrescada: 8 cupón(es).
[2026-10-08 17:39:15] [CUPONES] Cupones NUEVOS detectados: 6 (MUITOBARATO, PROMOBRINQUEDOS, MELHORDODIA, SPORTS1010, OPORTUNIDADEML, CUSTAPOUCO)
[2026-10-08 17:39:15] [CUPONES] Enlace de afiliado: meli.la (corto) -> https://achadinhosnozap.com.br/go/34en4m/
[2026-10-08 17:39:15] [CUPONES] Se corta aquí: tope diario de cupones alcanzado (15).
[2026-10-08 17:39:15] [CUPONES] Fin. Cupones publicados en esta pasada: 0
[2026-10-08 17:45:44] [CUPONS_ML] Consultando página oficial https://www.mercadolivre.com.br/cupons (Cookie presente: True)...
[2026-10-08 17:45:45] [CUPONS_ML] 60 código(s) inválidos descartados (blobs del estado interno de ML o fragmentos de texto).
[2026-10-08 17:45:45] [CUPONS_ML] Se extrajeron exitosamente 8 cupones de ML Oficial.
[2026-10-08 17:45:45] [CUPONS_ML] Limpieza completada: 0 vencidos eliminados, 0 marcados vigente=false.
[2026-10-08 17:45:45] [CUPONS_ML] Cupones ML actualizados: 0 nuevos, 8 refrescados.
[2026-10-08 17:45:45] [CUPONS_ML] Total cupones en cupones.json: 94
[2026-10-08 17:45:45] [CUPONES] Fuente oficial ML refrescada: 8 cupón(es).
[2026-10-08 17:45:45] [CUPONES] Cupones NUEVOS detectados: 6 (MUITOBARATO, PROMOBRINQUEDOS, MELHORDODIA, SPORTS1010, OPORTUNIDADEML, CUSTAPOUCO)
[2026-10-08 17:45:45] [CUPONES] Enlace de afiliado: meli.la (corto) -> https://achadinhosnozap.com.br/go/34en4m/
[2026-10-08 17:45:45] [CUPONES] Se corta aquí: tope diario de cupones alcanzado (15).
[2026-10-08 17:45:45] [CUPONES] Fin. Cupones publicados en esta pasada: 0
[2026-10-08 17:51:07] [CUPONS_ML] Consultando página oficial https://www.mercadolivre.com.br/cupons (Cookie presente: True)...
[2026-10-08 17:51:08] [CUPONS_ML] 60 código(s) inválidos descartados (blobs del estado interno de ML o fragmentos de texto).
[2026-10-08 17:51:08] [CUPONS_ML] Se extrajeron exitosamente 8 cupones de ML Oficial.
[2026-10-08 17:51:08] [CUPONS_ML] Limpieza completada: 0 vencidos eliminados, 0 marcados vigente=false.
[2026-10-08 17:51:08] [CUPONS_ML] Cupones ML actualizados: 0 nuevos, 8 refrescados.
[2026-10-08 17:51:08] [CUPONS_ML] Total cupones en cupones.json: 94
[2026-10-08 17:51:08] [CUPONES] Fuente oficial ML refrescada: 8 cupón(es).
[2026-10-08 17:51:08] [CUPONES] Cupones NUEVOS detectados: 6 (MUITOBARATO, PROMOBRINQUEDOS, MELHORDODIA, SPORTS1010, OPORTUNIDADEML, CUSTAPOUCO)
[2026-10-08 17:51:08] [CUPONES] Enlace de afiliado: meli.la (corto) -> https://achadinhosnozap.com.br/go/34en4m/
[2026-10-08 17:51:08] [CUPONES] Se corta aquí: tope diario de cupones alcanzado (15).
[2026-10-08 17:51:08] [CUPONES] Fin. Cupones publicados en esta pasada: 0
[2026-10-08 17:57:54] [CUPONS_ML] Consultando página oficial https://www.mercadolivre.com.br/cupons (Cookie presente: True)...
[2026-10-08 17:57:54] [CUPONS_ML] 60 código(s) inválidos descartados (blobs del estado interno de ML o fragmentos de texto).
[2026-10-08 17:57:54] [CUPONS_ML] Se extrajeron exitosamente 7 cupones de ML Oficial.
[2026-10-08 17:57:54] [CUPONS_ML] Limpieza completada: 0 vencidos eliminados, 0 marcados vigente=false.
[2026-10-08 17:57:54] [CUPONS_ML] Cupones ML actualizados: 0 nuevos, 7 refrescados.
[2026-10-08 17:57:54] [CUPONS_ML] Total cupones en cupones.json: 94
[2026-10-08 17:57:54] [CUPONES] Fuente oficial ML refrescada: 7 cupón(es).
[2026-10-08 17:57:54] [CUPONES] Cupones NUEVOS detectados: 6 (MUITOBARATO, PROMOBRINQUEDOS, MELHORDODIA, SPORTS1010, OPORTUNIDADEML, CUSTAPOUCO)
[2026-10-08 17:57:54] [CUPONES] Enlace de afiliado: meli.la (corto) -> https://achadinhosnozap.com.br/go/34en4m/
[2026-10-08 17:57:54] [CUPONES] Se corta aquí: tope diario de cupones alcanzado (15).
[2026-10-08 17:57:54] [CUPONES] Fin. Cupones publicados en esta pasada: 0
[2026-10-08 18:04:31] [CUPONS_ML] Consultando página oficial https://www.mercadolivre.com.br/cupons (Cookie presente: True)...
[2026-10-08 18:04:32] [CUPONS_ML] 60 código(s) inválidos descartados (blobs del estado interno de ML o fragmentos de texto).
[2026-10-08 18:04:32] [CUPONS_ML] Se extrajeron exitosamente 7 cupones de ML Oficial.
[2026-10-08 18:04:32] [CUPONS_ML] Limpieza completada: 0 vencidos eliminados, 0 marcados vigente=false.
[2026-10-08 18:04:32] [CUPONS_ML] Cupones ML actualizados: 0 nuevos, 7 refrescados.
[2026-10-08 18:04:32] [CUPONS_ML] Total cupones en cupones.json: 94
[2026-10-08 18:04:32] [CUPONES] Fuente oficial ML refrescada: 7 cupón(es).
[2026-10-08 18:04:32] [CUPONES] Cupones NUEVOS detectados: 6 (MUITOBARATO, PROMOBRINQUEDOS, MELHORDODIA, SPORTS1010, OPORTUNIDADEML, CUSTAPOUCO)
[2026-10-08 18:04:32] [CUPONES] Enlace de afiliado: meli.la (corto) -> https://achadinhosnozap.com.br/go/34en4m/
[2026-10-08 18:04:32] [CUPONES] Se corta aquí: tope diario de cupones alcanzado (15).
[2026-10-08 18:04:32] [CUPONES] Fin. Cupones publicados en esta pasada: 0
[2026-10-08 18:13:02] [CUPONS_ML] Consultando página oficial https://www.mercadolivre.com.br/cupons (Cookie presente: True)...
[2026-10-08 18:13:03] [CUPONS_ML] 63 código(s) inválidos descartados (blobs del estado interno de ML o fragmentos de texto).
[2026-10-08 18:13:03] [CUPONS_ML] Se extrajeron exitosamente 7 cupones de ML Oficial.
[2026-10-08 18:13:03] [CUPONS_ML] Limpieza completada: 0 vencidos eliminados, 0 marcados vigente=false.
[2026-10-08 18:13:03] [CUPONS_ML] Cupones ML actualizados: 0 nuevos, 7 refrescados.
[2026-10-08 18:13:03] [CUPONS_ML] Total cupones en cupones.json: 94
[2026-10-08 18:13:03] [CUPONES] Fuente oficial ML refrescada: 7 cupón(es).
[2026-10-08 18:13:03] [CUPONES] Cupones NUEVOS detectados: 6 (MUITOBARATO, PROMOBRINQUEDOS, MELHORDODIA, SPORTS1010, OPORTUNIDADEML, CUSTAPOUCO)
[2026-10-08 18:13:03] [CUPONES] Enlace de afiliado: meli.la (corto) -> https://achadinhosnozap.com.br/go/34en4m/
[2026-10-08 18:13:03] [CUPONES] Se corta aquí: tope diario de cupones alcanzado (15).
[2026-10-08 18:13:03] [CUPONES] Fin. Cupones publicados en esta pasada: 0
[2026-10-08 18:19:09] [CUPONS_ML] Consultando página oficial https://www.mercadolivre.com.br/cupons (Cookie presente: True)...
[2026-10-08 18:19:10] [CUPONS_ML] 63 código(s) inválidos descartados (blobs del estado interno de ML o fragmentos de texto).
[2026-10-08 18:19:10] [CUPONS_ML] Se extrajeron exitosamente 7 cupones de ML Oficial.
[2026-10-08 18:19:10] [CUPONS_ML] Limpieza completada: 0 vencidos eliminados, 0 marcados vigente=false.
[2026-10-08 18:19:10] [CUPONS_ML] Cupones ML actualizados: 0 nuevos, 7 refrescados.
[2026-10-08 18:19:10] [CUPONS_ML] Total cupones en cupones.json: 94
[2026-10-08 18:19:10] [CUPONES] Fuente oficial ML refrescada: 7 cupón(es).
[2026-10-08 18:19:10] [CUPONES] Cupones NUEVOS detectados: 6 (MUITOBARATO, PROMOBRINQUEDOS, MELHORDODIA, SPORTS1010, OPORTUNIDADEML, CUSTAPOUCO)
[2026-10-08 18:19:10] [CUPONES] Enlace de afiliado: meli.la (corto) -> https://achadinhosnozap.com.br/go/34en4m/
[2026-10-08 18:19:10] [CUPONES] Se corta aquí: tope diario de cupones alcanzado (15).
[2026-10-08 18:19:10] [CUPONES] Fin. Cupones publicados en esta pasada: 0
[2026-10-08 18:27:01] [CUPONS_ML] Consultando página oficial https://www.mercadolivre.com.br/cupons (Cookie presente: True)...
[2026-10-08 18:27:01] [CUPONS_ML] 63 código(s) inválidos descartados (blobs del estado interno de ML o fragmentos de texto).
[2026-10-08 18:27:01] [CUPONS_ML] Se extrajeron exitosamente 7 cupones de ML Oficial.
[2026-10-08 18:27:01] [CUPONS_ML] Limpieza completada: 0 vencidos eliminados, 0 marcados vigente=false.
[2026-10-08 18:27:01] [CUPONS_ML] Cupones ML actualizados: 0 nuevos, 7 refrescados.
[2026-10-08 18:27:01] [CUPONS_ML] Total cupones en cupones.json: 94
[2026-10-08 18:27:01] [CUPONES] Fuente oficial ML refrescada: 7 cupón(es).
[2026-10-08 18:27:01] [CUPONES] Cupones NUEVOS detectados: 6 (MUITOBARATO, PROMOBRINQUEDOS, MELHORDODIA, SPORTS1010, OPORTUNIDADEML, CUSTAPOUCO)
[2026-10-08 18:27:01] [CUPONES] Enlace de afiliado: meli.la (corto) -> https://achadinhosnozap.com.br/go/34en4m/
[2026-10-08 18:27:01] [CUPONES] Se corta aquí: tope diario de cupones alcanzado (15).
[2026-10-08 18:27:01] [CUPONES] Fin. Cupones publicados en esta pasada: 0
[2026-10-08 18:36:49] [CUPONS_ML] Consultando página oficial https://www.mercadolivre.com.br/cupons (Cookie presente: True)...
[2026-10-08 18:36:50] [CUPONS_ML] 63 código(s) inválidos descartados (blobs del estado interno de ML o fragmentos de texto).
[2026-10-08 18:36:50] [CUPONS_ML] Se extrajeron exitosamente 7 cupones de ML Oficial.
[2026-10-08 18:36:50] [CUPONS_ML] Limpieza completada: 0 vencidos eliminados, 0 marcados vigente=false.
[2026-10-08 18:36:50] [CUPONS_ML] Cupones ML actualizados: 0 nuevos, 7 refrescados.
[2026-10-08 18:36:50] [CUPONS_ML] Total cupones en cupones.json: 94
[2026-10-08 18:36:50] [CUPONES] Fuente oficial ML refrescada: 7 cupón(es).
[2026-10-08 18:36:50] [CUPONES] Cupones NUEVOS detectados: 6 (MUITOBARATO, PROMOBRINQUEDOS, MELHORDODIA, SPORTS1010, OPORTUNIDADEML, CUSTAPOUCO)
[2026-10-08 18:36:50] [CUPONES] Enlace de afiliado: meli.la (corto) -> https://achadinhosnozap.com.br/go/34en4m/
[2026-10-08 18:36:50] [CUPONES] Se corta aquí: tope diario de cupones alcanzado (15).
[2026-10-08 18:36:50] [CUPONES] Fin. Cupones publicados en esta pasada: 0
[2026-10-08 18:45:41] [CUPONS_ML] Consultando página oficial https://www.mercadolivre.com.br/cupons (Cookie presente: True)...
[2026-10-08 18:45:42] [CUPONS_ML] 69 código(s) inválidos descartados (blobs del estado interno de ML o fragmentos de texto).
[2026-10-08 18:45:42] [CUPONS_ML] Se extrajeron exitosamente 7 cupones de ML Oficial.
[2026-10-08 18:45:42] [CUPONS_ML] Limpieza completada: 0 vencidos eliminados, 0 marcados vigente=false.
[2026-10-08 18:45:42] [CUPONS_ML] Cupones ML actualizados: 0 nuevos, 7 refrescados.
[2026-10-08 18:45:42] [CUPONS_ML] Total cupones en cupones.json: 94
[2026-10-08 18:45:42] [CUPONES] Fuente oficial ML refrescada: 7 cupón(es).
[2026-10-08 18:45:42] [CUPONES] Cupones NUEVOS detectados: 6 (MUITOBARATO, PROMOBRINQUEDOS, MELHORDODIA, SPORTS1010, OPORTUNIDADEML, CUSTAPOUCO)
[2026-10-08 18:45:42] [CUPONES] Enlace de afiliado: meli.la (corto) -> https://achadinhosnozap.com.br/go/34en4m/
[2026-10-08 18:45:42] [CUPONES] Se corta aquí: tope diario de cupones alcanzado (15).
[2026-10-08 18:45:42] [CUPONES] Fin. Cupones publicados en esta pasada: 0
[2026-10-08 18:52:55] [CUPONS_ML] Consultando página oficial https://www.mercadolivre.com.br/cupons (Cookie presente: True)...
[2026-10-08 18:52:56] [CUPONS_ML] 66 código(s) inválidos descartados (blobs del estado interno de ML o fragmentos de texto).
[2026-10-08 18:52:56] [CUPONS_ML] Se extrajeron exitosamente 7 cupones de ML Oficial.
[2026-10-08 18:52:56] [CUPONS_ML] Limpieza completada: 0 vencidos eliminados, 0 marcados vigente=false.
[2026-10-08 18:52:56] [CUPONS_ML] Cupones ML actualizados: 0 nuevos, 7 refrescados.
[2026-10-08 18:52:56] [CUPONS_ML] Total cupones en cupones.json: 94
[2026-10-08 18:52:56] [CUPONES] Fuente oficial ML refrescada: 7 cupón(es).
[2026-10-08 18:52:56] [CUPONES] Cupones NUEVOS detectados: 6 (MUITOBARATO, PROMOBRINQUEDOS, MELHORDODIA, SPORTS1010, OPORTUNIDADEML, CUSTAPOUCO)
[2026-10-08 18:52:56] [CUPONES] Enlace de afiliado: meli.la (corto) -> https://achadinhosnozap.com.br/go/34en4m/
[2026-10-08 18:52:56] [CUPONES] Se corta aquí: tope diario de cupones alcanzado (15).
[2026-10-08 18:52:56] [CUPONES] Fin. Cupones publicados en esta pasada: 0
[2026-10-08 18:59:34] [CUPONS_ML] Consultando página oficial https://www.mercadolivre.com.br/cupons (Cookie presente: True)...
[2026-10-08 18:59:34] [CUPONS_ML] 66 código(s) inválidos descartados (blobs del estado interno de ML o fragmentos de texto).
[2026-10-08 18:59:34] [CUPONS_ML] Se extrajeron exitosamente 7 cupones de ML Oficial.
[2026-10-08 18:59:34] [CUPONS_ML] Limpieza completada: 0 vencidos eliminados, 0 marcados vigente=false.
[2026-10-08 18:59:34] [CUPONS_ML] Cupones ML actualizados: 0 nuevos, 7 refrescados.
[2026-10-08 18:59:34] [CUPONS_ML] Total cupones en cupones.json: 94
[2026-10-08 18:59:34] [CUPONES] Fuente oficial ML refrescada: 7 cupón(es).
[2026-10-08 18:59:34] [CUPONES] Cupones NUEVOS detectados: 6 (MUITOBARATO, PROMOBRINQUEDOS, MELHORDODIA, SPORTS1010, OPORTUNIDADEML, CUSTAPOUCO)
[2026-10-08 18:59:34] [CUPONES] Enlace de afiliado: meli.la (corto) -> https://achadinhosnozap.com.br/go/34en4m/
[2026-10-08 18:59:34] [CUPONES] Se corta aquí: tope diario de cupones alcanzado (15).
[2026-10-08 18:59:34] [CUPONES] Fin. Cupones publicados en esta pasada: 0
[2026-10-08 19:08:39] [CUPONS_ML] Consultando página oficial https://www.mercadolivre.com.br/cupons (Cookie presente: True)...
[2026-10-08 19:08:40] [CUPONS_ML] 66 código(s) inválidos descartados (blobs del estado interno de ML o fragmentos de texto).
[2026-10-08 19:08:40] [CUPONS_ML] Se extrajeron exitosamente 7 cupones de ML Oficial.
[2026-10-08 19:08:40] [CUPONS_ML] Limpieza completada: 0 vencidos eliminados, 0 marcados vigente=false.
[2026-10-08 19:08:40] [CUPONS_ML] Cupones ML actualizados: 0 nuevos, 7 refrescados.
[2026-10-08 19:08:40] [CUPONS_ML] Total cupones en cupones.json: 94
[2026-10-08 19:08:40] [CUPONES] Fuente oficial ML refrescada: 7 cupón(es).
[2026-10-08 19:08:40] [CUPONES] Cupones NUEVOS detectados: 6 (MUITOBARATO, PROMOBRINQUEDOS, MELHORDODIA, SPORTS1010, OPORTUNIDADEML, CUSTAPOUCO)
[2026-10-08 19:08:40] [CUPONES] Enlace de afiliado: meli.la (corto) -> https://achadinhosnozap.com.br/go/34en4m/
[2026-10-08 19:08:40] [CUPONES] Se corta aquí: tope diario de cupones alcanzado (15).
[2026-10-08 19:08:40] [CUPONES] Fin. Cupones publicados en esta pasada: 0
[2026-10-08 19:19:45] [CUPONS_ML] Consultando página oficial https://www.mercadolivre.com.br/cupons (Cookie presente: True)...
[2026-10-08 19:19:46] [CUPONS_ML] 63 código(s) inválidos descartados (blobs del estado interno de ML o fragmentos de texto).
[2026-10-08 19:19:46] [CUPONS_ML] Se extrajeron exitosamente 7 cupones de ML Oficial.
[2026-10-08 19:19:46] [CUPONS_ML] Limpieza completada: 0 vencidos eliminados, 0 marcados vigente=false.
[2026-10-08 19:19:46] [CUPONS_ML] Cupones ML actualizados: 0 nuevos, 7 refrescados.
[2026-10-08 19:19:46] [CUPONS_ML] Total cupones en cupones.json: 94
[2026-10-08 19:19:46] [CUPONES] Fuente oficial ML refrescada: 7 cupón(es).
[2026-10-08 19:19:46] [CUPONES] Cupones NUEVOS detectados: 6 (MUITOBARATO, PROMOBRINQUEDOS, MELHORDODIA, SPORTS1010, OPORTUNIDADEML, CUSTAPOUCO)
[2026-10-08 19:19:46] [CUPONES] Enlace de afiliado: meli.la (corto) -> https://achadinhosnozap.com.br/go/34en4m/
[2026-10-08 19:19:46] [CUPONES] Se corta aquí: tope diario de cupones alcanzado (15).
[2026-10-08 19:19:46] [CUPONES] Fin. Cupones publicados en esta pasada: 0
[2026-10-08 19:28:37] [CUPONS_ML] Consultando página oficial https://www.mercadolivre.com.br/cupons (Cookie presente: True)...
[2026-10-08 19:28:38] [CUPONS_ML] 66 código(s) inválidos descartados (blobs del estado interno de ML o fragmentos de texto).
[2026-10-08 19:28:38] [CUPONS_ML] Se extrajeron exitosamente 7 cupones de ML Oficial.
[2026-10-08 19:28:38] [CUPONS_ML] Limpieza completada: 0 vencidos eliminados, 0 marcados vigente=false.
[2026-10-08 19:28:38] [CUPONS_ML] Cupones ML actualizados: 0 nuevos, 7 refrescados.
[2026-10-08 19:28:38] [CUPONS_ML] Total cupones en cupones.json: 94
[2026-10-08 19:28:38] [CUPONES] Fuente oficial ML refrescada: 7 cupón(es).
[2026-10-08 19:28:38] [CUPONES] Cupones NUEVOS detectados: 6 (MUITOBARATO, PROMOBRINQUEDOS, MELHORDODIA, SPORTS1010, OPORTUNIDADEML, CUSTAPOUCO)
[2026-10-08 19:28:38] [CUPONES] Enlace de afiliado: meli.la (corto) -> https://achadinhosnozap.com.br/go/34en4m/
[2026-10-08 19:28:38] [CUPONES] Se corta aquí: tope diario de cupones alcanzado (15).
[2026-10-08 19:28:38] [CUPONES] Fin. Cupones publicados en esta pasada: 0
[2026-10-08 19:38:38] [CUPONS_ML] Consultando página oficial https://www.mercadolivre.com.br/cupons (Cookie presente: True)...
[2026-10-08 19:38:39] [CUPONS_ML] 66 código(s) inválidos descartados (blobs del estado interno de ML o fragmentos de texto).
[2026-10-08 19:38:39] [CUPONS_ML] Se extrajeron exitosamente 6 cupones de ML Oficial.
[2026-10-08 19:38:39] [CUPONS_ML] Limpieza completada: 0 vencidos eliminados, 0 marcados vigente=false.
[2026-10-08 19:38:39] [CUPONS_ML] Cupones ML actualizados: 0 nuevos, 6 refrescados.
[2026-10-08 19:38:39] [CUPONS_ML] Total cupones en cupones.json: 94
[2026-10-08 19:38:39] [CUPONES] Fuente oficial ML refrescada: 6 cupón(es).
[2026-10-08 19:38:39] [CUPONES] Cupones NUEVOS detectados: 6 (MUITOBARATO, PROMOBRINQUEDOS, MELHORDODIA, SPORTS1010, OPORTUNIDADEML, CUSTAPOUCO)
[2026-10-08 19:38:39] [CUPONES] Enlace de afiliado: meli.la (corto) -> https://achadinhosnozap.com.br/go/34en4m/
[2026-10-08 19:38:39] [CUPONES] Se corta aquí: tope diario de cupones alcanzado (15).
[2026-10-08 19:38:39] [CUPONES] Fin. Cupones publicados en esta pasada: 0
[2026-10-08 19:43:38] [AGENTE-ML] Consultando scraping de ofertas en Mercado Livre...
[2026-10-08 19:44:11] [AGENTE-ML] Scraping ML: 261 ofertas obtenidas | 50 enlaces de ANUNCIO descartados
[2026-10-08 19:44:11] [AGENTE-ML] Guardados 200 achados en achados_ml.json
[2026-10-08 19:44:11] [CUPONS_ML] Consultando página oficial https://www.mercadolivre.com.br/cupons (Cookie presente: True)...
[2026-10-08 19:44:11] [CUPONS_ML] 63 código(s) inválidos descartados (blobs del estado interno de ML o fragmentos de texto).
[2026-10-08 19:44:11] [CUPONS_ML] Se extrajeron exitosamente 7 cupones de ML Oficial.
[2026-10-08 19:44:11] [CUPONS_ML] Limpieza completada: 0 vencidos eliminados, 0 marcados vigente=false.
[2026-10-08 19:44:11] [CUPONS_ML] Cupones ML actualizados: 0 nuevos, 7 refrescados.
[2026-10-08 19:44:11] [CUPONS_ML] Total cupones en cupones.json: 94
[2026-10-08 19:44:12] [AGENTE-AMAZON] Cosechando ofertas quentes de Amazon en Pelando...
[2026-10-08 19:44:12] [AGENTE-AMAZON] Amazon Pelando: 1 ofertas reales | descartadas: 2 campañas, 0 sin ficha, 1 sin precio legible, 1 duplicadas
[2026-10-08 19:44:12] [AGENTE-AMAZON] Cosechando ofertas quentes de Amazon en Pelando...
[2026-10-08 19:44:15] [AGENTE-AMAZON] Amazon Pelando: 0 ofertas reales | descartadas: 2 campañas, 0 sin ficha, 2 sin precio legible, 1 duplicadas
[2026-10-08 19:44:15] [AGENTE-AMAZON] Cosechando Bestsellers y ofertas de categorías Amazon...
[2026-10-08 19:44:17] [AGENTE-AMAZON] Amazon direct: 0 ofertas cosechadas | categorias OK 0/1 | HTTP {503: 1}
[2026-10-08 19:49:25] [AGENTE-AMAZON] Cosechando ofertas quentes de Amazon en Pelando...
[2026-10-08 19:49:25] [AGENTE-AMAZON] Amazon Pelando: 1 ofertas reales | descartadas: 2 campañas, 0 sin ficha, 1 sin precio legible, 1 duplicadas
[2026-10-08 19:49:25] [AGENTE-AMAZON] Cosechando ofertas quentes de Amazon en Pelando...
[2026-10-08 19:49:28] [AGENTE-AMAZON] Amazon Pelando: 0 ofertas reales | descartadas: 2 campañas, 0 sin ficha, 2 sin precio legible, 1 duplicadas
[2026-10-08 19:49:28] [AGENTE-AMAZON] Cosechando Bestsellers y ofertas de categorías Amazon...
[2026-10-08 19:49:30] [AGENTE-AMAZON] Amazon direct: 0 ofertas cosechadas | categorias OK 0/1 | HTTP {503: 1}
[2026-10-08 19:56:24] [AGENTE-AMAZON] Cosechando ofertas quentes de Amazon en Pelando...
[2026-10-08 19:56:24] [AGENTE-AMAZON] Amazon Pelando: 1 ofertas reales | descartadas: 2 campañas, 0 sin ficha, 1 sin precio legible, 1 duplicadas
[2026-10-08 19:56:24] [AGENTE-AMAZON] Cosechando ofertas quentes de Amazon en Pelando...
[2026-10-08 19:56:27] [AGENTE-AMAZON] Amazon Pelando: 0 ofertas reales | descartadas: 2 campañas, 0 sin ficha, 2 sin precio legible, 1 duplicadas
[2026-10-08 19:56:27] [AGENTE-AMAZON] Cosechando Bestsellers y ofertas de categorías Amazon...
[2026-10-08 19:56:29] [AGENTE-AMAZON] Amazon direct: 0 ofertas cosechadas | categorias OK 0/1 | HTTP {503: 1}
[2026-10-08 20:00:38] [AGENTE-AMAZON] Cosechando ofertas quentes de Amazon en Pelando...
[2026-10-08 20:00:38] [AGENTE-AMAZON] Amazon Pelando: 1 ofertas reales | descartadas: 2 campañas, 0 sin ficha, 1 sin precio legible, 1 duplicadas
[2026-10-08 20:00:38] [AGENTE-AMAZON] Cosechando ofertas quentes de Amazon en Pelando...
[2026-10-08 20:00:41] [AGENTE-AMAZON] Amazon Pelando: 0 ofertas reales | descartadas: 2 campañas, 0 sin ficha, 2 sin precio legible, 1 duplicadas
[2026-10-08 20:00:41] [AGENTE-AMAZON] Cosechando Bestsellers y ofertas de categorías Amazon...
[2026-10-08 20:00:43] [AGENTE-AMAZON] Amazon direct: 0 ofertas cosechadas | categorias OK 0/1 | HTTP {503: 1}
[2026-10-08 20:07:30] [AGENTE-AMAZON] Cosechando ofertas quentes de Amazon en Pelando...
[2026-10-08 20:07:30] [AGENTE-AMAZON] Amazon Pelando: 1 ofertas reales | descartadas: 2 campañas, 0 sin ficha, 1 sin precio legible, 1 duplicadas
[2026-10-08 20:07:30] [AGENTE-AMAZON] Cosechando ofertas quentes de Amazon en Pelando...
[2026-10-08 20:07:33] [AGENTE-AMAZON] Amazon Pelando: 0 ofertas reales | descartadas: 2 campañas, 0 sin ficha, 2 sin precio legible, 1 duplicadas
[2026-10-08 20:07:33] [AGENTE-AMAZON] Cosechando Bestsellers y ofertas de categorías Amazon...
[2026-10-08 20:07:35] [AGENTE-AMAZON] Amazon direct: 0 ofertas cosechadas | categorias OK 0/1 | HTTP {503: 1}
[2026-10-08 20:14:29] [AGENTE-AMAZON] Cosechando ofertas quentes de Amazon en Pelando...
[2026-10-08 20:14:29] [AGENTE-AMAZON] Amazon Pelando: 1 ofertas reales | descartadas: 2 campañas, 0 sin ficha, 1 sin precio legible, 1 duplicadas
[2026-10-08 20:14:29] [AGENTE-AMAZON] Cosechando ofertas quentes de Amazon en Pelando...
[2026-10-08 20:14:32] [AGENTE-AMAZON] Amazon Pelando: 0 ofertas reales | descartadas: 2 campañas, 0 sin ficha, 2 sin precio legible, 1 duplicadas
[2026-10-08 20:14:32] [AGENTE-AMAZON] Cosechando Bestsellers y ofertas de categorías Amazon...
[2026-10-08 20:14:34] [AGENTE-AMAZON] Amazon direct: 0 ofertas cosechadas | categorias OK 0/1 | HTTP {503: 1}
[2026-10-08 20:21:19] [CUPONS_ML] Consultando página oficial https://www.mercadolivre.com.br/cupons (Cookie presente: True)...
[2026-10-08 20:21:20] [CUPONS_ML] 63 código(s) inválidos descartados (blobs del estado interno de ML o fragmentos de texto).
[2026-10-08 20:21:20] [CUPONS_ML] Se extrajeron exitosamente 7 cupones de ML Oficial.
[2026-10-08 20:21:20] [CUPONS_ML] Limpieza completada: 0 vencidos eliminados, 0 marcados vigente=false.
[2026-10-08 20:21:20] [CUPONS_ML] Cupones ML actualizados: 0 nuevos, 7 refrescados.
[2026-10-08 20:21:20] [CUPONS_ML] Total cupones en cupones.json: 94
[2026-10-08 20:21:20] [PELANDO] Scraping Amazon (https://www.pelando.com.br/cupons-de-descontos/amazon)
[2026-10-08 20:21:24] [PELANDO]   Falha ao acessar Amazon
[2026-10-08 20:21:26] [PELANDO] Scraping KaBuM! (https://www.pelando.com.br/cupons-de-descontos/kabum)
[2026-10-08 20:21:31] [PELANDO]   Falha ao acessar KaBuM!
[2026-10-08 20:21:33] [PELANDO] Scraping Mercado Livre (https://www.pelando.com.br/cupons-de-descontos/mercado-livre)
[2026-10-08 20:21:37] [PELANDO]   Falha ao acessar Mercado Livre
[2026-10-08 20:21:39] [PELANDO] Scraping Shopee (https://www.pelando.com.br/cupons-de-descontos/shopee)
[2026-10-08 20:21:43] [PELANDO]   Falha ao acessar Shopee
[2026-10-08 20:21:45] [PELANDO] Scraping Magazine Luiza (https://www.pelando.com.br/cupons-de-descontos/magalu)
[2026-10-08 20:21:50] [PELANDO]   Falha ao acessar Magazine Luiza
[2026-10-08 20:21:52] [PELANDO] Scraping AliExpress (https://www.pelando.com.br/cupons-de-descontos/aliexpress)
[2026-10-08 20:21:56] [PELANDO]   Falha ao acessar AliExpress
[2026-10-08 20:21:58] [PELANDO] Scraping Pichau (https://www.pelando.com.br/cupons-de-descontos/pichau)
[2026-10-08 20:22:02] [PELANDO]   Falha ao acessar Pichau
[2026-10-08 20:22:04] [PELANDO] Scraping Terabyte Shop (https://www.pelando.com.br/cupons-de-descontos/terabyte)
[2026-10-08 20:22:08] [PELANDO]   Falha ao acessar Terabyte Shop
[2026-10-08 20:22:10] [PELANDO] Completado: 0 Pelando + 94 manuales = 94 total
[2026-10-08 20:22:11] [AGENTE-ML] Consultando scraping de ofertas en Mercado Livre...
[2026-10-08 20:22:44] [AGENTE-ML] Scraping ML: 260 ofertas obtenidas | 50 enlaces de ANUNCIO descartados
[2026-10-08 20:22:44] [AGENTE-ML] Guardados 201 achados en achados_ml.json
[2026-10-08 20:22:44] [AGENTE-AMAZON] Cosechando Bestsellers y ofertas de categorías Amazon...
[2026-10-08 20:23:45] [AGENTE-AMAZON] Amazon direct: 58 ofertas cosechadas | categorias OK 10/28 | HTTP {503: 18} | sin tarjetas 8
[2026-10-08 20:23:45] [AGENTE-AMAZON] Cosechando ofertas quentes de Amazon en Pelando...
[2026-10-08 20:23:45] [AGENTE-AMAZON] Pelando Amazon: HTTP 403
[2026-10-08 20:23:45] [AGENTE-AMAZON] Guardados 47 achados en achados_amazon.json
[2026-10-08 20:24:21] [AGENTE-AMAZON] Cosechando ofertas quentes de Amazon en Pelando...
[2026-10-08 20:24:21] [AGENTE-AMAZON] Amazon Pelando: 1 ofertas reales | descartadas: 2 campañas, 0 sin ficha, 1 sin precio legible, 1 duplicadas
[2026-10-08 20:24:21] [AGENTE-AMAZON] Cosechando ofertas quentes de Amazon en Pelando...
[2026-10-08 20:24:24] [AGENTE-AMAZON] Amazon Pelando: 0 ofertas reales | descartadas: 2 campañas, 0 sin ficha, 2 sin precio legible, 1 duplicadas
[2026-10-08 20:24:24] [AGENTE-AMAZON] Cosechando Bestsellers y ofertas de categorías Amazon...
[2026-10-08 20:24:26] [AGENTE-AMAZON] Amazon direct: 0 ofertas cosechadas | categorias OK 0/1 | HTTP {503: 1}
[2026-10-08 20:24:27] [CUPONS_ML] Consultando página oficial https://www.mercadolivre.com.br/cupons (Cookie presente: True)...
[2026-10-08 20:24:27] [CUPONS_ML] 63 código(s) inválidos descartados (blobs del estado interno de ML o fragmentos de texto).
[2026-10-08 20:24:27] [CUPONS_ML] Se extrajeron exitosamente 7 cupones de ML Oficial.
[2026-10-08 20:24:27] [CUPONS_ML] Limpieza completada: 0 vencidos eliminados, 0 marcados vigente=false.
[2026-10-08 20:24:27] [CUPONS_ML] Cupones ML actualizados: 0 nuevos, 7 refrescados.
[2026-10-08 20:24:27] [CUPONS_ML] Total cupones en cupones.json: 94
[2026-10-08 20:24:27] [CUPONES] Fuente oficial ML refrescada: 7 cupón(es).
[2026-10-08 20:24:27] [CUPONES] Cupones NUEVOS detectados: 6 (MUITOBARATO, PROMOBRINQUEDOS, MELHORDODIA, SPORTS1010, OPORTUNIDADEML, CUSTAPOUCO)
[2026-10-08 20:24:28] [CUPONES] Enlace de afiliado: meli.la (corto) -> https://achadinhosnozap.com.br/go/34en4m/
[2026-10-08 20:24:28] [CUPONES] Se corta aquí: tope diario de cupones alcanzado (15).
[2026-10-08 20:24:28] [CUPONES] Fin. Cupones publicados en esta pasada: 0
[2026-10-08 20:24:29] [CUPONES] Anotados 4 código(s) como publicados (tanda).
[2026-10-08 20:33:40] [CUPONS_ML] Consultando página oficial https://www.mercadolivre.com.br/cupons (Cookie presente: True)...
[2026-10-08 20:33:41] [CUPONS_ML] 69 código(s) inválidos descartados (blobs del estado interno de ML o fragmentos de texto).
[2026-10-08 20:33:41] [CUPONS_ML] Se extrajeron exitosamente 6 cupones de ML Oficial.
[2026-10-08 20:33:41] [CUPONS_ML] Limpieza completada: 0 vencidos eliminados, 0 marcados vigente=false.
[2026-10-08 20:33:41] [CUPONS_ML] Cupones ML actualizados: 0 nuevos, 6 refrescados.
[2026-10-08 20:33:41] [CUPONS_ML] Total cupones en cupones.json: 94
[2026-10-08 20:33:41] [CUPONES] Fuente oficial ML refrescada: 6 cupón(es).
[2026-10-08 20:33:41] [CUPONES] Cupones NUEVOS detectados: 6 (MUITOBARATO, PROMOBRINQUEDOS, MELHORDODIA, SPORTS1010, OPORTUNIDADEML, CUSTAPOUCO)
[2026-10-08 20:33:41] [CUPONES] Enlace de afiliado: meli.la (corto) -> https://achadinhosnozap.com.br/go/34en4m/
[2026-10-08 20:33:41] [CUPONES] Se corta aquí: tope por hora alcanzado (3).
[2026-10-08 20:33:41] [CUPONES] Fin. Cupones publicados en esta pasada: 0
[2026-10-08 20:41:43] [CUPONS_ML] Consultando página oficial https://www.mercadolivre.com.br/cupons (Cookie presente: True)...
[2026-10-08 20:41:44] [CUPONS_ML] 69 código(s) inválidos descartados (blobs del estado interno de ML o fragmentos de texto).
[2026-10-08 20:41:44] [CUPONS_ML] Se extrajeron exitosamente 6 cupones de ML Oficial.
[2026-10-08 20:41:44] [CUPONS_ML] Limpieza completada: 0 vencidos eliminados, 0 marcados vigente=false.
[2026-10-08 20:41:44] [CUPONS_ML] Cupones ML actualizados: 0 nuevos, 6 refrescados.
[2026-10-08 20:41:44] [CUPONS_ML] Total cupones en cupones.json: 94
[2026-10-08 20:41:44] [CUPONES] Fuente oficial ML refrescada: 6 cupón(es).
[2026-10-08 20:41:44] [CUPONES] Cupones NUEVOS detectados: 6 (MUITOBARATO, PROMOBRINQUEDOS, MELHORDODIA, SPORTS1010, OPORTUNIDADEML, CUSTAPOUCO)
[2026-10-08 20:41:44] [CUPONES] Enlace de afiliado: meli.la (corto) -> https://achadinhosnozap.com.br/go/34en4m/
[2026-10-08 20:41:44] [CUPONES] Se corta aquí: tope por hora alcanzado (3).
[2026-10-08 20:41:44] [CUPONES] Fin. Cupones publicados en esta pasada: 0
[2026-10-08 20:49:13] [CUPONS_ML] Consultando página oficial https://www.mercadolivre.com.br/cupons (Cookie presente: True)...
[2026-10-08 20:49:13] [CUPONS_ML] 69 código(s) inválidos descartados (blobs del estado interno de ML o fragmentos de texto).
[2026-10-08 20:49:13] [CUPONS_ML] Se extrajeron exitosamente 6 cupones de ML Oficial.
[2026-10-08 20:49:13] [CUPONS_ML] Limpieza completada: 0 vencidos eliminados, 0 marcados vigente=false.
[2026-10-08 20:49:13] [CUPONS_ML] Cupones ML actualizados: 0 nuevos, 6 refrescados.
[2026-10-08 20:49:13] [CUPONS_ML] Total cupones en cupones.json: 94
[2026-10-08 20:49:13] [CUPONES] Fuente oficial ML refrescada: 6 cupón(es).
[2026-10-08 20:49:13] [CUPONES] Cupones NUEVOS detectados: 6 (MUITOBARATO, PROMOBRINQUEDOS, MELHORDODIA, SPORTS1010, OPORTUNIDADEML, CUSTAPOUCO)
[2026-10-08 20:49:13] [CUPONES] Enlace de afiliado: meli.la (corto) -> https://achadinhosnozap.com.br/go/34en4m/
[2026-10-08 20:49:13] [CUPONES] Se corta aquí: tope por hora alcanzado (3).
[2026-10-08 20:49:13] [CUPONES] Fin. Cupones publicados en esta pasada: 0
[2026-10-08 21:02:09] [CUPONS_ML] Consultando página oficial https://www.mercadolivre.com.br/cupons (Cookie presente: True)...
[2026-10-08 21:02:10] [CUPONS_ML] 72 código(s) inválidos descartados (blobs del estado interno de ML o fragmentos de texto).
[2026-10-08 21:02:10] [CUPONS_ML] Se extrajeron exitosamente 6 cupones de ML Oficial.
[2026-10-08 21:02:10] [CUPONS_ML] Limpieza completada: 0 vencidos eliminados, 0 marcados vigente=false.
[2026-10-08 21:02:10] [CUPONS_ML] Cupones ML actualizados: 0 nuevos, 6 refrescados.
[2026-10-08 21:02:10] [CUPONS_ML] Total cupones en cupones.json: 94
[2026-10-08 21:02:10] [CUPONES] Fuente oficial ML refrescada: 6 cupón(es).
[2026-10-08 21:02:10] [CUPONES] Cupones NUEVOS detectados: 6 (MUITOBARATO, PROMOBRINQUEDOS, MELHORDODIA, SPORTS1010, OPORTUNIDADEML, CUSTAPOUCO)
[2026-10-08 21:02:10] [CUPONES] Enlace de afiliado: meli.la (corto) -> https://achadinhosnozap.com.br/go/34en4m/
[2026-10-08 21:02:10] [CUPONES] Se corta aquí: tope por hora alcanzado (3).
[2026-10-08 21:02:10] [CUPONES] Fin. Cupones publicados en esta pasada: 0
[2026-10-08 21:10:52] [CUPONS_ML] Consultando página oficial https://www.mercadolivre.com.br/cupons (Cookie presente: True)...
[2026-10-08 21:10:53] [CUPONS_ML] 69 código(s) inválidos descartados (blobs del estado interno de ML o fragmentos de texto).
[2026-10-08 21:10:53] [CUPONS_ML] Se extrajeron exitosamente 6 cupones de ML Oficial.
[2026-10-08 21:10:53] [CUPONS_ML] Limpieza completada: 0 vencidos eliminados, 0 marcados vigente=false.
[2026-10-08 21:10:53] [CUPONS_ML] Cupones ML actualizados: 0 nuevos, 6 refrescados.
[2026-10-08 21:10:53] [CUPONS_ML] Total cupones en cupones.json: 94
[2026-10-08 21:10:53] [CUPONES] Fuente oficial ML refrescada: 6 cupón(es).
[2026-10-08 21:10:53] [CUPONES] Cupones NUEVOS detectados: 6 (MUITOBARATO, PROMOBRINQUEDOS, MELHORDODIA, SPORTS1010, OPORTUNIDADEML, CUSTAPOUCO)
[2026-10-08 21:10:53] [CUPONES] Enlace de afiliado: meli.la (corto) -> https://achadinhosnozap.com.br/go/34en4m/
[2026-10-08 21:10:53] [CUPONES] Se corta aquí: tope por hora alcanzado (3).
[2026-10-08 21:10:53] [CUPONES] Fin. Cupones publicados en esta pasada: 0
[2026-10-08 21:23:20] [CUPONS_ML] Consultando página oficial https://www.mercadolivre.com.br/cupons (Cookie presente: True)...
[2026-10-08 21:23:20] [CUPONS_ML] 72 código(s) inválidos descartados (blobs del estado interno de ML o fragmentos de texto).
[2026-10-08 21:23:20] [CUPONS_ML] Se extrajeron exitosamente 6 cupones de ML Oficial.
[2026-10-08 21:23:20] [CUPONS_ML] Limpieza completada: 0 vencidos eliminados, 0 marcados vigente=false.
[2026-10-08 21:23:20] [CUPONS_ML] Cupones ML actualizados: 0 nuevos, 6 refrescados.
[2026-10-08 21:23:20] [CUPONS_ML] Total cupones en cupones.json: 94
[2026-10-08 21:23:20] [CUPONES] Fuente oficial ML refrescada: 6 cupón(es).
[2026-10-08 21:23:20] [CUPONES] Cupones NUEVOS detectados: 6 (MUITOBARATO, PROMOBRINQUEDOS, MELHORDODIA, SPORTS1010, OPORTUNIDADEML, CUSTAPOUCO)
[2026-10-08 21:23:21] [CUPONES] Enlace de afiliado: meli.la (corto) -> https://achadinhosnozap.com.br/go/34en4m/
[2026-10-08 21:23:21] [CUPONES] Se corta aquí: tope por hora alcanzado (3).
[2026-10-08 21:23:21] [CUPONES] Fin. Cupones publicados en esta pasada: 0
[2026-10-08 21:32:46] [CUPONS_ML] Consultando página oficial https://www.mercadolivre.com.br/cupons (Cookie presente: True)...
[2026-10-08 21:32:47] [CUPONS_ML] 75 código(s) inválidos descartados (blobs del estado interno de ML o fragmentos de texto).
[2026-10-08 21:32:47] [CUPONS_ML] Se extrajeron exitosamente 6 cupones de ML Oficial.
[2026-10-08 21:32:47] [CUPONS_ML] Limpieza completada: 0 vencidos eliminados, 0 marcados vigente=false.
[2026-10-08 21:32:47] [CUPONS_ML] Cupones ML actualizados: 0 nuevos, 6 refrescados.
[2026-10-08 21:32:47] [CUPONS_ML] Total cupones en cupones.json: 94
[2026-10-08 21:32:47] [CUPONES] Fuente oficial ML refrescada: 6 cupón(es).
[2026-10-08 21:32:47] [CUPONES] Cupones NUEVOS detectados: 6 (MUITOBARATO, PROMOBRINQUEDOS, MELHORDODIA, SPORTS1010, OPORTUNIDADEML, CUSTAPOUCO)
[2026-10-08 21:32:47] [CUPONES] Enlace de afiliado: meli.la (corto) -> https://achadinhosnozap.com.br/go/34en4m/
[2026-10-08 21:32:47] [CUPONES] Se corta aquí: tope diario de cupones alcanzado (15).
[2026-10-08 21:32:47] [CUPONES] Fin. Cupones publicados en esta pasada: 0
[2026-10-08 21:41:13] [CUPONS_ML] Consultando página oficial https://www.mercadolivre.com.br/cupons (Cookie presente: True)...
[2026-10-08 21:41:14] [CUPONS_ML] 78 código(s) inválidos descartados (blobs del estado interno de ML o fragmentos de texto).
[2026-10-08 21:41:14] [CUPONS_ML] Se extrajeron exitosamente 6 cupones de ML Oficial.
[2026-10-08 21:41:14] [CUPONS_ML] Limpieza completada: 0 vencidos eliminados, 0 marcados vigente=false.
[2026-10-08 21:41:14] [CUPONS_ML] Cupones ML actualizados: 0 nuevos, 6 refrescados.
[2026-10-08 21:41:14] [CUPONS_ML] Total cupones en cupones.json: 94
[2026-10-08 21:41:14] [CUPONES] Fuente oficial ML refrescada: 6 cupón(es).
[2026-10-08 21:41:14] [CUPONES] Cupones NUEVOS detectados: 6 (MUITOBARATO, PROMOBRINQUEDOS, MELHORDODIA, SPORTS1010, OPORTUNIDADEML, CUSTAPOUCO)
[2026-10-08 21:41:14] [CUPONES] Enlace de afiliado: meli.la (corto) -> https://achadinhosnozap.com.br/go/34en4m/
[2026-10-08 21:41:14] [CUPONES] Se corta aquí: tope diario de cupones alcanzado (15).
[2026-10-08 21:41:14] [CUPONES] Fin. Cupones publicados en esta pasada: 0
[2026-10-08 21:47:10] [CUPONS_ML] Consultando página oficial https://www.mercadolivre.com.br/cupons (Cookie presente: True)...
[2026-10-08 21:47:11] [CUPONS_ML] 72 código(s) inválidos descartados (blobs del estado interno de ML o fragmentos de texto).
[2026-10-08 21:47:11] [CUPONS_ML] Se extrajeron exitosamente 6 cupones de ML Oficial.
[2026-10-08 21:47:11] [CUPONS_ML] Limpieza completada: 0 vencidos eliminados, 0 marcados vigente=false.
[2026-10-08 21:47:11] [CUPONS_ML] Cupones ML actualizados: 0 nuevos, 6 refrescados.
[2026-10-08 21:47:11] [CUPONS_ML] Total cupones en cupones.json: 94
[2026-10-08 21:47:11] [CUPONES] Fuente oficial ML refrescada: 6 cupón(es).
[2026-10-08 21:47:11] [CUPONES] Cupones NUEVOS detectados: 6 (MUITOBARATO, PROMOBRINQUEDOS, MELHORDODIA, SPORTS1010, OPORTUNIDADEML, CUSTAPOUCO)
[2026-10-08 21:47:11] [CUPONES] Enlace de afiliado: meli.la (corto) -> https://achadinhosnozap.com.br/go/34en4m/
[2026-10-08 21:47:11] [CUPONES] Se corta aquí: tope diario de cupones alcanzado (15).
[2026-10-08 21:47:11] [CUPONES] Fin. Cupones publicados en esta pasada: 0
[2026-10-08 21:59:01] [CUPONS_ML] Consultando página oficial https://www.mercadolivre.com.br/cupons (Cookie presente: True)...
[2026-10-08 21:59:02] [CUPONS_ML] 69 código(s) inválidos descartados (blobs del estado interno de ML o fragmentos de texto).
[2026-10-08 21:59:02] [CUPONS_ML] Se extrajeron exitosamente 6 cupones de ML Oficial.
[2026-10-08 21:59:02] [CUPONS_ML] Limpieza completada: 0 vencidos eliminados, 0 marcados vigente=false.
[2026-10-08 21:59:02] [CUPONS_ML] Cupones ML actualizados: 0 nuevos, 6 refrescados.
[2026-10-08 21:59:02] [CUPONS_ML] Total cupones en cupones.json: 94
[2026-10-08 21:59:02] [CUPONES] Fuente oficial ML refrescada: 6 cupón(es).
[2026-10-08 21:59:02] [CUPONES] Cupones NUEVOS detectados: 6 (MUITOBARATO, PROMOBRINQUEDOS, MELHORDODIA, SPORTS1010, OPORTUNIDADEML, CUSTAPOUCO)
[2026-10-08 21:59:02] [CUPONES] Enlace de afiliado: meli.la (corto) -> https://achadinhosnozap.com.br/go/34en4m/
[2026-10-08 21:59:02] [CUPONES] Se corta aquí: tope diario de cupones alcanzado (15).
[2026-10-08 21:59:02] [CUPONES] Fin. Cupones publicados en esta pasada: 0
[2026-10-08 22:08:31] [CUPONS_ML] Consultando página oficial https://www.mercadolivre.com.br/cupons (Cookie presente: True)...
[2026-10-08 22:08:32] [CUPONS_ML] 72 código(s) inválidos descartados (blobs del estado interno de ML o fragmentos de texto).
[2026-10-08 22:08:32] [CUPONS_ML] Se extrajeron exitosamente 6 cupones de ML Oficial.
[2026-10-08 22:08:32] [CUPONS_ML] Limpieza completada: 0 vencidos eliminados, 0 marcados vigente=false.
[2026-10-08 22:08:32] [CUPONS_ML] Cupones ML actualizados: 0 nuevos, 6 refrescados.
[2026-10-08 22:08:32] [CUPONS_ML] Total cupones en cupones.json: 94
[2026-10-08 22:08:32] [CUPONES] Fuente oficial ML refrescada: 6 cupón(es).
[2026-10-08 22:08:32] [CUPONES] Cupones NUEVOS detectados: 6 (MUITOBARATO, PROMOBRINQUEDOS, MELHORDODIA, SPORTS1010, OPORTUNIDADEML, CUSTAPOUCO)
[2026-10-08 22:08:32] [CUPONES] Enlace de afiliado: meli.la (corto) -> https://achadinhosnozap.com.br/go/34en4m/
[2026-10-08 22:08:32] [CUPONES] Se corta aquí: tope diario de cupones alcanzado (15).
[2026-10-08 22:08:32] [CUPONES] Fin. Cupones publicados en esta pasada: 0
[2026-10-08 22:17:51] [CUPONS_ML] Consultando página oficial https://www.mercadolivre.com.br/cupons (Cookie presente: True)...
[2026-10-08 22:17:52] [CUPONS_ML] 72 código(s) inválidos descartados (blobs del estado interno de ML o fragmentos de texto).
[2026-10-08 22:17:52] [CUPONS_ML] Se extrajeron exitosamente 6 cupones de ML Oficial.
[2026-10-08 22:17:52] [CUPONS_ML] Limpieza completada: 0 vencidos eliminados, 0 marcados vigente=false.
[2026-10-08 22:17:52] [CUPONS_ML] Cupones ML actualizados: 0 nuevos, 6 refrescados.
[2026-10-08 22:17:52] [CUPONS_ML] Total cupones en cupones.json: 94
[2026-10-08 22:17:52] [CUPONES] Fuente oficial ML refrescada: 6 cupón(es).
[2026-10-08 22:17:52] [CUPONES] Cupones NUEVOS detectados: 6 (MUITOBARATO, PROMOBRINQUEDOS, MELHORDODIA, SPORTS1010, OPORTUNIDADEML, CUSTAPOUCO)
[2026-10-08 22:17:52] [CUPONES] Enlace de afiliado: meli.la (corto) -> https://achadinhosnozap.com.br/go/34en4m/
[2026-10-08 22:17:52] [CUPONES] Se corta aquí: tope diario de cupones alcanzado (15).
[2026-10-08 22:17:52] [CUPONES] Fin. Cupones publicados en esta pasada: 0
[2026-10-08 22:23:15] [CUPONS_ML] Consultando página oficial https://www.mercadolivre.com.br/cupons (Cookie presente: True)...
[2026-10-08 22:23:16] [CUPONS_ML] 72 código(s) inválidos descartados (blobs del estado interno de ML o fragmentos de texto).
[2026-10-08 22:23:16] [CUPONS_ML] Se extrajeron exitosamente 6 cupones de ML Oficial.
[2026-10-08 22:23:16] [CUPONS_ML] Limpieza completada: 0 vencidos eliminados, 0 marcados vigente=false.
[2026-10-08 22:23:16] [CUPONS_ML] Cupones ML actualizados: 0 nuevos, 6 refrescados.
[2026-10-08 22:23:16] [CUPONS_ML] Total cupones en cupones.json: 94
[2026-10-08 22:23:16] [CUPONES] Fuente oficial ML refrescada: 6 cupón(es).
[2026-10-08 22:23:16] [CUPONES] Cupones NUEVOS detectados: 6 (MUITOBARATO, PROMOBRINQUEDOS, MELHORDODIA, SPORTS1010, OPORTUNIDADEML, CUSTAPOUCO)
[2026-10-08 22:23:16] [CUPONES] Enlace de afiliado: meli.la (corto) -> https://achadinhosnozap.com.br/go/34en4m/
[2026-10-08 22:23:16] [CUPONES] Se corta aquí: tope diario de cupones alcanzado (15).
[2026-10-08 22:23:16] [CUPONES] Fin. Cupones publicados en esta pasada: 0
[2026-10-08 22:31:54] [CUPONS_ML] Consultando página oficial https://www.mercadolivre.com.br/cupons (Cookie presente: True)...
[2026-10-08 22:31:55] [CUPONS_ML] 69 código(s) inválidos descartados (blobs del estado interno de ML o fragmentos de texto).
[2026-10-08 22:31:55] [CUPONS_ML] Se extrajeron exitosamente 6 cupones de ML Oficial.
[2026-10-08 22:31:55] [CUPONS_ML] Limpieza completada: 0 vencidos eliminados, 0 marcados vigente=false.
[2026-10-08 22:31:55] [CUPONS_ML] Cupones ML actualizados: 0 nuevos, 6 refrescados.
[2026-10-08 22:31:55] [CUPONS_ML] Total cupones en cupones.json: 94
[2026-10-08 22:31:55] [CUPONES] Fuente oficial ML refrescada: 6 cupón(es).
[2026-10-08 22:31:55] [CUPONES] Cupones NUEVOS detectados: 6 (MUITOBARATO, PROMOBRINQUEDOS, MELHORDODIA, SPORTS1010, OPORTUNIDADEML, CUSTAPOUCO)
[2026-10-08 22:31:55] [CUPONES] Enlace de afiliado: meli.la (corto) -> https://achadinhosnozap.com.br/go/34en4m/
[2026-10-08 22:31:55] [CUPONES] Se corta aquí: tope diario de cupones alcanzado (15).
[2026-10-08 22:31:55] [CUPONES] Fin. Cupones publicados en esta pasada: 0
[2026-10-08 22:43:27] [CUPONS_ML] Consultando página oficial https://www.mercadolivre.com.br/cupons (Cookie presente: True)...
[2026-10-08 22:43:28] [CUPONS_ML] 69 código(s) inválidos descartados (blobs del estado interno de ML o fragmentos de texto).
[2026-10-08 22:43:28] [CUPONS_ML] Se extrajeron exitosamente 6 cupones de ML Oficial.
[2026-10-08 22:43:28] [CUPONS_ML] Limpieza completada: 0 vencidos eliminados, 0 marcados vigente=false.
[2026-10-08 22:43:28] [CUPONS_ML] Cupones ML actualizados: 0 nuevos, 6 refrescados.
[2026-10-08 22:43:28] [CUPONS_ML] Total cupones en cupones.json: 94
[2026-10-08 22:43:28] [CUPONES] Fuente oficial ML refrescada: 6 cupón(es).
[2026-10-08 22:43:28] [CUPONES] Cupones NUEVOS detectados: 6 (MUITOBARATO, PROMOBRINQUEDOS, MELHORDODIA, SPORTS1010, OPORTUNIDADEML, CUSTAPOUCO)
[2026-10-08 22:43:28] [CUPONES] Enlace de afiliado: meli.la (corto) -> https://achadinhosnozap.com.br/go/34en4m/
[2026-10-08 22:43:28] [CUPONES] Se corta aquí: tope diario de cupones alcanzado (15).
[2026-10-08 22:43:28] [CUPONES] Fin. Cupones publicados en esta pasada: 0
[2026-10-08 22:53:24] [CUPONS_ML] Consultando página oficial https://www.mercadolivre.com.br/cupons (Cookie presente: True)...
[2026-10-08 22:53:25] [CUPONS_ML] 72 código(s) inválidos descartados (blobs del estado interno de ML o fragmentos de texto).
[2026-10-08 22:53:25] [CUPONS_ML] Se extrajeron exitosamente 6 cupones de ML Oficial.
[2026-10-08 22:53:25] [CUPONS_ML] Limpieza completada: 0 vencidos eliminados, 0 marcados vigente=false.
[2026-10-08 22:53:25] [CUPONS_ML] Cupones ML actualizados: 0 nuevos, 6 refrescados.
[2026-10-08 22:53:25] [CUPONS_ML] Total cupones en cupones.json: 94
[2026-10-08 22:53:25] [CUPONES] Fuente oficial ML refrescada: 6 cupón(es).
[2026-10-08 22:53:25] [CUPONES] Cupones NUEVOS detectados: 6 (MUITOBARATO, PROMOBRINQUEDOS, MELHORDODIA, SPORTS1010, OPORTUNIDADEML, CUSTAPOUCO)
[2026-10-08 22:53:25] [CUPONES] Enlace de afiliado: meli.la (corto) -> https://achadinhosnozap.com.br/go/34en4m/
[2026-10-08 22:53:25] [CUPONES] Se corta aquí: tope diario de cupones alcanzado (15).
[2026-10-08 22:53:25] [CUPONES] Fin. Cupones publicados en esta pasada: 0
[2026-10-08 23:01:55] [CUPONS_ML] Consultando página oficial https://www.mercadolivre.com.br/cupons (Cookie presente: True)...
[2026-10-08 23:01:56] [CUPONS_ML] 72 código(s) inválidos descartados (blobs del estado interno de ML o fragmentos de texto).
[2026-10-08 23:01:56] [CUPONS_ML] Se extrajeron exitosamente 6 cupones de ML Oficial.
[2026-10-08 23:01:56] [CUPONS_ML] Limpieza completada: 0 vencidos eliminados, 0 marcados vigente=false.
[2026-10-08 23:01:56] [CUPONS_ML] Cupones ML actualizados: 0 nuevos, 6 refrescados.
[2026-10-08 23:01:56] [CUPONS_ML] Total cupones en cupones.json: 94
[2026-10-08 23:01:56] [CUPONES] Fuente oficial ML refrescada: 6 cupón(es).
[2026-10-08 23:01:56] [CUPONES] Cupones NUEVOS detectados: 6 (MUITOBARATO, PROMOBRINQUEDOS, MELHORDODIA, SPORTS1010, OPORTUNIDADEML, CUSTAPOUCO)
[2026-10-08 23:01:56] [CUPONES] Enlace de afiliado: meli.la (corto) -> https://achadinhosnozap.com.br/go/34en4m/
[2026-10-08 23:01:56] [CUPONES] Se corta aquí: tope diario de cupones alcanzado (15).
[2026-10-08 23:01:56] [CUPONES] Fin. Cupones publicados en esta pasada: 0
[2026-10-08 23:07:03] [CUPONS_ML] Consultando página oficial https://www.mercadolivre.com.br/cupons (Cookie presente: True)...
[2026-10-08 23:07:04] [CUPONS_ML] 72 código(s) inválidos descartados (blobs del estado interno de ML o fragmentos de texto).
[2026-10-08 23:07:04] [CUPONS_ML] Se extrajeron exitosamente 6 cupones de ML Oficial.
[2026-10-08 23:07:04] [CUPONS_ML] Limpieza completada: 0 vencidos eliminados, 0 marcados vigente=false.
[2026-10-08 23:07:04] [CUPONS_ML] Cupones ML actualizados: 0 nuevos, 6 refrescados.
[2026-10-08 23:07:04] [CUPONS_ML] Total cupones en cupones.json: 94
[2026-10-08 23:07:04] [CUPONES] Fuente oficial ML refrescada: 6 cupón(es).
[2026-10-08 23:07:04] [CUPONES] Cupones NUEVOS detectados: 6 (MUITOBARATO, PROMOBRINQUEDOS, MELHORDODIA, SPORTS1010, OPORTUNIDADEML, CUSTAPOUCO)
[2026-10-08 23:07:04] [CUPONES] Enlace de afiliado: meli.la (corto) -> https://achadinhosnozap.com.br/go/34en4m/
[2026-10-08 23:07:04] [CUPONES] Se corta aquí: tope diario de cupones alcanzado (15).
[2026-10-08 23:07:04] [CUPONES] Fin. Cupones publicados en esta pasada: 0
[2026-10-08 23:15:25] [CUPONS_ML] Consultando página oficial https://www.mercadolivre.com.br/cupons (Cookie presente: True)...
[2026-10-08 23:15:26] [CUPONS_ML] 72 código(s) inválidos descartados (blobs del estado interno de ML o fragmentos de texto).
[2026-10-08 23:15:26] [CUPONS_ML] Se extrajeron exitosamente 6 cupones de ML Oficial.
[2026-10-08 23:15:26] [CUPONS_ML] Limpieza completada: 0 vencidos eliminados, 0 marcados vigente=false.
[2026-10-08 23:15:26] [CUPONS_ML] Cupones ML actualizados: 0 nuevos, 6 refrescados.
[2026-10-08 23:15:26] [CUPONS_ML] Total cupones en cupones.json: 94
[2026-10-08 23:15:26] [CUPONES] Fuente oficial ML refrescada: 6 cupón(es).
[2026-10-08 23:15:26] [CUPONES] Cupones NUEVOS detectados: 6 (MUITOBARATO, PROMOBRINQUEDOS, MELHORDODIA, SPORTS1010, OPORTUNIDADEML, CUSTAPOUCO)
[2026-10-08 23:15:26] [CUPONES] Enlace de afiliado: meli.la (corto) -> https://achadinhosnozap.com.br/go/34en4m/
[2026-10-08 23:15:26] [CUPONES] Se corta aquí: tope diario de cupones alcanzado (15).
[2026-10-08 23:15:26] [CUPONES] Fin. Cupones publicados en esta pasada: 0
[2026-10-08 23:21:43] [CUPONS_ML] Consultando página oficial https://www.mercadolivre.com.br/cupons (Cookie presente: True)...
[2026-10-08 23:21:44] [CUPONS_ML] 72 código(s) inválidos descartados (blobs del estado interno de ML o fragmentos de texto).
[2026-10-08 23:21:44] [CUPONS_ML] Se extrajeron exitosamente 6 cupones de ML Oficial.
[2026-10-08 23:21:44] [CUPONS_ML] Limpieza completada: 0 vencidos eliminados, 0 marcados vigente=false.
[2026-10-08 23:21:44] [CUPONS_ML] Cupones ML actualizados: 0 nuevos, 6 refrescados.
[2026-10-08 23:21:44] [CUPONS_ML] Total cupones en cupones.json: 94
[2026-10-08 23:21:44] [CUPONES] Fuente oficial ML refrescada: 6 cupón(es).
[2026-10-08 23:21:44] [CUPONES] Cupones NUEVOS detectados: 6 (MUITOBARATO, PROMOBRINQUEDOS, MELHORDODIA, SPORTS1010, OPORTUNIDADEML, CUSTAPOUCO)
[2026-10-08 23:21:44] [CUPONES] Enlace de afiliado: meli.la (corto) -> https://achadinhosnozap.com.br/go/34en4m/
[2026-10-08 23:21:44] [CUPONES] Se corta aquí: tope diario de cupones alcanzado (15).
[2026-10-08 23:21:44] [CUPONES] Fin. Cupones publicados en esta pasada: 0
[2026-10-08 23:30:29] [CUPONS_ML] Consultando página oficial https://www.mercadolivre.com.br/cupons (Cookie presente: True)...
[2026-10-08 23:30:30] [CUPONS_ML] 69 código(s) inválidos descartados (blobs del estado interno de ML o fragmentos de texto).
[2026-10-08 23:30:30] [CUPONS_ML] Se extrajeron exitosamente 6 cupones de ML Oficial.
[2026-10-08 23:30:30] [CUPONS_ML] Limpieza completada: 0 vencidos eliminados, 0 marcados vigente=false.
[2026-10-08 23:30:30] [CUPONS_ML] Cupones ML actualizados: 0 nuevos, 6 refrescados.
[2026-10-08 23:30:30] [CUPONS_ML] Total cupones en cupones.json: 94
[2026-10-08 23:30:30] [CUPONES] Fuente oficial ML refrescada: 6 cupón(es).
[2026-10-08 23:30:30] [CUPONES] Cupones NUEVOS detectados: 6 (MUITOBARATO, PROMOBRINQUEDOS, MELHORDODIA, SPORTS1010, OPORTUNIDADEML, CUSTAPOUCO)
[2026-10-08 23:30:30] [CUPONES] Enlace de afiliado: meli.la (corto) -> https://achadinhosnozap.com.br/go/34en4m/
[2026-10-08 23:30:30] [CUPONES] Se corta aquí: tope diario de cupones alcanzado (15).
[2026-10-08 23:30:30] [CUPONES] Fin. Cupones publicados en esta pasada: 0
[2026-10-08 23:38:02] [CUPONS_ML] Consultando página oficial https://www.mercadolivre.com.br/cupons (Cookie presente: True)...
[2026-10-08 23:38:03] [CUPONS_ML] 69 código(s) inválidos descartados (blobs del estado interno de ML o fragmentos de texto).
[2026-10-08 23:38:03] [CUPONS_ML] Se extrajeron exitosamente 6 cupones de ML Oficial.
[2026-10-08 23:38:03] [CUPONS_ML] Limpieza completada: 0 vencidos eliminados, 0 marcados vigente=false.
[2026-10-08 23:38:03] [CUPONS_ML] Cupones ML actualizados: 0 nuevos, 6 refrescados.
[2026-10-08 23:38:03] [CUPONS_ML] Total cupones en cupones.json: 94
[2026-10-08 23:38:03] [CUPONES] Fuente oficial ML refrescada: 6 cupón(es).
[2026-10-08 23:38:03] [CUPONES] Cupones NUEVOS detectados: 6 (MUITOBARATO, PROMOBRINQUEDOS, MELHORDODIA, SPORTS1010, OPORTUNIDADEML, CUSTAPOUCO)
[2026-10-08 23:38:03] [CUPONES] Enlace de afiliado: meli.la (corto) -> https://achadinhosnozap.com.br/go/34en4m/
[2026-10-08 23:38:03] [CUPONES] Se corta aquí: tope diario de cupones alcanzado (15).
[2026-10-08 23:38:03] [CUPONES] Fin. Cupones publicados en esta pasada: 0
[2026-10-08 23:44:49] [CUPONS_ML] Consultando página oficial https://www.mercadolivre.com.br/cupons (Cookie presente: True)...
[2026-10-08 23:44:50] [CUPONS_ML] 69 código(s) inválidos descartados (blobs del estado interno de ML o fragmentos de texto).
[2026-10-08 23:44:50] [CUPONS_ML] Se extrajeron exitosamente 6 cupones de ML Oficial.
[2026-10-08 23:44:50] [CUPONS_ML] Limpieza completada: 0 vencidos eliminados, 0 marcados vigente=false.
[2026-10-08 23:44:50] [CUPONS_ML] Cupones ML actualizados: 0 nuevos, 6 refrescados.
[2026-10-08 23:44:50] [CUPONS_ML] Total cupones en cupones.json: 94
[2026-10-08 23:44:50] [CUPONES] Fuente oficial ML refrescada: 6 cupón(es).
[2026-10-08 23:44:50] [CUPONES] Cupones NUEVOS detectados: 6 (MUITOBARATO, PROMOBRINQUEDOS, MELHORDODIA, SPORTS1010, OPORTUNIDADEML, CUSTAPOUCO)
[2026-10-08 23:44:50] [CUPONES] Enlace de afiliado: meli.la (corto) -> https://achadinhosnozap.com.br/go/34en4m/
[2026-10-08 23:44:50] [CUPONES] Se corta aquí: tope diario de cupones alcanzado (15).
[2026-10-08 23:44:50] [CUPONES] Fin. Cupones publicados en esta pasada: 0
[2026-10-08 23:50:22] [CUPONS_ML] Consultando página oficial https://www.mercadolivre.com.br/cupons (Cookie presente: True)...
[2026-10-08 23:50:22] [CUPONS_ML] 69 código(s) inválidos descartados (blobs del estado interno de ML o fragmentos de texto).
[2026-10-08 23:50:22] [CUPONS_ML] Se extrajeron exitosamente 6 cupones de ML Oficial.
[2026-10-08 23:50:22] [CUPONS_ML] Limpieza completada: 0 vencidos eliminados, 0 marcados vigente=false.
[2026-10-08 23:50:22] [CUPONS_ML] Cupones ML actualizados: 0 nuevos, 6 refrescados.
[2026-10-08 23:50:22] [CUPONS_ML] Total cupones en cupones.json: 94
[2026-10-08 23:50:22] [CUPONES] Fuente oficial ML refrescada: 6 cupón(es).
[2026-10-08 23:50:22] [CUPONES] Cupones NUEVOS detectados: 6 (MUITOBARATO, PROMOBRINQUEDOS, MELHORDODIA, SPORTS1010, OPORTUNIDADEML, CUSTAPOUCO)
[2026-10-08 23:50:22] [CUPONES] Enlace de afiliado: meli.la (corto) -> https://achadinhosnozap.com.br/go/34en4m/
[2026-10-08 23:50:22] [CUPONES] Se corta aquí: tope diario de cupones alcanzado (15).
[2026-10-08 23:50:22] [CUPONES] Fin. Cupones publicados en esta pasada: 0
[2026-10-08 23:56:56] [CUPONS_ML] Consultando página oficial https://www.mercadolivre.com.br/cupons (Cookie presente: True)...
[2026-10-08 23:56:57] [CUPONS_ML] 75 código(s) inválidos descartados (blobs del estado interno de ML o fragmentos de texto).
[2026-10-08 23:56:57] [CUPONS_ML] Se extrajeron exitosamente 6 cupones de ML Oficial.
[2026-10-08 23:56:57] [CUPONS_ML] Limpieza completada: 0 vencidos eliminados, 0 marcados vigente=false.
[2026-10-08 23:56:57] [CUPONS_ML] Cupones ML actualizados: 0 nuevos, 6 refrescados.
[2026-10-08 23:56:57] [CUPONS_ML] Total cupones en cupones.json: 94
[2026-10-08 23:56:57] [CUPONES] Fuente oficial ML refrescada: 6 cupón(es).
[2026-10-08 23:56:57] [CUPONES] Cupones NUEVOS detectados: 6 (MUITOBARATO, PROMOBRINQUEDOS, MELHORDODIA, SPORTS1010, OPORTUNIDADEML, CUSTAPOUCO)
[2026-10-08 23:56:57] [CUPONES] Enlace de afiliado: meli.la (corto) -> https://achadinhosnozap.com.br/go/34en4m/
[2026-10-08 23:56:57] [CUPONES] Se corta aquí: tope diario de cupones alcanzado (15).
[2026-10-08 23:56:57] [CUPONES] Fin. Cupones publicados en esta pasada: 0
[2026-10-09 00:04:19] [CUPONS_ML] Consultando página oficial https://www.mercadolivre.com.br/cupons (Cookie presente: True)...
[2026-10-09 00:04:20] [CUPONS_ML] 75 código(s) inválidos descartados (blobs del estado interno de ML o fragmentos de texto).
[2026-10-09 00:04:20] [CUPONS_ML] Se extrajeron exitosamente 6 cupones de ML Oficial.
[2026-10-09 00:04:20] [CUPONS_ML] Limpieza completada: 2 vencidos eliminados, 0 marcados vigente=false.
[2026-10-09 00:04:20] [CUPONS_ML] Cupones ML actualizados: 0 nuevos, 6 refrescados.
[2026-10-09 00:04:20] [CUPONS_ML] Total cupones en cupones.json: 92
[2026-10-09 00:04:20] [CUPONES] Fuente oficial ML refrescada: 6 cupón(es).
[2026-10-09 00:04:20] [CUPONES] Cupones NUEVOS detectados: 5 (MUITOBARATO, PROMOBRINQUEDOS, MELHORDODIA, SPORTS1010, OPORTUNIDADEML)
[2026-10-09 00:04:20] [CUPONES] Enlace de afiliado: meli.la (corto) -> https://achadinhosnozap.com.br/go/34en4m/
[2026-10-09 00:04:21] [CUPONES] ✅ Publicado cupón MUITOBARATO (detectado -> publicado: 633.2 min)
[2026-10-09 00:04:21] [CUPONES] Se corta aquí: último envío hace 0.0 min (< 3 min).
[2026-10-09 00:04:21] [CUPONES] Fin. Cupones publicados en esta pasada: 1
[2026-10-09 00:15:40] [CUPONS_ML] Consultando página oficial https://www.mercadolivre.com.br/cupons (Cookie presente: True)...
[2026-10-09 00:15:41] [CUPONS_ML] 72 código(s) inválidos descartados (blobs del estado interno de ML o fragmentos de texto).
[2026-10-09 00:15:41] [CUPONS_ML] Se extrajeron exitosamente 6 cupones de ML Oficial.
[2026-10-09 00:15:41] [CUPONS_ML] Limpieza completada: 0 vencidos eliminados, 0 marcados vigente=false.
[2026-10-09 00:15:41] [CUPONS_ML] Cupones ML actualizados: 0 nuevos, 6 refrescados.
[2026-10-09 00:15:41] [CUPONS_ML] Total cupones en cupones.json: 92
[2026-10-09 00:15:41] [CUPONES] Fuente oficial ML refrescada: 6 cupón(es).
[2026-10-09 00:15:41] [CUPONES] Cupones NUEVOS detectados: 4 (PROMOBRINQUEDOS, MELHORDODIA, SPORTS1010, OPORTUNIDADEML)
[2026-10-09 00:15:41] [CUPONES] Enlace de afiliado: meli.la (corto) -> https://achadinhosnozap.com.br/go/34en4m/
[2026-10-09 00:15:42] [CUPONES] ✅ Publicado cupón PROMOBRINQUEDOS (detectado -> publicado: 670.9 min)
[2026-10-09 00:15:42] [CUPONES] Se corta aquí: último envío hace 0.0 min (< 3 min).
[2026-10-09 00:15:42] [CUPONES] Fin. Cupones publicados en esta pasada: 1
[2026-10-09 00:22:54] [CUPONS_ML] Consultando página oficial https://www.mercadolivre.com.br/cupons (Cookie presente: True)...
[2026-10-09 00:22:55] [CUPONS_ML] 75 código(s) inválidos descartados (blobs del estado interno de ML o fragmentos de texto).
[2026-10-09 00:22:55] [CUPONS_ML] Se extrajeron exitosamente 6 cupones de ML Oficial.
[2026-10-09 00:22:55] [CUPONS_ML] Limpieza completada: 0 vencidos eliminados, 0 marcados vigente=false.
[2026-10-09 00:22:55] [CUPONS_ML] Cupones ML actualizados: 0 nuevos, 6 refrescados.
[2026-10-09 00:22:55] [CUPONS_ML] Total cupones en cupones.json: 92
[2026-10-09 00:22:55] [CUPONES] Fuente oficial ML refrescada: 6 cupón(es).
[2026-10-09 00:22:55] [CUPONES] Cupones NUEVOS detectados: 3 (MELHORDODIA, SPORTS1010, OPORTUNIDADEML)
[2026-10-09 00:22:55] [CUPONES] Enlace de afiliado: meli.la (corto) -> https://achadinhosnozap.com.br/go/34en4m/
[2026-10-09 00:22:56] [CUPONES] ✅ Publicado cupón MELHORDODIA (detectado -> publicado: 651.8 min)
[2026-10-09 00:22:56] [CUPONES] Se corta aquí: tope por hora alcanzado (3).
[2026-10-09 00:22:56] [CUPONES] Fin. Cupones publicados en esta pasada: 1
[2026-10-09 00:29:43] [CUPONS_ML] Consultando página oficial https://www.mercadolivre.com.br/cupons (Cookie presente: True)...
[2026-10-09 00:29:43] [CUPONS_ML] 75 código(s) inválidos descartados (blobs del estado interno de ML o fragmentos de texto).
[2026-10-09 00:29:43] [CUPONS_ML] Se extrajeron exitosamente 6 cupones de ML Oficial.
[2026-10-09 00:29:43] [CUPONS_ML] Limpieza completada: 0 vencidos eliminados, 0 marcados vigente=false.
[2026-10-09 00:29:43] [CUPONS_ML] Cupones ML actualizados: 0 nuevos, 6 refrescados.
[2026-10-09 00:29:43] [CUPONS_ML] Total cupones en cupones.json: 92
[2026-10-09 00:29:43] [CUPONES] Fuente oficial ML refrescada: 6 cupón(es).
[2026-10-09 00:29:43] [CUPONES] Cupones NUEVOS detectados: 2 (SPORTS1010, OPORTUNIDADEML)
[2026-10-09 00:29:43] [CUPONES] Enlace de afiliado: meli.la (corto) -> https://achadinhosnozap.com.br/go/34en4m/
[2026-10-09 00:29:43] [CUPONES] Se corta aquí: tope por hora alcanzado (3).
[2026-10-09 00:29:43] [CUPONES] Fin. Cupones publicados en esta pasada: 0
[2026-10-09 00:36:46] [CUPONS_ML] Consultando página oficial https://www.mercadolivre.com.br/cupons (Cookie presente: True)...
[2026-10-09 00:36:46] [CUPONS_ML] 75 código(s) inválidos descartados (blobs del estado interno de ML o fragmentos de texto).
[2026-10-09 00:36:46] [CUPONS_ML] Se extrajeron exitosamente 6 cupones de ML Oficial.
[2026-10-09 00:36:46] [CUPONS_ML] Limpieza completada: 0 vencidos eliminados, 0 marcados vigente=false.
[2026-10-09 00:36:46] [CUPONS_ML] Cupones ML actualizados: 0 nuevos, 6 refrescados.
[2026-10-09 00:36:46] [CUPONS_ML] Total cupones en cupones.json: 92
[2026-10-09 00:36:46] [CUPONES] Fuente oficial ML refrescada: 6 cupón(es).
[2026-10-09 00:36:46] [CUPONES] Cupones NUEVOS detectados: 2 (SPORTS1010, OPORTUNIDADEML)
[2026-10-09 00:36:46] [CUPONES] Enlace de afiliado: meli.la (corto) -> https://achadinhosnozap.com.br/go/34en4m/
[2026-10-09 00:36:46] [CUPONES] Se corta aquí: tope por hora alcanzado (3).
[2026-10-09 00:36:46] [CUPONES] Fin. Cupones publicados en esta pasada: 0
[2026-10-09 00:46:09] [CUPONS_ML] Consultando página oficial https://www.mercadolivre.com.br/cupons (Cookie presente: True)...
[2026-10-09 00:46:10] [CUPONS_ML] 75 código(s) inválidos descartados (blobs del estado interno de ML o fragmentos de texto).
[2026-10-09 00:46:10] [CUPONS_ML] Se extrajeron exitosamente 6 cupones de ML Oficial.
[2026-10-09 00:46:10] [CUPONS_ML] Limpieza completada: 0 vencidos eliminados, 0 marcados vigente=false.
[2026-10-09 00:46:10] [CUPONS_ML] Cupones ML actualizados: 0 nuevos, 6 refrescados.
[2026-10-09 00:46:10] [CUPONS_ML] Total cupones en cupones.json: 92
[2026-10-09 00:46:10] [CUPONES] Fuente oficial ML refrescada: 6 cupón(es).
[2026-10-09 00:46:10] [CUPONES] Cupones NUEVOS detectados: 2 (SPORTS1010, OPORTUNIDADEML)
[2026-10-09 00:46:10] [CUPONES] Enlace de afiliado: meli.la (corto) -> https://achadinhosnozap.com.br/go/34en4m/
[2026-10-09 00:46:10] [CUPONES] Se corta aquí: tope por hora alcanzado (3).
[2026-10-09 00:46:10] [CUPONES] Fin. Cupones publicados en esta pasada: 0
[2026-10-09 00:56:25] [CUPONS_ML] Consultando página oficial https://www.mercadolivre.com.br/cupons (Cookie presente: True)...
[2026-10-09 00:56:26] [CUPONS_ML] 75 código(s) inválidos descartados (blobs del estado interno de ML o fragmentos de texto).
[2026-10-09 00:56:26] [CUPONS_ML] Se extrajeron exitosamente 6 cupones de ML Oficial.
[2026-10-09 00:56:26] [CUPONS_ML] Limpieza completada: 0 vencidos eliminados, 0 marcados vigente=false.
[2026-10-09 00:56:26] [CUPONS_ML] Cupones ML actualizados: 0 nuevos, 6 refrescados.
[2026-10-09 00:56:26] [CUPONS_ML] Total cupones en cupones.json: 92
[2026-10-09 00:56:26] [CUPONES] Fuente oficial ML refrescada: 6 cupón(es).
[2026-10-09 00:56:26] [CUPONES] Cupones NUEVOS detectados: 2 (SPORTS1010, OPORTUNIDADEML)
[2026-10-09 00:56:26] [CUPONES] Enlace de afiliado: meli.la (corto) -> https://achadinhosnozap.com.br/go/34en4m/
[2026-10-09 00:56:26] [CUPONES] Se corta aquí: tope por hora alcanzado (3).
[2026-10-09 00:56:26] [CUPONES] Fin. Cupones publicados en esta pasada: 0
[2026-10-09 01:02:29] [CUPONS_ML] Consultando página oficial https://www.mercadolivre.com.br/cupons (Cookie presente: True)...
[2026-10-09 01:02:30] [CUPONS_ML] 75 código(s) inválidos descartados (blobs del estado interno de ML o fragmentos de texto).
[2026-10-09 01:02:30] [CUPONS_ML] Se extrajeron exitosamente 6 cupones de ML Oficial.
[2026-10-09 01:02:30] [CUPONS_ML] Limpieza completada: 0 vencidos eliminados, 0 marcados vigente=false.
[2026-10-09 01:02:30] [CUPONS_ML] Cupones ML actualizados: 0 nuevos, 6 refrescados.
[2026-10-09 01:02:30] [CUPONS_ML] Total cupones en cupones.json: 92
[2026-10-09 01:02:30] [CUPONES] Fuente oficial ML refrescada: 6 cupón(es).
[2026-10-09 01:02:30] [CUPONES] Cupones NUEVOS detectados: 2 (SPORTS1010, OPORTUNIDADEML)
[2026-10-09 01:02:30] [CUPONES] Enlace de afiliado: meli.la (corto) -> https://achadinhosnozap.com.br/go/34en4m/
[2026-10-09 01:02:30] [CUPONES] Se corta aquí: tope por hora alcanzado (3).
[2026-10-09 01:02:30] [CUPONES] Fin. Cupones publicados en esta pasada: 0
[2026-10-09 01:12:31] [CUPONS_ML] Consultando página oficial https://www.mercadolivre.com.br/cupons (Cookie presente: True)...
[2026-10-09 01:12:31] [CUPONS_ML] 75 código(s) inválidos descartados (blobs del estado interno de ML o fragmentos de texto).
[2026-10-09 01:12:31] [CUPONS_ML] Se extrajeron exitosamente 6 cupones de ML Oficial.
[2026-10-09 01:12:31] [CUPONS_ML] Limpieza completada: 0 vencidos eliminados, 0 marcados vigente=false.
[2026-10-09 01:12:31] [CUPONS_ML] Cupones ML actualizados: 0 nuevos, 6 refrescados.
[2026-10-09 01:12:31] [CUPONS_ML] Total cupones en cupones.json: 92
[2026-10-09 01:12:31] [CUPONES] Fuente oficial ML refrescada: 6 cupón(es).
[2026-10-09 01:12:31] [CUPONES] Cupones NUEVOS detectados: 2 (SPORTS1010, OPORTUNIDADEML)
[2026-10-09 01:12:31] [CUPONES] Enlace de afiliado: meli.la (corto) -> https://achadinhosnozap.com.br/go/34en4m/
[2026-10-09 01:12:33] [CUPONES] ✅ Publicado cupón SPORTS1010 (detectado -> publicado: 669.0 min)
[2026-10-09 01:12:33] [CUPONES] Se corta aquí: tope por hora alcanzado (3).
[2026-10-09 01:12:33] [CUPONES] Fin. Cupones publicados en esta pasada: 1
[2026-10-09 01:22:53] [CUPONS_ML] Consultando página oficial https://www.mercadolivre.com.br/cupons (Cookie presente: True)...
[2026-10-09 01:22:54] [CUPONS_ML] 78 código(s) inválidos descartados (blobs del estado interno de ML o fragmentos de texto).
[2026-10-09 01:22:54] [CUPONS_ML] Se extrajeron exitosamente 6 cupones de ML Oficial.
[2026-10-09 01:22:54] [CUPONS_ML] Limpieza completada: 0 vencidos eliminados, 0 marcados vigente=false.
[2026-10-09 01:22:54] [CUPONS_ML] Cupones ML actualizados: 0 nuevos, 6 refrescados.
[2026-10-09 01:22:54] [CUPONS_ML] Total cupones en cupones.json: 92
[2026-10-09 01:22:54] [CUPONES] Fuente oficial ML refrescada: 6 cupón(es).
[2026-10-09 01:22:54] [CUPONES] Cupones NUEVOS detectados: 1 (OPORTUNIDADEML)
[2026-10-09 01:22:54] [CUPONES] Enlace de afiliado: meli.la (corto) -> https://achadinhosnozap.com.br/go/34en4m/
[2026-10-09 01:22:55] [CUPONES] ✅ Publicado cupón OPORTUNIDADEML (detectado -> publicado: 738.1 min)
[2026-10-09 01:22:55] [CUPONES] Fin. Cupones publicados en esta pasada: 1
[2026-10-09 01:33:45] [CUPONS_ML] Consultando página oficial https://www.mercadolivre.com.br/cupons (Cookie presente: True)...
[2026-10-09 01:33:46] [CUPONS_ML] 78 código(s) inválidos descartados (blobs del estado interno de ML o fragmentos de texto).
[2026-10-09 01:33:46] [CUPONS_ML] Se extrajeron exitosamente 6 cupones de ML Oficial.
[2026-10-09 01:33:46] [CUPONS_ML] Limpieza completada: 0 vencidos eliminados, 0 marcados vigente=false.
[2026-10-09 01:33:46] [CUPONS_ML] Cupones ML actualizados: 0 nuevos, 6 refrescados.
[2026-10-09 01:33:46] [CUPONS_ML] Total cupones en cupones.json: 92
[2026-10-09 01:33:46] [CUPONES] Fuente oficial ML refrescada: 6 cupón(es).
[2026-10-09 01:33:46] [CUPONES] Sin cupones nuevos (95 códigos ya vistos).
[2026-10-09 01:39:14] [CUPONS_ML] Consultando página oficial https://www.mercadolivre.com.br/cupons (Cookie presente: True)...
[2026-10-09 01:39:15] [CUPONS_ML] 78 código(s) inválidos descartados (blobs del estado interno de ML o fragmentos de texto).
[2026-10-09 01:39:15] [CUPONS_ML] Se extrajeron exitosamente 6 cupones de ML Oficial.
[2026-10-09 01:39:15] [CUPONS_ML] Limpieza completada: 0 vencidos eliminados, 0 marcados vigente=false.
[2026-10-09 01:39:15] [CUPONS_ML] Cupones ML actualizados: 0 nuevos, 6 refrescados.
[2026-10-09 01:39:15] [CUPONS_ML] Total cupones en cupones.json: 92
[2026-10-09 01:39:15] [CUPONES] Fuente oficial ML refrescada: 6 cupón(es).
[2026-10-09 01:39:15] [CUPONES] Sin cupones nuevos (95 códigos ya vistos).
[2026-10-09 01:49:37] [CUPONS_ML] Consultando página oficial https://www.mercadolivre.com.br/cupons (Cookie presente: True)...
[2026-10-09 01:49:38] [CUPONS_ML] 78 código(s) inválidos descartados (blobs del estado interno de ML o fragmentos de texto).
[2026-10-09 01:49:38] [CUPONS_ML] Se extrajeron exitosamente 6 cupones de ML Oficial.
[2026-10-09 01:49:38] [CUPONS_ML] Limpieza completada: 0 vencidos eliminados, 0 marcados vigente=false.
[2026-10-09 01:49:38] [CUPONS_ML] Cupones ML actualizados: 0 nuevos, 6 refrescados.
[2026-10-09 01:49:38] [CUPONS_ML] Total cupones en cupones.json: 92
[2026-10-09 01:49:38] [CUPONES] Fuente oficial ML refrescada: 6 cupón(es).
[2026-10-09 01:49:38] [CUPONES] Sin cupones nuevos (95 códigos ya vistos).
[2026-10-09 01:54:44] [AGENTE-ML] Consultando scraping de ofertas en Mercado Livre...
[2026-10-09 01:55:18] [AGENTE-ML] Scraping ML: 256 ofertas obtenidas | 47 enlaces de ANUNCIO descartados
[2026-10-09 01:55:18] [AGENTE-ML] Guardados 199 achados en achados_ml.json
[2026-10-09 01:55:18] [CUPONS_ML] Consultando página oficial https://www.mercadolivre.com.br/cupons (Cookie presente: True)...
[2026-10-09 01:55:19] [CUPONS_ML] 75 código(s) inválidos descartados (blobs del estado interno de ML o fragmentos de texto).
[2026-10-09 01:55:19] [CUPONS_ML] Se extrajeron exitosamente 6 cupones de ML Oficial.
[2026-10-09 01:55:19] [CUPONS_ML] Limpieza completada: 0 vencidos eliminados, 0 marcados vigente=false.
[2026-10-09 01:55:19] [CUPONS_ML] Cupones ML actualizados: 0 nuevos, 6 refrescados.
[2026-10-09 01:55:19] [CUPONS_ML] Total cupones en cupones.json: 92
[2026-10-09 01:55:19] [AGENTE-AMAZON] Cosechando ofertas quentes de Amazon en Pelando...
[2026-10-09 01:55:19] [AGENTE-AMAZON] Amazon Pelando: 1 ofertas reales | descartadas: 2 campañas, 0 sin ficha, 1 sin precio legible, 1 duplicadas
[2026-10-09 01:55:19] [AGENTE-AMAZON] Cosechando ofertas quentes de Amazon en Pelando...
[2026-10-09 01:55:22] [AGENTE-AMAZON] Amazon Pelando: 0 ofertas reales | descartadas: 2 campañas, 0 sin ficha, 2 sin precio legible, 1 duplicadas
[2026-10-09 01:55:22] [AGENTE-AMAZON] Cosechando Bestsellers y ofertas de categorías Amazon...
[2026-10-09 01:55:24] [AGENTE-AMAZON] Amazon direct: 0 ofertas cosechadas | categorias OK 0/1 | HTTP {503: 1}
[2026-10-09 01:56:24] [AGENTE-AMAZON] Cosechando ofertas quentes de Amazon en Pelando...
[2026-10-09 01:56:24] [AGENTE-AMAZON] Amazon Pelando: 1 ofertas reales | descartadas: 2 campañas, 0 sin ficha, 1 sin precio legible, 1 duplicadas
[2026-10-09 01:56:24] [AGENTE-AMAZON] Cosechando ofertas quentes de Amazon en Pelando...
[2026-10-09 01:56:27] [AGENTE-AMAZON] Amazon Pelando: 0 ofertas reales | descartadas: 2 campañas, 0 sin ficha, 2 sin precio legible, 1 duplicadas
[2026-10-09 01:56:27] [AGENTE-AMAZON] Cosechando Bestsellers y ofertas de categorías Amazon...
[2026-10-09 01:56:29] [AGENTE-AMAZON] Amazon direct: 0 ofertas cosechadas | categorias OK 0/1 | HTTP {503: 1}
[2026-10-09 02:00:33] [AGENTE-AMAZON] Cosechando ofertas quentes de Amazon en Pelando...
[2026-10-09 02:00:33] [AGENTE-AMAZON] Amazon Pelando: 1 ofertas reales | descartadas: 2 campañas, 0 sin ficha, 1 sin precio legible, 1 duplicadas
[2026-10-09 02:00:33] [AGENTE-AMAZON] Cosechando ofertas quentes de Amazon en Pelando...
[2026-10-09 02:00:36] [AGENTE-AMAZON] Amazon Pelando: 0 ofertas reales | descartadas: 2 campañas, 0 sin ficha, 2 sin precio legible, 1 duplicadas
[2026-10-09 02:00:36] [AGENTE-AMAZON] Cosechando Bestsellers y ofertas de categorías Amazon...
[2026-10-09 02:00:38] [AGENTE-AMAZON] Amazon direct: 0 ofertas cosechadas | categorias OK 0/1 | HTTP {503: 1}
[2026-10-09 02:00:40] [CUPONES] Anotados 4 código(s) como publicados (tanda).
[2026-10-09 02:07:30] [AGENTE-AMAZON] Cosechando ofertas quentes de Amazon en Pelando...
[2026-10-09 02:07:30] [AGENTE-AMAZON] Amazon Pelando: 1 ofertas reales | descartadas: 2 campañas, 0 sin ficha, 1 sin precio legible, 1 duplicadas
[2026-10-09 02:07:30] [AGENTE-AMAZON] Cosechando ofertas quentes de Amazon en Pelando...
[2026-10-09 02:07:33] [AGENTE-AMAZON] Amazon Pelando: 0 ofertas reales | descartadas: 2 campañas, 0 sin ficha, 2 sin precio legible, 1 duplicadas
[2026-10-09 02:07:33] [AGENTE-AMAZON] Cosechando Bestsellers y ofertas de categorías Amazon...
[2026-10-09 02:07:35] [AGENTE-AMAZON] Amazon direct: 0 ofertas cosechadas | categorias OK 0/1 | HTTP {503: 1}
[2026-10-09 02:14:25] [AGENTE-AMAZON] Cosechando ofertas quentes de Amazon en Pelando...
[2026-10-09 02:14:25] [AGENTE-AMAZON] Amazon Pelando: 1 ofertas reales | descartadas: 2 campañas, 0 sin ficha, 1 sin precio legible, 1 duplicadas
[2026-10-09 02:14:25] [AGENTE-AMAZON] Cosechando ofertas quentes de Amazon en Pelando...
[2026-10-09 02:14:28] [AGENTE-AMAZON] Amazon Pelando: 0 ofertas reales | descartadas: 2 campañas, 0 sin ficha, 2 sin precio legible, 1 duplicadas
[2026-10-09 02:14:28] [AGENTE-AMAZON] Cosechando Bestsellers y ofertas de categorías Amazon...
[2026-10-09 02:14:30] [AGENTE-AMAZON] Amazon direct: 0 ofertas cosechadas | categorias OK 0/1 | HTTP {503: 1}
[2026-10-09 02:21:29] [AGENTE-AMAZON] Cosechando ofertas quentes de Amazon en Pelando...
[2026-10-09 02:21:29] [AGENTE-AMAZON] Amazon Pelando: 1 ofertas reales | descartadas: 2 campañas, 0 sin ficha, 1 sin precio legible, 1 duplicadas
[2026-10-09 02:21:29] [AGENTE-AMAZON] Cosechando ofertas quentes de Amazon en Pelando...
[2026-10-09 02:21:32] [AGENTE-AMAZON] Amazon Pelando: 0 ofertas reales | descartadas: 2 campañas, 0 sin ficha, 2 sin precio legible, 1 duplicadas
[2026-10-09 02:21:32] [AGENTE-AMAZON] Cosechando Bestsellers y ofertas de categorías Amazon...
[2026-10-09 02:21:34] [AGENTE-AMAZON] Amazon direct: 0 ofertas cosechadas | categorias OK 0/1 | HTTP {503: 1}
[2026-10-09 02:28:28] [CUPONS_ML] Consultando página oficial https://www.mercadolivre.com.br/cupons (Cookie presente: True)...
[2026-10-09 02:28:29] [CUPONS_ML] 66 código(s) inválidos descartados (blobs del estado interno de ML o fragmentos de texto).
[2026-10-09 02:28:29] [CUPONS_ML] Se extrajeron exitosamente 6 cupones de ML Oficial.
[2026-10-09 02:28:29] [CUPONS_ML] Limpieza completada: 0 vencidos eliminados, 0 marcados vigente=false.
[2026-10-09 02:28:29] [CUPONS_ML] Cupones ML actualizados: 6 nuevos, 0 refrescados.
[2026-10-09 02:28:29] [CUPONS_ML] Total cupones en cupones.json: 7
[2026-10-09 02:28:29] [PELANDO] Scraping Amazon (https://www.pelando.com.br/cupons-de-descontos/amazon)
[2026-10-09 02:28:34] [PELANDO]   Falha ao acessar Amazon
[2026-10-09 02:28:36] [PELANDO] Scraping KaBuM! (https://www.pelando.com.br/cupons-de-descontos/kabum)
[2026-10-09 02:28:40] [PELANDO]   Falha ao acessar KaBuM!
[2026-10-09 02:28:42] [PELANDO] Scraping Mercado Livre (https://www.pelando.com.br/cupons-de-descontos/mercado-livre)
[2026-10-09 02:28:46] [PELANDO]   Falha ao acessar Mercado Livre
[2026-10-09 02:28:48] [PELANDO] Scraping Shopee (https://www.pelando.com.br/cupons-de-descontos/shopee)
[2026-10-09 02:28:52] [PELANDO]   Falha ao acessar Shopee
[2026-10-09 02:28:54] [PELANDO] Scraping Magazine Luiza (https://www.pelando.com.br/cupons-de-descontos/magalu)
[2026-10-09 02:28:58] [PELANDO]   Falha ao acessar Magazine Luiza
[2026-10-09 02:29:00] [PELANDO] Scraping AliExpress (https://www.pelando.com.br/cupons-de-descontos/aliexpress)
[2026-10-09 02:29:05] [PELANDO]   Falha ao acessar AliExpress
[2026-10-09 02:29:07] [PELANDO] Scraping Pichau (https://www.pelando.com.br/cupons-de-descontos/pichau)
[2026-10-09 02:29:11] [PELANDO]   Falha ao acessar Pichau
[2026-10-09 02:29:13] [PELANDO] Scraping Terabyte Shop (https://www.pelando.com.br/cupons-de-descontos/terabyte)
[2026-10-09 02:29:17] [PELANDO]   Falha ao acessar Terabyte Shop
[2026-10-09 02:29:19] [PELANDO] Completado: 0 Pelando + 7 manuales = 7 total
[2026-10-09 02:29:19] [AGENTE-ML] Consultando scraping de ofertas en Mercado Livre...
[2026-10-09 02:29:53] [AGENTE-ML] Scraping ML: 256 ofertas obtenidas | 48 enlaces de ANUNCIO descartados
[2026-10-09 02:29:53] [AGENTE-ML] Guardados 199 achados en achados_ml.json
[2026-10-09 02:29:53] [AGENTE-AMAZON] Cosechando Bestsellers y ofertas de categorías Amazon...
[2026-10-09 02:30:57] [AGENTE-AMAZON] Amazon direct: 150 ofertas cosechadas | categorias OK 6/28 | HTTP {503: 22} | sin tarjetas 1
[2026-10-09 02:30:57] [AGENTE-AMAZON] Cosechando ofertas quentes de Amazon en Pelando...
[2026-10-09 02:30:57] [AGENTE-AMAZON] Pelando Amazon: HTTP 403
[2026-10-09 02:30:57] [AGENTE-AMAZON] Guardados 139 achados en achados_amazon.json
[2026-10-09 02:31:24] [AGENTE-AMAZON] Cosechando ofertas quentes de Amazon en Pelando...
[2026-10-09 02:31:24] [AGENTE-AMAZON] Amazon Pelando: 1 ofertas reales | descartadas: 2 campañas, 0 sin ficha, 1 sin precio legible, 1 duplicadas
[2026-10-09 02:31:24] [AGENTE-AMAZON] Cosechando ofertas quentes de Amazon en Pelando...
[2026-10-09 02:31:27] [AGENTE-AMAZON] Amazon Pelando: 0 ofertas reales | descartadas: 2 campañas, 0 sin ficha, 2 sin precio legible, 1 duplicadas
[2026-10-09 02:31:27] [AGENTE-AMAZON] Cosechando Bestsellers y ofertas de categorías Amazon...
[2026-10-09 02:31:29] [AGENTE-AMAZON] Amazon direct: 0 ofertas cosechadas | categorias OK 0/1 | HTTP {503: 1}
[2026-10-09 02:31:30] [CUPONS_ML] Consultando página oficial https://www.mercadolivre.com.br/cupons (Cookie presente: True)...
[2026-10-09 02:31:31] [CUPONS_ML] 66 código(s) inválidos descartados (blobs del estado interno de ML o fragmentos de texto).
[2026-10-09 02:31:31] [CUPONS_ML] Se extrajeron exitosamente 6 cupones de ML Oficial.
[2026-10-09 02:31:31] [CUPONS_ML] Limpieza completada: 0 vencidos eliminados, 0 marcados vigente=false.
[2026-10-09 02:31:31] [CUPONS_ML] Cupones ML actualizados: 0 nuevos, 6 refrescados.
[2026-10-09 02:31:31] [CUPONS_ML] Total cupones en cupones.json: 7
[2026-10-09 02:31:31] [CUPONES] Fuente oficial ML refrescada: 6 cupón(es).
[2026-10-09 02:31:31] [CUPONES] Cupones activados en la cuenta del usuario: 17. Solo esos se publican.
[2026-10-09 02:31:31] [CUPONES] Descartado MODANOML: no está ACTIVADO en la cuenta del usuario
[2026-10-09 02:31:31] [CUPONES] Sin cupones nuevos (96 códigos ya vistos).
[2026-10-09 03:11:00] [CUPONS_ML] Consultando página oficial https://www.mercadolivre.com.br/cupons (Cookie presente: True)...
[2026-10-09 03:11:00] [CUPONS_ML] 66 código(s) inválidos descartados (blobs del estado interno de ML o fragmentos de texto).
[2026-10-09 03:11:00] [CUPONS_ML] Se extrajeron exitosamente 6 cupones de ML Oficial.
[2026-10-09 03:11:00] [CUPONS_ML] Limpieza completada: 0 vencidos eliminados, 0 marcados vigente=false.
[2026-10-09 03:11:00] [CUPONS_ML] Cupones ML actualizados: 0 nuevos, 6 refrescados.
[2026-10-09 03:11:00] [CUPONS_ML] Total cupones en cupones.json: 7
[2026-10-09 03:11:00] [CUPONES] Fuente oficial ML refrescada: 6 cupón(es).
[2026-10-09 03:11:00] [CUPONES] Cupones activados en la cuenta del usuario: 17. Solo esos se publican.
[2026-10-09 03:11:00] [CUPONES] Sin cupones nuevos (96 códigos ya vistos).
[2026-10-09 03:44:03] [CUPONS_ML] Consultando página oficial https://www.mercadolivre.com.br/cupons (Cookie presente: True)...
[2026-10-09 03:44:03] [CUPONS_ML] 66 código(s) inválidos descartados (blobs del estado interno de ML o fragmentos de texto).
[2026-10-09 03:44:03] [CUPONS_ML] Se extrajeron exitosamente 5 cupones de ML Oficial.
[2026-10-09 03:44:03] [CUPONS_ML] Limpieza completada: 0 vencidos eliminados, 0 marcados vigente=false.
[2026-10-09 03:44:03] [CUPONS_ML] Cupones ML actualizados: 0 nuevos, 5 refrescados.
[2026-10-09 03:44:03] [CUPONS_ML] Total cupones en cupones.json: 7
[2026-10-09 03:44:03] [CUPONES] Fuente oficial ML refrescada: 5 cupón(es).
[2026-10-09 03:44:03] [CUPONES] Cupones activados en la cuenta del usuario: 17. Solo esos se publican.
[2026-10-09 03:44:03] [CUPONES] Sin cupones nuevos (96 códigos ya vistos).
[2026-10-09 04:05:20] [CUPONS_ML] Consultando página oficial https://www.mercadolivre.com.br/cupons (Cookie presente: True)...
[2026-10-09 04:05:21] [CUPONS_ML] 63 código(s) inválidos descartados (blobs del estado interno de ML o fragmentos de texto).
[2026-10-09 04:05:21] [CUPONS_ML] Se extrajeron exitosamente 5 cupones de ML Oficial.
[2026-10-09 04:05:21] [CUPONS_ML] Limpieza completada: 0 vencidos eliminados, 0 marcados vigente=false.
[2026-10-09 04:05:21] [CUPONS_ML] Cupones ML actualizados: 0 nuevos, 5 refrescados.
[2026-10-09 04:05:21] [CUPONS_ML] Total cupones en cupones.json: 7
[2026-10-09 04:05:21] [CUPONES] Fuente oficial ML refrescada: 5 cupón(es).
[2026-10-09 04:05:21] [CUPONES] Cupones activados en la cuenta del usuario: 17. Solo esos se publican.
[2026-10-09 04:05:21] [CUPONES] Sin cupones nuevos (96 códigos ya vistos).
[2026-10-09 04:35:50] [CUPONS_ML] Consultando página oficial https://www.mercadolivre.com.br/cupons (Cookie presente: True)...
[2026-10-09 04:35:51] [CUPONS_ML] 69 código(s) inválidos descartados (blobs del estado interno de ML o fragmentos de texto).
[2026-10-09 04:35:51] [CUPONS_ML] Se extrajeron exitosamente 5 cupones de ML Oficial.
[2026-10-09 04:35:51] [CUPONS_ML] Limpieza completada: 0 vencidos eliminados, 0 marcados vigente=false.
[2026-10-09 04:35:51] [CUPONS_ML] Cupones ML actualizados: 0 nuevos, 5 refrescados.
[2026-10-09 04:35:51] [CUPONS_ML] Total cupones en cupones.json: 7
[2026-10-09 04:35:51] [CUPONES] Fuente oficial ML refrescada: 5 cupón(es).
[2026-10-09 04:35:51] [CUPONES] Cupones activados en la cuenta del usuario: 17. Solo esos se publican.
[2026-10-09 04:35:51] [CUPONES] Sin cupones nuevos (96 códigos ya vistos).
[2026-10-09 05:12:36] [CUPONS_ML] Consultando página oficial https://www.mercadolivre.com.br/cupons (Cookie presente: True)...
[2026-10-09 05:12:37] [CUPONS_ML] 66 código(s) inválidos descartados (blobs del estado interno de ML o fragmentos de texto).
[2026-10-09 05:12:37] [CUPONS_ML] Se extrajeron exitosamente 5 cupones de ML Oficial.
[2026-10-09 05:12:37] [CUPONS_ML] Limpieza completada: 0 vencidos eliminados, 0 marcados vigente=false.
[2026-10-09 05:12:37] [CUPONS_ML] Cupones ML actualizados: 0 nuevos, 5 refrescados.
[2026-10-09 05:12:37] [CUPONS_ML] Total cupones en cupones.json: 7
[2026-10-09 05:12:37] [CUPONES] Fuente oficial ML refrescada: 5 cupón(es).
[2026-10-09 05:12:37] [CUPONES] Cupones activados en la cuenta del usuario: 17. Solo esos se publican.
[2026-10-09 05:12:37] [CUPONES] Sin cupones nuevos (96 códigos ya vistos).
[2026-10-09 05:33:39] [CUPONS_ML] Consultando página oficial https://www.mercadolivre.com.br/cupons (Cookie presente: True)...
[2026-10-09 05:33:40] [CUPONS_ML] 66 código(s) inválidos descartados (blobs del estado interno de ML o fragmentos de texto).
[2026-10-09 05:33:40] [CUPONS_ML] Se extrajeron exitosamente 5 cupones de ML Oficial.
[2026-10-09 05:33:40] [CUPONS_ML] Limpieza completada: 0 vencidos eliminados, 0 marcados vigente=false.
[2026-10-09 05:33:40] [CUPONS_ML] Cupones ML actualizados: 0 nuevos, 5 refrescados.
[2026-10-09 05:33:40] [CUPONS_ML] Total cupones en cupones.json: 7
[2026-10-09 05:33:40] [CUPONES] Fuente oficial ML refrescada: 5 cupón(es).
[2026-10-09 05:33:40] [CUPONES] Cupones activados en la cuenta del usuario: 17. Solo esos se publican.
[2026-10-09 05:33:40] [CUPONES] Sin cupones nuevos (96 códigos ya vistos).
[2026-10-09 06:02:53] [CUPONS_ML] Consultando página oficial https://www.mercadolivre.com.br/cupons (Cookie presente: True)...
[2026-10-09 06:02:54] [CUPONS_ML] 66 código(s) inválidos descartados (blobs del estado interno de ML o fragmentos de texto).
[2026-10-09 06:02:54] [CUPONS_ML] Se extrajeron exitosamente 5 cupones de ML Oficial.
[2026-10-09 06:02:54] [CUPONS_ML] Limpieza completada: 0 vencidos eliminados, 0 marcados vigente=false.
[2026-10-09 06:02:54] [CUPONS_ML] Cupones ML actualizados: 0 nuevos, 5 refrescados.
[2026-10-09 06:02:54] [CUPONS_ML] Total cupones en cupones.json: 7
[2026-10-09 06:02:54] [CUPONES] Fuente oficial ML refrescada: 5 cupón(es).
[2026-10-09 06:02:54] [CUPONES] Cupones activados en la cuenta del usuario: 17. Solo esos se publican.
[2026-10-09 06:02:54] [CUPONES] Sin cupones nuevos (96 códigos ya vistos).
[2026-10-09 06:28:52] [CUPONS_ML] Consultando página oficial https://www.mercadolivre.com.br/cupons (Cookie presente: True)...
[2026-10-09 06:28:53] [CUPONS_ML] 63 código(s) inválidos descartados (blobs del estado interno de ML o fragmentos de texto).
[2026-10-09 06:28:53] [CUPONS_ML] Se extrajeron exitosamente 7 cupones de ML Oficial.
[2026-10-09 06:28:53] [CUPONS_ML] Limpieza completada: 0 vencidos eliminados, 0 marcados vigente=false.
[2026-10-09 06:28:53] [CUPONS_ML] Cupones ML actualizados: 2 nuevos, 5 refrescados.
[2026-10-09 06:28:53] [CUPONS_ML] Total cupones en cupones.json: 9
[2026-10-09 06:28:53] [CUPONES] Fuente oficial ML refrescada: 7 cupón(es).
[2026-10-09 06:28:53] [CUPONES] Cupones activados en la cuenta del usuario: 17. Solo esos se publican.
[2026-10-09 06:28:53] [CUPONES] Sin cupones nuevos (96 códigos ya vistos).
[2026-10-09 06:53:29] [CUPONS_ML] Consultando página oficial https://www.mercadolivre.com.br/cupons (Cookie presente: True)...
[2026-10-09 06:53:30] [CUPONS_ML] 63 código(s) inválidos descartados (blobs del estado interno de ML o fragmentos de texto).
[2026-10-09 06:53:30] [CUPONS_ML] Se extrajeron exitosamente 7 cupones de ML Oficial.
[2026-10-09 06:53:30] [CUPONS_ML] Limpieza completada: 0 vencidos eliminados, 0 marcados vigente=false.
[2026-10-09 06:53:30] [CUPONS_ML] Cupones ML actualizados: 0 nuevos, 7 refrescados.
[2026-10-09 06:53:30] [CUPONS_ML] Total cupones en cupones.json: 9
[2026-10-09 06:53:30] [CUPONES] Fuente oficial ML refrescada: 7 cupón(es).
[2026-10-09 06:53:30] [CUPONES] Cupones activados en la cuenta del usuario: 17. Solo esos se publican.
[2026-10-09 06:53:30] [CUPONES] Sin cupones nuevos (96 códigos ya vistos).
[2026-10-09 07:23:26] [CUPONS_ML] Consultando página oficial https://www.mercadolivre.com.br/cupons (Cookie presente: True)...
[2026-10-09 07:23:26] [CUPONS_ML] 63 código(s) inválidos descartados (blobs del estado interno de ML o fragmentos de texto).
[2026-10-09 07:23:26] [CUPONS_ML] Se extrajeron exitosamente 7 cupones de ML Oficial.
[2026-10-09 07:23:26] [CUPONS_ML] Limpieza completada: 0 vencidos eliminados, 0 marcados vigente=false.
[2026-10-09 07:23:26] [CUPONS_ML] Cupones ML actualizados: 0 nuevos, 7 refrescados.
[2026-10-09 07:23:26] [CUPONS_ML] Total cupones en cupones.json: 9
[2026-10-09 07:23:26] [CUPONES] Fuente oficial ML refrescada: 7 cupón(es).
[2026-10-09 07:23:26] [CUPONES] Cupones activados en la cuenta del usuario: 17. Solo esos se publican.
[2026-10-09 07:23:26] [CUPONES] Sin cupones nuevos (96 códigos ya vistos).
[2026-10-09 07:57:58] [CUPONS_ML] Consultando página oficial https://www.mercadolivre.com.br/cupons (Cookie presente: True)...
[2026-10-09 07:57:59] [CUPONS_ML] 63 código(s) inválidos descartados (blobs del estado interno de ML o fragmentos de texto).
[2026-10-09 07:57:59] [CUPONS_ML] Se extrajeron exitosamente 7 cupones de ML Oficial.
[2026-10-09 07:57:59] [CUPONS_ML] Limpieza completada: 0 vencidos eliminados, 0 marcados vigente=false.
[2026-10-09 07:57:59] [CUPONS_ML] Cupones ML actualizados: 0 nuevos, 7 refrescados.
[2026-10-09 07:57:59] [CUPONS_ML] Total cupones en cupones.json: 9
[2026-10-09 07:57:59] [CUPONES] Fuente oficial ML refrescada: 7 cupón(es).
[2026-10-09 07:57:59] [CUPONES] Cupones activados en la cuenta del usuario: 17. Solo esos se publican.
[2026-10-09 07:57:59] [CUPONES] Sin cupones nuevos (96 códigos ya vistos).
[2026-10-09 07:58:30] [AGENTE-ML] Consultando scraping de ofertas en Mercado Livre...
[2026-10-09 07:59:03] [AGENTE-ML] Scraping ML: 261 ofertas obtenidas | 48 enlaces de ANUNCIO descartados
[2026-10-09 07:59:03] [AGENTE-ML] Guardados 198 achados en achados_ml.json
[2026-10-09 07:59:03] [CUPONS_ML] Consultando página oficial https://www.mercadolivre.com.br/cupons (Cookie presente: True)...
[2026-10-09 07:59:04] [CUPONS_ML] 63 código(s) inválidos descartados (blobs del estado interno de ML o fragmentos de texto).
[2026-10-09 07:59:04] [CUPONS_ML] Se extrajeron exitosamente 7 cupones de ML Oficial.
[2026-10-09 07:59:04] [CUPONS_ML] Limpieza completada: 0 vencidos eliminados, 0 marcados vigente=false.
[2026-10-09 07:59:04] [CUPONS_ML] Cupones ML actualizados: 0 nuevos, 7 refrescados.
[2026-10-09 07:59:04] [CUPONS_ML] Total cupones en cupones.json: 9
[2026-10-09 07:59:04] [AGENTE-AMAZON] Cosechando ofertas quentes de Amazon en Pelando...
[2026-10-09 07:59:04] [AGENTE-AMAZON] Amazon Pelando: 1 ofertas reales | descartadas: 2 campañas, 0 sin ficha, 1 sin precio legible, 1 duplicadas
[2026-10-09 07:59:04] [AGENTE-AMAZON] Cosechando ofertas quentes de Amazon en Pelando...
[2026-10-09 07:59:07] [AGENTE-AMAZON] Amazon Pelando: 0 ofertas reales | descartadas: 2 campañas, 0 sin ficha, 2 sin precio legible, 1 duplicadas
[2026-10-09 07:59:07] [AGENTE-AMAZON] Cosechando Bestsellers y ofertas de categorías Amazon...
[2026-10-09 07:59:09] [AGENTE-AMAZON] Amazon direct: 0 ofertas cosechadas | categorias OK 0/1 | HTTP {503: 1}
[2026-10-09 08:00:37] [AGENTE-AMAZON] Cosechando ofertas quentes de Amazon en Pelando...
[2026-10-09 08:00:37] [AGENTE-AMAZON] Amazon Pelando: 1 ofertas reales | descartadas: 2 campañas, 0 sin ficha, 1 sin precio legible, 1 duplicadas
[2026-10-09 08:00:37] [AGENTE-AMAZON] Cosechando ofertas quentes de Amazon en Pelando...
[2026-10-09 08:00:40] [AGENTE-AMAZON] Amazon Pelando: 0 ofertas reales | descartadas: 2 campañas, 0 sin ficha, 2 sin precio legible, 1 duplicadas
[2026-10-09 08:00:40] [AGENTE-AMAZON] Cosechando Bestsellers y ofertas de categorías Amazon...
[2026-10-09 08:00:42] [AGENTE-AMAZON] Amazon direct: 0 ofertas cosechadas | categorias OK 0/1 | HTTP {503: 1}
[2026-10-09 08:07:23] [AGENTE-AMAZON] Cosechando ofertas quentes de Amazon en Pelando...
[2026-10-09 08:07:23] [AGENTE-AMAZON] Amazon Pelando: 1 ofertas reales | descartadas: 2 campañas, 0 sin ficha, 1 sin precio legible, 1 duplicadas
[2026-10-09 08:07:23] [AGENTE-AMAZON] Cosechando ofertas quentes de Amazon en Pelando...
[2026-10-09 08:07:26] [AGENTE-AMAZON] Amazon Pelando: 0 ofertas reales | descartadas: 2 campañas, 0 sin ficha, 2 sin precio legible, 1 duplicadas
[2026-10-09 08:07:26] [AGENTE-AMAZON] Cosechando Bestsellers y ofertas de categorías Amazon...
[2026-10-09 08:07:28] [AGENTE-AMAZON] Amazon direct: 0 ofertas cosechadas | categorias OK 0/1 | HTTP {503: 1}
[2026-10-09 08:14:27] [AGENTE-AMAZON] Cosechando ofertas quentes de Amazon en Pelando...
[2026-10-09 08:14:27] [AGENTE-AMAZON] Amazon Pelando: 1 ofertas reales | descartadas: 2 campañas, 0 sin ficha, 1 sin precio legible, 1 duplicadas
[2026-10-09 08:14:27] [AGENTE-AMAZON] Cosechando ofertas quentes de Amazon en Pelando...
[2026-10-09 08:14:30] [AGENTE-AMAZON] Amazon Pelando: 0 ofertas reales | descartadas: 2 campañas, 0 sin ficha, 2 sin precio legible, 1 duplicadas
[2026-10-09 08:14:30] [AGENTE-AMAZON] Cosechando Bestsellers y ofertas de categorías Amazon...
[2026-10-09 08:14:32] [AGENTE-AMAZON] Amazon direct: 0 ofertas cosechadas | categorias OK 0/1 | HTTP {503: 1}
[2026-10-09 08:21:23] [AGENTE-AMAZON] Cosechando ofertas quentes de Amazon en Pelando...
[2026-10-09 08:21:23] [AGENTE-AMAZON] Amazon Pelando: 1 ofertas reales | descartadas: 2 campañas, 0 sin ficha, 1 sin precio legible, 1 duplicadas
[2026-10-09 08:21:23] [AGENTE-AMAZON] Cosechando ofertas quentes de Amazon en Pelando...
[2026-10-09 08:21:26] [AGENTE-AMAZON] Amazon Pelando: 0 ofertas reales | descartadas: 2 campañas, 0 sin ficha, 2 sin precio legible, 1 duplicadas
[2026-10-09 08:21:26] [AGENTE-AMAZON] Cosechando Bestsellers y ofertas de categorías Amazon...
[2026-10-09 08:21:28] [AGENTE-AMAZON] Amazon direct: 0 ofertas cosechadas | categorias OK 0/1 | HTTP {503: 1}
[2026-10-09 08:28:32] [AGENTE-AMAZON] Cosechando ofertas quentes de Amazon en Pelando...
[2026-10-09 08:28:32] [AGENTE-AMAZON] Amazon Pelando: 1 ofertas reales | descartadas: 2 campañas, 0 sin ficha, 1 sin precio legible, 1 duplicadas
[2026-10-09 08:28:32] [AGENTE-AMAZON] Cosechando ofertas quentes de Amazon en Pelando...
[2026-10-09 08:28:35] [AGENTE-AMAZON] Amazon Pelando: 0 ofertas reales | descartadas: 2 campañas, 0 sin ficha, 2 sin precio legible, 1 duplicadas
[2026-10-09 08:28:35] [AGENTE-AMAZON] Cosechando Bestsellers y ofertas de categorías Amazon...
[2026-10-09 08:28:37] [AGENTE-AMAZON] Amazon direct: 0 ofertas cosechadas | categorias OK 0/1 | HTTP {503: 1}
[2026-10-09 08:35:36] [AGENTE-AMAZON] Cosechando ofertas quentes de Amazon en Pelando...
[2026-10-09 08:35:36] [AGENTE-AMAZON] Amazon Pelando: 1 ofertas reales | descartadas: 2 campañas, 0 sin ficha, 1 sin precio legible, 1 duplicadas
[2026-10-09 08:35:36] [AGENTE-AMAZON] Cosechando ofertas quentes de Amazon en Pelando...
[2026-10-09 08:35:39] [AGENTE-AMAZON] Amazon Pelando: 0 ofertas reales | descartadas: 2 campañas, 0 sin ficha, 2 sin precio legible, 1 duplicadas
[2026-10-09 08:35:39] [AGENTE-AMAZON] Cosechando Bestsellers y ofertas de categorías Amazon...
[2026-10-09 08:35:41] [AGENTE-AMAZON] Amazon direct: 0 ofertas cosechadas | categorias OK 0/1 | HTTP {503: 1}
[2026-10-09 08:42:30] [AGENTE-AMAZON] Cosechando ofertas quentes de Amazon en Pelando...
[2026-10-09 08:42:30] [AGENTE-AMAZON] Amazon Pelando: 1 ofertas reales | descartadas: 2 campañas, 0 sin ficha, 1 sin precio legible, 1 duplicadas
[2026-10-09 08:42:30] [AGENTE-AMAZON] Cosechando ofertas quentes de Amazon en Pelando...
[2026-10-09 08:42:33] [AGENTE-AMAZON] Amazon Pelando: 0 ofertas reales | descartadas: 2 campañas, 0 sin ficha, 2 sin precio legible, 1 duplicadas
[2026-10-09 08:42:33] [AGENTE-AMAZON] Cosechando Bestsellers y ofertas de categorías Amazon...
[2026-10-09 08:42:35] [AGENTE-AMAZON] Amazon direct: 0 ofertas cosechadas | categorias OK 0/1 | HTTP {503: 1}
[2026-10-09 08:49:21] [AGENTE-AMAZON] Cosechando ofertas quentes de Amazon en Pelando...
[2026-10-09 08:49:21] [AGENTE-AMAZON] Amazon Pelando: 1 ofertas reales | descartadas: 2 campañas, 0 sin ficha, 1 sin precio legible, 1 duplicadas
[2026-10-09 08:49:21] [AGENTE-AMAZON] Cosechando ofertas quentes de Amazon en Pelando...
[2026-10-09 08:49:24] [AGENTE-AMAZON] Amazon Pelando: 0 ofertas reales | descartadas: 2 campañas, 0 sin ficha, 2 sin precio legible, 1 duplicadas
[2026-10-09 08:49:24] [AGENTE-AMAZON] Cosechando Bestsellers y ofertas de categorías Amazon...
[2026-10-09 08:49:26] [AGENTE-AMAZON] Amazon direct: 0 ofertas cosechadas | categorias OK 0/1 | HTTP {503: 1}
[2026-10-09 08:56:30] [AGENTE-AMAZON] Cosechando ofertas quentes de Amazon en Pelando...
[2026-10-09 08:56:30] [AGENTE-AMAZON] Amazon Pelando: 1 ofertas reales | descartadas: 2 campañas, 0 sin ficha, 1 sin precio legible, 1 duplicadas
[2026-10-09 08:56:30] [AGENTE-AMAZON] Cosechando ofertas quentes de Amazon en Pelando...
[2026-10-09 08:56:33] [AGENTE-AMAZON] Amazon Pelando: 0 ofertas reales | descartadas: 2 campañas, 0 sin ficha, 2 sin precio legible, 1 duplicadas
[2026-10-09 08:56:33] [AGENTE-AMAZON] Cosechando Bestsellers y ofertas de categorías Amazon...
[2026-10-09 08:56:35] [AGENTE-AMAZON] Amazon direct: 0 ofertas cosechadas | categorias OK 0/1 | HTTP {503: 1}
[2026-10-09 09:00:42] [AGENTE-AMAZON] Cosechando ofertas quentes de Amazon en Pelando...
[2026-10-09 09:00:42] [AGENTE-AMAZON] Amazon Pelando: 1 ofertas reales | descartadas: 2 campañas, 0 sin ficha, 1 sin precio legible, 1 duplicadas
[2026-10-09 09:00:42] [AGENTE-AMAZON] Cosechando ofertas quentes de Amazon en Pelando...
[2026-10-09 09:00:45] [AGENTE-AMAZON] Amazon Pelando: 0 ofertas reales | descartadas: 2 campañas, 0 sin ficha, 2 sin precio legible, 1 duplicadas
[2026-10-09 09:00:45] [AGENTE-AMAZON] Cosechando Bestsellers y ofertas de categorías Amazon...
[2026-10-09 09:00:47] [AGENTE-AMAZON] Amazon direct: 0 ofertas cosechadas | categorias OK 0/1 | HTTP {503: 1}
[2026-10-09 09:07:26] [AGENTE-AMAZON] Cosechando ofertas quentes de Amazon en Pelando...
[2026-10-09 09:07:26] [AGENTE-AMAZON] Amazon Pelando: 1 ofertas reales | descartadas: 2 campañas, 0 sin ficha, 1 sin precio legible, 1 duplicadas
[2026-10-09 09:07:26] [AGENTE-AMAZON] Cosechando ofertas quentes de Amazon en Pelando...
[2026-10-09 09:07:29] [AGENTE-AMAZON] Amazon Pelando: 0 ofertas reales | descartadas: 2 campañas, 0 sin ficha, 2 sin precio legible, 1 duplicadas
[2026-10-09 09:07:29] [AGENTE-AMAZON] Cosechando Bestsellers y ofertas de categorías Amazon...
[2026-10-09 09:07:31] [AGENTE-AMAZON] Amazon direct: 0 ofertas cosechadas | categorias OK 0/1 | HTTP {503: 1}
[2026-10-09 09:14:31] [AGENTE-AMAZON] Cosechando ofertas quentes de Amazon en Pelando...
[2026-10-09 09:14:31] [AGENTE-AMAZON] Amazon Pelando: 1 ofertas reales | descartadas: 2 campañas, 0 sin ficha, 1 sin precio legible, 1 duplicadas
[2026-10-09 09:14:31] [AGENTE-AMAZON] Cosechando ofertas quentes de Amazon en Pelando...
[2026-10-09 09:14:34] [AGENTE-AMAZON] Amazon Pelando: 0 ofertas reales | descartadas: 2 campañas, 0 sin ficha, 2 sin precio legible, 1 duplicadas
[2026-10-09 09:14:34] [AGENTE-AMAZON] Cosechando Bestsellers y ofertas de categorías Amazon...
[2026-10-09 09:14:36] [AGENTE-AMAZON] Amazon direct: 0 ofertas cosechadas | categorias OK 0/1 | HTTP {503: 1}
[2026-10-09 09:21:29] [AGENTE-AMAZON] Cosechando ofertas quentes de Amazon en Pelando...
[2026-10-09 09:21:29] [AGENTE-AMAZON] Amazon Pelando: 1 ofertas reales | descartadas: 2 campañas, 0 sin ficha, 1 sin precio legible, 1 duplicadas
[2026-10-09 09:21:29] [AGENTE-AMAZON] Cosechando ofertas quentes de Amazon en Pelando...
[2026-10-09 09:21:32] [AGENTE-AMAZON] Amazon Pelando: 0 ofertas reales | descartadas: 2 campañas, 0 sin ficha, 2 sin precio legible, 1 duplicadas
[2026-10-09 09:21:32] [AGENTE-AMAZON] Cosechando Bestsellers y ofertas de categorías Amazon...
[2026-10-09 09:21:34] [AGENTE-AMAZON] Amazon direct: 0 ofertas cosechadas | categorias OK 0/1 | HTTP {503: 1}
[2026-10-09 09:28:27] [AGENTE-AMAZON] Cosechando ofertas quentes de Amazon en Pelando...
[2026-10-09 09:28:27] [AGENTE-AMAZON] Amazon Pelando: 1 ofertas reales | descartadas: 2 campañas, 0 sin ficha, 1 sin precio legible, 1 duplicadas
[2026-10-09 09:28:27] [AGENTE-AMAZON] Cosechando ofertas quentes de Amazon en Pelando...
[2026-10-09 09:28:30] [AGENTE-AMAZON] Amazon Pelando: 0 ofertas reales | descartadas: 2 campañas, 0 sin ficha, 2 sin precio legible, 1 duplicadas
[2026-10-09 09:28:30] [AGENTE-AMAZON] Cosechando Bestsellers y ofertas de categorías Amazon...
[2026-10-09 09:28:32] [AGENTE-AMAZON] Amazon direct: 0 ofertas cosechadas | categorias OK 0/1 | HTTP {503: 1}
[2026-10-09 09:35:28] [AGENTE-AMAZON] Cosechando ofertas quentes de Amazon en Pelando...
[2026-10-09 09:35:28] [AGENTE-AMAZON] Amazon Pelando: 1 ofertas reales | descartadas: 2 campañas, 0 sin ficha, 1 sin precio legible, 1 duplicadas
[2026-10-09 09:35:28] [AGENTE-AMAZON] Cosechando ofertas quentes de Amazon en Pelando...
[2026-10-09 09:35:31] [AGENTE-AMAZON] Amazon Pelando: 0 ofertas reales | descartadas: 2 campañas, 0 sin ficha, 2 sin precio legible, 1 duplicadas
[2026-10-09 09:35:31] [AGENTE-AMAZON] Cosechando Bestsellers y ofertas de categorías Amazon...
[2026-10-09 09:35:33] [AGENTE-AMAZON] Amazon direct: 0 ofertas cosechadas | categorias OK 0/1 | HTTP {503: 1}
[2026-10-09 09:42:28] [AGENTE-AMAZON] Cosechando ofertas quentes de Amazon en Pelando...
[2026-10-09 09:42:28] [AGENTE-AMAZON] Amazon Pelando: 1 ofertas reales | descartadas: 2 campañas, 0 sin ficha, 1 sin precio legible, 1 duplicadas
[2026-10-09 09:42:28] [AGENTE-AMAZON] Cosechando ofertas quentes de Amazon en Pelando...
[2026-10-09 09:42:31] [AGENTE-AMAZON] Amazon Pelando: 0 ofertas reales | descartadas: 2 campañas, 0 sin ficha, 2 sin precio legible, 1 duplicadas
[2026-10-09 09:42:31] [AGENTE-AMAZON] Cosechando Bestsellers y ofertas de categorías Amazon...
[2026-10-09 09:42:33] [AGENTE-AMAZON] Amazon direct: 0 ofertas cosechadas | categorias OK 0/1 | HTTP {503: 1}
[2026-10-09 09:49:28] [AGENTE-AMAZON] Cosechando ofertas quentes de Amazon en Pelando...
[2026-10-09 09:49:28] [AGENTE-AMAZON] Amazon Pelando: 1 ofertas reales | descartadas: 2 campañas, 0 sin ficha, 1 sin precio legible, 1 duplicadas
[2026-10-09 09:49:28] [AGENTE-AMAZON] Cosechando ofertas quentes de Amazon en Pelando...
[2026-10-09 09:49:31] [AGENTE-AMAZON] Amazon Pelando: 0 ofertas reales | descartadas: 2 campañas, 0 sin ficha, 2 sin precio legible, 1 duplicadas
[2026-10-09 09:49:31] [AGENTE-AMAZON] Cosechando Bestsellers y ofertas de categorías Amazon...
[2026-10-09 09:49:33] [AGENTE-AMAZON] Amazon direct: 0 ofertas cosechadas | categorias OK 0/1 | HTTP {503: 1}
[2026-10-09 09:56:30] [AGENTE-AMAZON] Cosechando ofertas quentes de Amazon en Pelando...
[2026-10-09 09:56:30] [AGENTE-AMAZON] Amazon Pelando: 1 ofertas reales | descartadas: 2 campañas, 0 sin ficha, 1 sin precio legible, 1 duplicadas
[2026-10-09 09:56:30] [AGENTE-AMAZON] Cosechando ofertas quentes de Amazon en Pelando...
[2026-10-09 09:56:33] [AGENTE-AMAZON] Amazon Pelando: 0 ofertas reales | descartadas: 2 campañas, 0 sin ficha, 2 sin precio legible, 1 duplicadas
[2026-10-09 09:56:33] [AGENTE-AMAZON] Cosechando Bestsellers y ofertas de categorías Amazon...
[2026-10-09 09:56:35] [AGENTE-AMAZON] Amazon direct: 0 ofertas cosechadas | categorias OK 0/1 | HTTP {503: 1}
[2026-10-09 10:00:33] [AGENTE-AMAZON] Cosechando ofertas quentes de Amazon en Pelando...
[2026-10-09 10:00:33] [AGENTE-AMAZON] Amazon Pelando: 1 ofertas reales | descartadas: 2 campañas, 0 sin ficha, 1 sin precio legible, 1 duplicadas
[2026-10-09 10:00:33] [AGENTE-AMAZON] Cosechando ofertas quentes de Amazon en Pelando...
[2026-10-09 10:00:36] [AGENTE-AMAZON] Amazon Pelando: 0 ofertas reales | descartadas: 2 campañas, 0 sin ficha, 2 sin precio legible, 1 duplicadas
[2026-10-09 10:00:36] [AGENTE-AMAZON] Cosechando Bestsellers y ofertas de categorías Amazon...
[2026-10-09 10:00:38] [AGENTE-AMAZON] Amazon direct: 0 ofertas cosechadas | categorias OK 0/1 | HTTP {503: 1}
[2026-10-09 10:07:29] [AGENTE-AMAZON] Cosechando ofertas quentes de Amazon en Pelando...
[2026-10-09 10:07:29] [AGENTE-AMAZON] Amazon Pelando: 1 ofertas reales | descartadas: 2 campañas, 0 sin ficha, 1 sin precio legible, 1 duplicadas
[2026-10-09 10:07:29] [AGENTE-AMAZON] Cosechando ofertas quentes de Amazon en Pelando...
[2026-10-09 10:07:32] [AGENTE-AMAZON] Amazon Pelando: 0 ofertas reales | descartadas: 2 campañas, 0 sin ficha, 2 sin precio legible, 1 duplicadas
[2026-10-09 10:07:32] [AGENTE-AMAZON] Cosechando Bestsellers y ofertas de categorías Amazon...
[2026-10-09 10:07:34] [AGENTE-AMAZON] Amazon direct: 0 ofertas cosechadas | categorias OK 0/1 | HTTP {503: 1}
[2026-10-09 10:14:30] [AGENTE-AMAZON] Cosechando ofertas quentes de Amazon en Pelando...
[2026-10-09 10:14:30] [AGENTE-AMAZON] Amazon Pelando: 1 ofertas reales | descartadas: 2 campañas, 0 sin ficha, 1 sin precio legible, 1 duplicadas
[2026-10-09 10:14:30] [AGENTE-AMAZON] Cosechando ofertas quentes de Amazon en Pelando...
[2026-10-09 10:14:33] [AGENTE-AMAZON] Amazon Pelando: 0 ofertas reales | descartadas: 2 campañas, 0 sin ficha, 2 sin precio legible, 1 duplicadas
[2026-10-09 10:14:33] [AGENTE-AMAZON] Cosechando Bestsellers y ofertas de categorías Amazon...
[2026-10-09 10:14:35] [AGENTE-AMAZON] Amazon direct: 0 ofertas cosechadas | categorias OK 0/1 | HTTP {503: 1}
[2026-10-09 10:21:31] [AGENTE-AMAZON] Cosechando ofertas quentes de Amazon en Pelando...
[2026-10-09 10:21:31] [AGENTE-AMAZON] Amazon Pelando: 1 ofertas reales | descartadas: 2 campañas, 0 sin ficha, 1 sin precio legible, 1 duplicadas
[2026-10-09 10:21:31] [AGENTE-AMAZON] Cosechando ofertas quentes de Amazon en Pelando...
[2026-10-09 10:21:34] [AGENTE-AMAZON] Amazon Pelando: 0 ofertas reales | descartadas: 2 campañas, 0 sin ficha, 2 sin precio legible, 1 duplicadas
[2026-10-09 10:21:34] [AGENTE-AMAZON] Cosechando Bestsellers y ofertas de categorías Amazon...
[2026-10-09 10:21:36] [AGENTE-AMAZON] Amazon direct: 0 ofertas cosechadas | categorias OK 0/1 | HTTP {503: 1}
[2026-10-09 10:28:29] [AGENTE-AMAZON] Cosechando ofertas quentes de Amazon en Pelando...
[2026-10-09 10:28:29] [AGENTE-AMAZON] Amazon Pelando: 1 ofertas reales | descartadas: 2 campañas, 0 sin ficha, 1 sin precio legible, 1 duplicadas
[2026-10-09 10:28:29] [AGENTE-AMAZON] Cosechando ofertas quentes de Amazon en Pelando...
[2026-10-09 10:28:32] [AGENTE-AMAZON] Amazon Pelando: 0 ofertas reales | descartadas: 2 campañas, 0 sin ficha, 2 sin precio legible, 1 duplicadas
[2026-10-09 10:28:32] [AGENTE-AMAZON] Cosechando Bestsellers y ofertas de categorías Amazon...
[2026-10-09 10:28:34] [AGENTE-AMAZON] Amazon direct: 0 ofertas cosechadas | categorias OK 0/1 | HTTP {503: 1}
[2026-10-09 10:35:30] [AGENTE-AMAZON] Cosechando ofertas quentes de Amazon en Pelando...
[2026-10-09 10:35:30] [AGENTE-AMAZON] Amazon Pelando: 1 ofertas reales | descartadas: 2 campañas, 0 sin ficha, 1 sin precio legible, 1 duplicadas
[2026-10-09 10:35:30] [AGENTE-AMAZON] Cosechando ofertas quentes de Amazon en Pelando...
[2026-10-09 10:35:33] [AGENTE-AMAZON] Amazon Pelando: 0 ofertas reales | descartadas: 2 campañas, 0 sin ficha, 2 sin precio legible, 1 duplicadas
[2026-10-09 10:35:33] [AGENTE-AMAZON] Cosechando Bestsellers y ofertas de categorías Amazon...
[2026-10-09 10:35:35] [AGENTE-AMAZON] Amazon direct: 0 ofertas cosechadas | categorias OK 0/1 | HTTP {503: 1}
[2026-10-09 10:42:33] [AGENTE-AMAZON] Cosechando ofertas quentes de Amazon en Pelando...
[2026-10-09 10:42:33] [AGENTE-AMAZON] Amazon Pelando: 1 ofertas reales | descartadas: 2 campañas, 0 sin ficha, 1 sin precio legible, 1 duplicadas
[2026-10-09 10:42:33] [AGENTE-AMAZON] Cosechando ofertas quentes de Amazon en Pelando...
[2026-10-09 10:42:36] [AGENTE-AMAZON] Amazon Pelando: 0 ofertas reales | descartadas: 2 campañas, 0 sin ficha, 2 sin precio legible, 1 duplicadas
[2026-10-09 10:42:36] [AGENTE-AMAZON] Cosechando Bestsellers y ofertas de categorías Amazon...
[2026-10-09 10:42:38] [AGENTE-AMAZON] Amazon direct: 0 ofertas cosechadas | categorias OK 0/1 | HTTP {503: 1}
[2026-10-09 10:49:26] [AGENTE-AMAZON] Cosechando ofertas quentes de Amazon en Pelando...
[2026-10-09 10:49:26] [AGENTE-AMAZON] Amazon Pelando: 1 ofertas reales | descartadas: 2 campañas, 0 sin ficha, 1 sin precio legible, 1 duplicadas
[2026-10-09 10:49:26] [AGENTE-AMAZON] Cosechando ofertas quentes de Amazon en Pelando...
[2026-10-09 10:49:29] [AGENTE-AMAZON] Amazon Pelando: 0 ofertas reales | descartadas: 2 campañas, 0 sin ficha, 2 sin precio legible, 1 duplicadas
[2026-10-09 10:49:29] [AGENTE-AMAZON] Cosechando Bestsellers y ofertas de categorías Amazon...
[2026-10-09 10:49:31] [AGENTE-AMAZON] Amazon direct: 0 ofertas cosechadas | categorias OK 0/1 | HTTP {503: 1}
[2026-10-09 10:56:27] [AGENTE-AMAZON] Cosechando ofertas quentes de Amazon en Pelando...
[2026-10-09 10:56:27] [AGENTE-AMAZON] Amazon Pelando: 1 ofertas reales | descartadas: 2 campañas, 0 sin ficha, 1 sin precio legible, 1 duplicadas
[2026-10-09 10:56:27] [AGENTE-AMAZON] Cosechando ofertas quentes de Amazon en Pelando...
[2026-10-09 10:56:30] [AGENTE-AMAZON] Amazon Pelando: 0 ofertas reales | descartadas: 2 campañas, 0 sin ficha, 2 sin precio legible, 1 duplicadas
[2026-10-09 10:56:30] [AGENTE-AMAZON] Cosechando Bestsellers y ofertas de categorías Amazon...
[2026-10-09 10:56:32] [AGENTE-AMAZON] Amazon direct: 0 ofertas cosechadas | categorias OK 0/1 | HTTP {503: 1}
[2026-10-09 11:00:35] [AGENTE-ML] Consultando scraping de ofertas en Mercado Livre...
[2026-10-09 11:01:10] [AGENTE-ML] Scraping ML: 260 ofertas obtenidas | 49 enlaces de ANUNCIO descartados
[2026-10-09 11:01:10] [AGENTE-ML] Guardados 200 achados en achados_ml.json
[2026-10-09 11:01:10] [CUPONS_ML] Consultando página oficial https://www.mercadolivre.com.br/cupons (Cookie presente: True)...
[2026-10-09 11:01:10] [CUPONS_ML] 69 código(s) inválidos descartados (blobs del estado interno de ML o fragmentos de texto).
[2026-10-09 11:01:10] [CUPONS_ML] Se extrajeron exitosamente 5 cupones de ML Oficial.
[2026-10-09 11:01:10] [CUPONS_ML] Limpieza completada: 0 vencidos eliminados, 0 marcados vigente=false.
[2026-10-09 11:01:10] [CUPONS_ML] Cupones ML actualizados: 0 nuevos, 5 refrescados.
[2026-10-09 11:01:10] [CUPONS_ML] Total cupones en cupones.json: 9
[2026-10-09 11:01:11] [AGENTE-AMAZON] Cosechando ofertas quentes de Amazon en Pelando...
[2026-10-09 11:01:11] [AGENTE-AMAZON] Amazon Pelando: 1 ofertas reales | descartadas: 2 campañas, 0 sin ficha, 1 sin precio legible, 1 duplicadas
[2026-10-09 11:01:11] [AGENTE-AMAZON] Cosechando ofertas quentes de Amazon en Pelando...
[2026-10-09 11:01:14] [AGENTE-AMAZON] Amazon Pelando: 0 ofertas reales | descartadas: 2 campañas, 0 sin ficha, 2 sin precio legible, 1 duplicadas
[2026-10-09 11:01:14] [AGENTE-AMAZON] Cosechando Bestsellers y ofertas de categorías Amazon...
[2026-10-09 11:01:16] [AGENTE-AMAZON] Amazon direct: 0 ofertas cosechadas | categorias OK 0/1 | HTTP {503: 1}
[2026-10-09 11:07:31] [AGENTE-AMAZON] Cosechando ofertas quentes de Amazon en Pelando...
[2026-10-09 11:07:31] [AGENTE-AMAZON] Amazon Pelando: 1 ofertas reales | descartadas: 2 campañas, 0 sin ficha, 1 sin precio legible, 1 duplicadas
[2026-10-09 11:07:31] [AGENTE-AMAZON] Cosechando ofertas quentes de Amazon en Pelando...
[2026-10-09 11:07:34] [AGENTE-AMAZON] Amazon Pelando: 0 ofertas reales | descartadas: 2 campañas, 0 sin ficha, 2 sin precio legible, 1 duplicadas
[2026-10-09 11:07:34] [AGENTE-AMAZON] Cosechando Bestsellers y ofertas de categorías Amazon...
[2026-10-09 11:07:36] [AGENTE-AMAZON] Amazon direct: 0 ofertas cosechadas | categorias OK 0/1 | HTTP {503: 1}
[2026-10-09 11:14:26] [AGENTE-AMAZON] Cosechando ofertas quentes de Amazon en Pelando...
[2026-10-09 11:14:26] [AGENTE-AMAZON] Amazon Pelando: 1 ofertas reales | descartadas: 2 campañas, 0 sin ficha, 1 sin precio legible, 1 duplicadas
[2026-10-09 11:14:26] [AGENTE-AMAZON] Cosechando ofertas quentes de Amazon en Pelando...
[2026-10-09 11:14:29] [AGENTE-AMAZON] Amazon Pelando: 0 ofertas reales | descartadas: 2 campañas, 0 sin ficha, 2 sin precio legible, 1 duplicadas
[2026-10-09 11:14:29] [AGENTE-AMAZON] Cosechando Bestsellers y ofertas de categorías Amazon...
[2026-10-09 11:14:31] [AGENTE-AMAZON] Amazon direct: 0 ofertas cosechadas | categorias OK 0/1 | HTTP {503: 1}
[2026-10-09 11:21:29] [AGENTE-AMAZON] Cosechando ofertas quentes de Amazon en Pelando...
[2026-10-09 11:21:29] [AGENTE-AMAZON] Amazon Pelando: 1 ofertas reales | descartadas: 2 campañas, 0 sin ficha, 1 sin precio legible, 1 duplicadas
[2026-10-09 11:21:29] [AGENTE-AMAZON] Cosechando ofertas quentes de Amazon en Pelando...
[2026-10-09 11:21:32] [AGENTE-AMAZON] Amazon Pelando: 0 ofertas reales | descartadas: 2 campañas, 0 sin ficha, 2 sin precio legible, 1 duplicadas
[2026-10-09 11:21:32] [AGENTE-AMAZON] Cosechando Bestsellers y ofertas de categorías Amazon...
[2026-10-09 11:21:34] [AGENTE-AMAZON] Amazon direct: 0 ofertas cosechadas | categorias OK 0/1 | HTTP {503: 1}
[2026-10-09 11:28:24] [AGENTE-AMAZON] Cosechando ofertas quentes de Amazon en Pelando...
[2026-10-09 11:28:24] [AGENTE-AMAZON] Amazon Pelando: 1 ofertas reales | descartadas: 2 campañas, 0 sin ficha, 1 sin precio legible, 1 duplicadas
[2026-10-09 11:28:24] [AGENTE-AMAZON] Cosechando ofertas quentes de Amazon en Pelando...
[2026-10-09 11:28:27] [AGENTE-AMAZON] Amazon Pelando: 0 ofertas reales | descartadas: 2 campañas, 0 sin ficha, 2 sin precio legible, 1 duplicadas
[2026-10-09 11:28:27] [AGENTE-AMAZON] Cosechando Bestsellers y ofertas de categorías Amazon...
[2026-10-09 11:28:29] [AGENTE-AMAZON] Amazon direct: 0 ofertas cosechadas | categorias OK 0/1 | HTTP {503: 1}
[2026-10-09 11:35:29] [AGENTE-AMAZON] Cosechando ofertas quentes de Amazon en Pelando...
[2026-10-09 11:35:29] [AGENTE-AMAZON] Amazon Pelando: 1 ofertas reales | descartadas: 2 campañas, 0 sin ficha, 1 sin precio legible, 1 duplicadas
[2026-10-09 11:35:29] [AGENTE-AMAZON] Cosechando ofertas quentes de Amazon en Pelando...
[2026-10-09 11:35:32] [AGENTE-AMAZON] Amazon Pelando: 0 ofertas reales | descartadas: 2 campañas, 0 sin ficha, 2 sin precio legible, 1 duplicadas
[2026-10-09 11:35:32] [AGENTE-AMAZON] Cosechando Bestsellers y ofertas de categorías Amazon...
[2026-10-09 11:35:34] [AGENTE-AMAZON] Amazon direct: 0 ofertas cosechadas | categorias OK 0/1 | HTTP {503: 1}
[2026-10-09 11:42:25] [AGENTE-AMAZON] Cosechando ofertas quentes de Amazon en Pelando...
[2026-10-09 11:42:25] [AGENTE-AMAZON] Amazon Pelando: 1 ofertas reales | descartadas: 2 campañas, 0 sin ficha, 1 sin precio legible, 1 duplicadas
[2026-10-09 11:42:25] [AGENTE-AMAZON] Cosechando ofertas quentes de Amazon en Pelando...
[2026-10-09 11:42:28] [AGENTE-AMAZON] Amazon Pelando: 0 ofertas reales | descartadas: 2 campañas, 0 sin ficha, 2 sin precio legible, 1 duplicadas
[2026-10-09 11:42:28] [AGENTE-AMAZON] Cosechando Bestsellers y ofertas de categorías Amazon...
[2026-10-09 11:42:30] [AGENTE-AMAZON] Amazon direct: 0 ofertas cosechadas | categorias OK 0/1 | HTTP {503: 1}
[2026-10-09 11:49:29] [AGENTE-AMAZON] Cosechando ofertas quentes de Amazon en Pelando...
[2026-10-09 11:49:29] [AGENTE-AMAZON] Amazon Pelando: 1 ofertas reales | descartadas: 2 campañas, 0 sin ficha, 1 sin precio legible, 1 duplicadas
[2026-10-09 11:49:29] [AGENTE-AMAZON] Cosechando ofertas quentes de Amazon en Pelando...
[2026-10-09 11:49:32] [AGENTE-AMAZON] Amazon Pelando: 0 ofertas reales | descartadas: 2 campañas, 0 sin ficha, 2 sin precio legible, 1 duplicadas
[2026-10-09 11:49:32] [AGENTE-AMAZON] Cosechando Bestsellers y ofertas de categorías Amazon...
[2026-10-09 11:49:34] [AGENTE-AMAZON] Amazon direct: 0 ofertas cosechadas | categorias OK 0/1 | HTTP {503: 1}
[2026-10-09 11:56:27] [AGENTE-AMAZON] Cosechando ofertas quentes de Amazon en Pelando...
[2026-10-09 11:56:27] [AGENTE-AMAZON] Amazon Pelando: 1 ofertas reales | descartadas: 2 campañas, 0 sin ficha, 1 sin precio legible, 1 duplicadas
[2026-10-09 11:56:27] [AGENTE-AMAZON] Cosechando ofertas quentes de Amazon en Pelando...
[2026-10-09 11:56:30] [AGENTE-AMAZON] Amazon Pelando: 0 ofertas reales | descartadas: 2 campañas, 0 sin ficha, 2 sin precio legible, 1 duplicadas
[2026-10-09 11:56:30] [AGENTE-AMAZON] Cosechando Bestsellers y ofertas de categorías Amazon...
[2026-10-09 11:56:32] [AGENTE-AMAZON] Amazon direct: 0 ofertas cosechadas | categorias OK 0/1 | HTTP {503: 1}
[2026-10-09 12:00:39] [AGENTE-AMAZON] Cosechando ofertas quentes de Amazon en Pelando...
[2026-10-09 12:00:39] [AGENTE-AMAZON] Amazon Pelando: 1 ofertas reales | descartadas: 2 campañas, 0 sin ficha, 1 sin precio legible, 1 duplicadas
[2026-10-09 12:00:39] [AGENTE-AMAZON] Cosechando ofertas quentes de Amazon en Pelando...
[2026-10-09 12:00:42] [AGENTE-AMAZON] Amazon Pelando: 0 ofertas reales | descartadas: 2 campañas, 0 sin ficha, 2 sin precio legible, 1 duplicadas
[2026-10-09 12:00:42] [AGENTE-AMAZON] Cosechando Bestsellers y ofertas de categorías Amazon...
[2026-10-09 12:00:44] [AGENTE-AMAZON] Amazon direct: 0 ofertas cosechadas | categorias OK 0/1 | HTTP {503: 1}
[2026-10-09 12:07:27] [AGENTE-AMAZON] Cosechando ofertas quentes de Amazon en Pelando...
[2026-10-09 12:07:27] [AGENTE-AMAZON] Amazon Pelando: 1 ofertas reales | descartadas: 2 campañas, 0 sin ficha, 1 sin precio legible, 1 duplicadas
[2026-10-09 12:07:27] [AGENTE-AMAZON] Cosechando ofertas quentes de Amazon en Pelando...
[2026-10-09 12:07:30] [AGENTE-AMAZON] Amazon Pelando: 0 ofertas reales | descartadas: 2 campañas, 0 sin ficha, 2 sin precio legible, 1 duplicadas
[2026-10-09 12:07:30] [AGENTE-AMAZON] Cosechando Bestsellers y ofertas de categorías Amazon...
[2026-10-09 12:07:32] [AGENTE-AMAZON] Amazon direct: 0 ofertas cosechadas | categorias OK 0/1 | HTTP {503: 1}
[2026-10-09 12:14:26] [AGENTE-AMAZON] Cosechando ofertas quentes de Amazon en Pelando...
[2026-10-09 12:14:26] [AGENTE-AMAZON] Amazon Pelando: 1 ofertas reales | descartadas: 2 campañas, 0 sin ficha, 1 sin precio legible, 1 duplicadas
[2026-10-09 12:14:26] [AGENTE-AMAZON] Cosechando ofertas quentes de Amazon en Pelando...
[2026-10-09 12:14:29] [AGENTE-AMAZON] Amazon Pelando: 0 ofertas reales | descartadas: 2 campañas, 0 sin ficha, 2 sin precio legible, 1 duplicadas
[2026-10-09 12:14:29] [AGENTE-AMAZON] Cosechando Bestsellers y ofertas de categorías Amazon...
[2026-10-09 12:14:31] [AGENTE-AMAZON] Amazon direct: 0 ofertas cosechadas | categorias OK 0/1 | HTTP {503: 1}
[2026-10-09 12:21:27] [AGENTE-AMAZON] Cosechando ofertas quentes de Amazon en Pelando...
[2026-10-09 12:21:27] [AGENTE-AMAZON] Amazon Pelando: 1 ofertas reales | descartadas: 2 campañas, 0 sin ficha, 1 sin precio legible, 1 duplicadas
[2026-10-09 12:21:27] [AGENTE-AMAZON] Cosechando ofertas quentes de Amazon en Pelando...
[2026-10-09 12:21:30] [AGENTE-AMAZON] Amazon Pelando: 0 ofertas reales | descartadas: 2 campañas, 0 sin ficha, 2 sin precio legible, 1 duplicadas
[2026-10-09 12:21:30] [AGENTE-AMAZON] Cosechando Bestsellers y ofertas de categorías Amazon...
[2026-10-09 12:21:32] [AGENTE-AMAZON] Amazon direct: 0 ofertas cosechadas | categorias OK 0/1 | HTTP {503: 1}
[2026-10-09 12:28:31] [AGENTE-AMAZON] Cosechando ofertas quentes de Amazon en Pelando...
[2026-10-09 12:28:31] [AGENTE-AMAZON] Amazon Pelando: 1 ofertas reales | descartadas: 2 campañas, 0 sin ficha, 1 sin precio legible, 1 duplicadas
[2026-10-09 12:28:31] [AGENTE-AMAZON] Cosechando ofertas quentes de Amazon en Pelando...
[2026-10-09 12:28:34] [AGENTE-AMAZON] Amazon Pelando: 0 ofertas reales | descartadas: 2 campañas, 0 sin ficha, 2 sin precio legible, 1 duplicadas
[2026-10-09 12:28:34] [AGENTE-AMAZON] Cosechando Bestsellers y ofertas de categorías Amazon...
[2026-10-09 12:28:36] [AGENTE-AMAZON] Amazon direct: 0 ofertas cosechadas | categorias OK 0/1 | HTTP {503: 1}
[2026-10-09 12:35:34] [AGENTE-AMAZON] Cosechando ofertas quentes de Amazon en Pelando...
[2026-10-09 12:35:34] [AGENTE-AMAZON] Amazon Pelando: 1 ofertas reales | descartadas: 2 campañas, 0 sin ficha, 1 sin precio legible, 1 duplicadas
[2026-10-09 12:35:34] [AGENTE-AMAZON] Cosechando ofertas quentes de Amazon en Pelando...
[2026-10-09 12:35:37] [AGENTE-AMAZON] Amazon Pelando: 0 ofertas reales | descartadas: 2 campañas, 0 sin ficha, 2 sin precio legible, 1 duplicadas
[2026-10-09 12:35:37] [AGENTE-AMAZON] Cosechando Bestsellers y ofertas de categorías Amazon...
[2026-10-09 12:35:39] [AGENTE-AMAZON] Amazon direct: 0 ofertas cosechadas | categorias OK 0/1 | HTTP {503: 1}
[2026-10-09 12:42:30] [AGENTE-AMAZON] Cosechando ofertas quentes de Amazon en Pelando...
[2026-10-09 12:42:30] [AGENTE-AMAZON] Amazon Pelando: 1 ofertas reales | descartadas: 2 campañas, 0 sin ficha, 1 sin precio legible, 1 duplicadas
[2026-10-09 12:42:30] [AGENTE-AMAZON] Cosechando ofertas quentes de Amazon en Pelando...
[2026-10-09 12:42:33] [AGENTE-AMAZON] Amazon Pelando: 0 ofertas reales | descartadas: 2 campañas, 0 sin ficha, 2 sin precio legible, 1 duplicadas
[2026-10-09 12:42:33] [AGENTE-AMAZON] Cosechando Bestsellers y ofertas de categorías Amazon...
[2026-10-09 12:42:35] [AGENTE-AMAZON] Amazon direct: 0 ofertas cosechadas | categorias OK 0/1 | HTTP {503: 1}
[2026-10-09 12:49:23] [AGENTE-AMAZON] Cosechando ofertas quentes de Amazon en Pelando...
[2026-10-09 12:49:23] [AGENTE-AMAZON] Amazon Pelando: 1 ofertas reales | descartadas: 2 campañas, 0 sin ficha, 1 sin precio legible, 1 duplicadas
[2026-10-09 12:49:23] [AGENTE-AMAZON] Cosechando ofertas quentes de Amazon en Pelando...
[2026-10-09 12:49:26] [AGENTE-AMAZON] Amazon Pelando: 0 ofertas reales | descartadas: 2 campañas, 0 sin ficha, 2 sin precio legible, 1 duplicadas
[2026-10-09 12:49:26] [AGENTE-AMAZON] Cosechando Bestsellers y ofertas de categorías Amazon...
[2026-10-09 12:49:28] [AGENTE-AMAZON] Amazon direct: 0 ofertas cosechadas | categorias OK 0/1 | HTTP {503: 1}
[2026-10-09 12:56:26] [AGENTE-AMAZON] Cosechando ofertas quentes de Amazon en Pelando...
[2026-10-09 12:56:26] [AGENTE-AMAZON] Amazon Pelando: 1 ofertas reales | descartadas: 2 campañas, 0 sin ficha, 1 sin precio legible, 1 duplicadas
[2026-10-09 12:56:26] [AGENTE-AMAZON] Cosechando ofertas quentes de Amazon en Pelando...
[2026-10-09 12:56:29] [AGENTE-AMAZON] Amazon Pelando: 0 ofertas reales | descartadas: 2 campañas, 0 sin ficha, 2 sin precio legible, 1 duplicadas
[2026-10-09 12:56:29] [AGENTE-AMAZON] Cosechando Bestsellers y ofertas de categorías Amazon...
[2026-10-09 12:56:31] [AGENTE-AMAZON] Amazon direct: 0 ofertas cosechadas | categorias OK 0/1 | HTTP {503: 1}
[2026-10-09 13:00:43] [AGENTE-AMAZON] Cosechando ofertas quentes de Amazon en Pelando...
[2026-10-09 13:00:43] [AGENTE-AMAZON] Amazon Pelando: 1 ofertas reales | descartadas: 2 campañas, 0 sin ficha, 1 sin precio legible, 1 duplicadas
[2026-10-09 13:00:43] [AGENTE-AMAZON] Cosechando ofertas quentes de Amazon en Pelando...
[2026-10-09 13:00:46] [AGENTE-AMAZON] Amazon Pelando: 0 ofertas reales | descartadas: 2 campañas, 0 sin ficha, 2 sin precio legible, 1 duplicadas
[2026-10-09 13:00:46] [AGENTE-AMAZON] Cosechando Bestsellers y ofertas de categorías Amazon...
[2026-10-09 13:00:48] [AGENTE-AMAZON] Amazon direct: 0 ofertas cosechadas | categorias OK 0/1 | HTTP {503: 1}
[2026-10-09 13:07:41] [AGENTE-AMAZON] Cosechando ofertas quentes de Amazon en Pelando...
[2026-10-09 13:07:41] [AGENTE-AMAZON] Amazon Pelando: 1 ofertas reales | descartadas: 2 campañas, 0 sin ficha, 1 sin precio legible, 1 duplicadas
[2026-10-09 13:07:41] [AGENTE-AMAZON] Cosechando ofertas quentes de Amazon en Pelando...
[2026-10-09 13:07:44] [AGENTE-AMAZON] Amazon Pelando: 0 ofertas reales | descartadas: 2 campañas, 0 sin ficha, 2 sin precio legible, 1 duplicadas
[2026-10-09 13:07:44] [AGENTE-AMAZON] Cosechando Bestsellers y ofertas de categorías Amazon...
[2026-10-09 13:07:46] [AGENTE-AMAZON] Amazon direct: 0 ofertas cosechadas | categorias OK 0/1 | HTTP {503: 1}
[2026-10-09 13:14:29] [AGENTE-AMAZON] Cosechando ofertas quentes de Amazon en Pelando...
[2026-10-09 13:14:29] [AGENTE-AMAZON] Amazon Pelando: 1 ofertas reales | descartadas: 2 campañas, 0 sin ficha, 1 sin precio legible, 1 duplicadas
[2026-10-09 13:14:29] [AGENTE-AMAZON] Cosechando ofertas quentes de Amazon en Pelando...
[2026-10-09 13:14:32] [AGENTE-AMAZON] Amazon Pelando: 0 ofertas reales | descartadas: 2 campañas, 0 sin ficha, 2 sin precio legible, 1 duplicadas
[2026-10-09 13:14:32] [AGENTE-AMAZON] Cosechando Bestsellers y ofertas de categorías Amazon...
[2026-10-09 13:14:34] [AGENTE-AMAZON] Amazon direct: 0 ofertas cosechadas | categorias OK 0/1 | HTTP {503: 1}
[2026-10-09 13:21:25] [AGENTE-AMAZON] Cosechando ofertas quentes de Amazon en Pelando...
[2026-10-09 13:21:25] [AGENTE-AMAZON] Amazon Pelando: 1 ofertas reales | descartadas: 2 campañas, 0 sin ficha, 1 sin precio legible, 1 duplicadas
[2026-10-09 13:21:25] [AGENTE-AMAZON] Cosechando ofertas quentes de Amazon en Pelando...
[2026-10-09 13:21:28] [AGENTE-AMAZON] Amazon Pelando: 0 ofertas reales | descartadas: 2 campañas, 0 sin ficha, 2 sin precio legible, 1 duplicadas
[2026-10-09 13:21:28] [AGENTE-AMAZON] Cosechando Bestsellers y ofertas de categorías Amazon...
[2026-10-09 13:21:30] [AGENTE-AMAZON] Amazon direct: 0 ofertas cosechadas | categorias OK 0/1 | HTTP {503: 1}
[2026-10-09 13:28:31] [AGENTE-AMAZON] Cosechando ofertas quentes de Amazon en Pelando...
[2026-10-09 13:28:31] [AGENTE-AMAZON] Amazon Pelando: 1 ofertas reales | descartadas: 2 campañas, 0 sin ficha, 1 sin precio legible, 1 duplicadas
[2026-10-09 13:28:31] [AGENTE-AMAZON] Cosechando ofertas quentes de Amazon en Pelando...
[2026-10-09 13:28:34] [AGENTE-AMAZON] Amazon Pelando: 0 ofertas reales | descartadas: 2 campañas, 0 sin ficha, 2 sin precio legible, 1 duplicadas
[2026-10-09 13:28:34] [AGENTE-AMAZON] Cosechando Bestsellers y ofertas de categorías Amazon...
[2026-10-09 13:28:36] [AGENTE-AMAZON] Amazon direct: 0 ofertas cosechadas | categorias OK 0/1 | HTTP {503: 1}
[2026-10-09 13:35:30] [AGENTE-AMAZON] Cosechando ofertas quentes de Amazon en Pelando...
[2026-10-09 13:35:30] [AGENTE-AMAZON] Amazon Pelando: 1 ofertas reales | descartadas: 2 campañas, 0 sin ficha, 1 sin precio legible, 1 duplicadas
[2026-10-09 13:35:30] [AGENTE-AMAZON] Cosechando ofertas quentes de Amazon en Pelando...
[2026-10-09 13:35:33] [AGENTE-AMAZON] Amazon Pelando: 0 ofertas reales | descartadas: 2 campañas, 0 sin ficha, 2 sin precio legible, 1 duplicadas
[2026-10-09 13:35:33] [AGENTE-AMAZON] Cosechando Bestsellers y ofertas de categorías Amazon...
[2026-10-09 13:35:35] [AGENTE-AMAZON] Amazon direct: 0 ofertas cosechadas | categorias OK 0/1 | HTTP {503: 1}
[2026-10-09 13:42:30] [AGENTE-AMAZON] Cosechando ofertas quentes de Amazon en Pelando...
[2026-10-09 13:42:30] [AGENTE-AMAZON] Amazon Pelando: 1 ofertas reales | descartadas: 2 campañas, 0 sin ficha, 1 sin precio legible, 1 duplicadas
[2026-10-09 13:42:30] [AGENTE-AMAZON] Cosechando ofertas quentes de Amazon en Pelando...
[2026-10-09 13:42:33] [AGENTE-AMAZON] Amazon Pelando: 0 ofertas reales | descartadas: 2 campañas, 0 sin ficha, 2 sin precio legible, 1 duplicadas
[2026-10-09 13:42:33] [AGENTE-AMAZON] Cosechando Bestsellers y ofertas de categorías Amazon...
[2026-10-09 13:42:35] [AGENTE-AMAZON] Amazon direct: 0 ofertas cosechadas | categorias OK 0/1 | HTTP {503: 1}
[2026-10-09 13:49:26] [AGENTE-AMAZON] Cosechando ofertas quentes de Amazon en Pelando...
[2026-10-09 13:49:26] [AGENTE-AMAZON] Amazon Pelando: 1 ofertas reales | descartadas: 2 campañas, 0 sin ficha, 1 sin precio legible, 1 duplicadas
[2026-10-09 13:49:26] [AGENTE-AMAZON] Cosechando ofertas quentes de Amazon en Pelando...
[2026-10-09 13:49:29] [AGENTE-AMAZON] Amazon Pelando: 0 ofertas reales | descartadas: 2 campañas, 0 sin ficha, 2 sin precio legible, 1 duplicadas
[2026-10-09 13:49:29] [AGENTE-AMAZON] Cosechando Bestsellers y ofertas de categorías Amazon...
[2026-10-09 13:49:31] [AGENTE-AMAZON] Amazon direct: 0 ofertas cosechadas | categorias OK 0/1 | HTTP {503: 1}
[2026-10-09 13:56:30] [AGENTE-AMAZON] Cosechando ofertas quentes de Amazon en Pelando...
[2026-10-09 13:56:30] [AGENTE-AMAZON] Amazon Pelando: 1 ofertas reales | descartadas: 2 campañas, 0 sin ficha, 1 sin precio legible, 1 duplicadas
[2026-10-09 13:56:30] [AGENTE-AMAZON] Cosechando ofertas quentes de Amazon en Pelando...
[2026-10-09 13:56:33] [AGENTE-AMAZON] Amazon Pelando: 0 ofertas reales | descartadas: 2 campañas, 0 sin ficha, 2 sin precio legible, 1 duplicadas
[2026-10-09 13:56:33] [AGENTE-AMAZON] Cosechando Bestsellers y ofertas de categorías Amazon...
[2026-10-09 13:56:35] [AGENTE-AMAZON] Amazon direct: 0 ofertas cosechadas | categorias OK 0/1 | HTTP {503: 1}
[2026-10-09 14:00:46] [AGENTE-AMAZON] Cosechando ofertas quentes de Amazon en Pelando...
[2026-10-09 14:00:46] [AGENTE-AMAZON] Amazon Pelando: 1 ofertas reales | descartadas: 2 campañas, 0 sin ficha, 1 sin precio legible, 1 duplicadas
[2026-10-09 14:00:46] [AGENTE-AMAZON] Cosechando ofertas quentes de Amazon en Pelando...
[2026-10-09 14:00:49] [AGENTE-AMAZON] Amazon Pelando: 0 ofertas reales | descartadas: 2 campañas, 0 sin ficha, 2 sin precio legible, 1 duplicadas
[2026-10-09 14:00:49] [AGENTE-AMAZON] Cosechando Bestsellers y ofertas de categorías Amazon...
[2026-10-09 14:00:51] [AGENTE-AMAZON] Amazon direct: 0 ofertas cosechadas | categorias OK 0/1 | HTTP {503: 1}
[2026-10-09 14:06:28] [CUPONS_ML] Consultando página oficial https://www.mercadolivre.com.br/cupons (Cookie presente: True)...
[2026-10-09 14:06:29] [CUPONS_ML] 75 código(s) inválidos descartados (blobs del estado interno de ML o fragmentos de texto).
[2026-10-09 14:06:29] [CUPONS_ML] Se extrajeron exitosamente 5 cupones de ML Oficial.
[2026-10-09 14:06:29] [CUPONS_ML] Limpieza completada: 0 vencidos eliminados, 0 marcados vigente=false.
[2026-10-09 14:06:29] [CUPONS_ML] Cupones ML actualizados: 0 nuevos, 5 refrescados.
[2026-10-09 14:06:29] [CUPONS_ML] Total cupones en cupones.json: 22
[2026-10-09 14:06:29] [PELANDO] Scraping Amazon (https://www.pelando.com.br/cupons-de-descontos/amazon)
[2026-10-09 14:06:33] [PELANDO]   Falha ao acessar Amazon
[2026-10-09 14:06:35] [PELANDO] Scraping KaBuM! (https://www.pelando.com.br/cupons-de-descontos/kabum)
[2026-10-09 14:06:40] [PELANDO]   Falha ao acessar KaBuM!
[2026-10-09 14:06:42] [PELANDO] Scraping Mercado Livre (https://www.pelando.com.br/cupons-de-descontos/mercado-livre)
[2026-10-09 14:06:46] [PELANDO]   Falha ao acessar Mercado Livre
[2026-10-09 14:06:48] [PELANDO] Scraping Shopee (https://www.pelando.com.br/cupons-de-descontos/shopee)
[2026-10-09 14:06:52] [PELANDO]   Falha ao acessar Shopee
[2026-10-09 14:06:54] [PELANDO] Scraping Magazine Luiza (https://www.pelando.com.br/cupons-de-descontos/magalu)
[2026-10-09 14:06:58] [PELANDO]   Falha ao acessar Magazine Luiza
[2026-10-09 14:07:00] [PELANDO] Scraping AliExpress (https://www.pelando.com.br/cupons-de-descontos/aliexpress)
[2026-10-09 14:07:04] [PELANDO]   Falha ao acessar AliExpress
[2026-10-09 14:07:06] [PELANDO] Scraping Pichau (https://www.pelando.com.br/cupons-de-descontos/pichau)
[2026-10-09 14:07:10] [PELANDO]   Falha ao acessar Pichau
[2026-10-09 14:07:12] [PELANDO] Scraping Terabyte Shop (https://www.pelando.com.br/cupons-de-descontos/terabyte)
[2026-10-09 14:07:16] [PELANDO]   Falha ao acessar Terabyte Shop
[2026-10-09 14:07:18] [PELANDO] Completado: 0 Pelando + 22 manuales = 22 total
[2026-10-09 14:07:18] [AGENTE-ML] Consultando scraping de ofertas en Mercado Livre...
[2026-10-09 14:07:50] [AGENTE-ML] Scraping ML: 263 ofertas obtenidas | 49 enlaces de ANUNCIO descartados
[2026-10-09 14:07:50] [AGENTE-ML] Guardados 210 achados en achados_ml.json
[2026-10-09 14:07:51] [AGENTE-AMAZON] Cosechando Bestsellers y ofertas de categorías Amazon...
[2026-10-09 14:08:51] [AGENTE-AMAZON] Amazon direct: 89 ofertas cosechadas | categorias OK 11/28 | HTTP {503: 17} | sin tarjetas 8
[2026-10-09 14:08:51] [AGENTE-AMAZON] Cosechando ofertas quentes de Amazon en Pelando...
[2026-10-09 14:08:51] [AGENTE-AMAZON] Pelando Amazon: HTTP 403
[2026-10-09 14:08:51] [AGENTE-AMAZON] Guardados 78 achados en achados_amazon.json
[2026-10-09 14:09:47] [AGENTE-AMAZON] Cosechando ofertas quentes de Amazon en Pelando...
[2026-10-09 14:09:47] [AGENTE-AMAZON] Amazon Pelando: 1 ofertas reales | descartadas: 2 campañas, 0 sin ficha, 1 sin precio legible, 1 duplicadas
[2026-10-09 14:09:47] [AGENTE-AMAZON] Cosechando ofertas quentes de Amazon en Pelando...
[2026-10-09 14:09:50] [AGENTE-AMAZON] Amazon Pelando: 0 ofertas reales | descartadas: 2 campañas, 0 sin ficha, 2 sin precio legible, 1 duplicadas
[2026-10-09 14:09:50] [AGENTE-AMAZON] Cosechando Bestsellers y ofertas de categorías Amazon...
[2026-10-09 14:09:52] [AGENTE-AMAZON] Amazon direct: 0 ofertas cosechadas | categorias OK 0/1 | HTTP {503: 1}
[2026-10-09 14:09:52] [CUPONS_ML] Consultando página oficial https://www.mercadolivre.com.br/cupons (Cookie presente: True)...
[2026-10-09 14:09:53] [CUPONS_ML] 75 código(s) inválidos descartados (blobs del estado interno de ML o fragmentos de texto).
[2026-10-09 14:09:53] [CUPONS_ML] Se extrajeron exitosamente 5 cupones de ML Oficial.
[2026-10-09 14:09:53] [CUPONS_ML] Limpieza completada: 0 vencidos eliminados, 0 marcados vigente=false.
[2026-10-09 14:09:53] [CUPONS_ML] Cupones ML actualizados: 0 nuevos, 5 refrescados.
[2026-10-09 14:09:53] [CUPONS_ML] Total cupones en cupones.json: 22
[2026-10-09 14:09:53] [CUPONES] Fuente oficial ML refrescada: 5 cupón(es).
[2026-10-09 14:09:53] [CUPONES] Cupones activados en la cuenta del usuario: 17. Solo esos se publican.
[2026-10-09 14:09:53] [CUPONES] Descartado OFERTAJAML: no está ACTIVADO en la cuenta del usuario
[2026-10-09 14:09:53] [CUPONES] Descartado MELIOFFAQUI: no está ACTIVADO en la cuenta del usuario
[2026-10-09 14:09:53] [CUPONES] Descartado CORREAQUINOML: no está ACTIVADO en la cuenta del usuario
[2026-10-09 14:09:53] [CUPONES] Descartado VEJAESSAPROMO: no está ACTIVADO en la cuenta del usuario
[2026-10-09 14:09:53] [CUPONES] Descartado PROMOCERTAML: no está ACTIVADO en la cuenta del usuario
[2026-10-09 14:09:53] [CUPONES] Descartado SEMDEMORAML: no está ACTIVADO en la cuenta del usuario
[2026-10-09 14:09:53] [CUPONES] Descartado MELIMAIS: no está ACTIVADO en la cuenta del usuario
[2026-10-09 14:09:53] [CUPONES] Descartado CUPOMEXCLUSIVO: no está ACTIVADO en la cuenta del usuario
[2026-10-09 14:09:53] [CUPONES] Descartado BOLSOCHEIO: no está ACTIVADO en la cuenta del usuario
[2026-10-09 14:09:53] [CUPONES] Sin cupones nuevos (105 códigos ya vistos).
[2026-10-09 14:18:15] [CUPONS_ML] Consultando página oficial https://www.mercadolivre.com.br/cupons (Cookie presente: True)...
[2026-10-09 14:18:15] [CUPONS_ML] 75 código(s) inválidos descartados (blobs del estado interno de ML o fragmentos de texto).
[2026-10-09 14:18:15] [CUPONS_ML] Se extrajeron exitosamente 5 cupones de ML Oficial.
[2026-10-09 14:18:15] [CUPONS_ML] Limpieza completada: 0 vencidos eliminados, 0 marcados vigente=false.
[2026-10-09 14:18:15] [CUPONS_ML] Cupones ML actualizados: 0 nuevos, 5 refrescados.
[2026-10-09 14:18:15] [CUPONS_ML] Total cupones en cupones.json: 22
[2026-10-09 14:18:15] [CUPONES] Fuente oficial ML refrescada: 5 cupón(es).
[2026-10-09 14:18:15] [CUPONES] Cupones activados en la cuenta del usuario: 17. Solo esos se publican.
[2026-10-09 14:18:15] [CUPONES] Sin cupones nuevos (105 códigos ya vistos).
[2026-10-09 14:23:44] [CUPONS_ML] Consultando página oficial https://www.mercadolivre.com.br/cupons (Cookie presente: True)...
[2026-10-09 14:23:44] [CUPONS_ML] 75 código(s) inválidos descartados (blobs del estado interno de ML o fragmentos de texto).
[2026-10-09 14:23:44] [CUPONS_ML] Se extrajeron exitosamente 5 cupones de ML Oficial.
[2026-10-09 14:23:44] [CUPONS_ML] Limpieza completada: 0 vencidos eliminados, 0 marcados vigente=false.
[2026-10-09 14:23:44] [CUPONS_ML] Cupones ML actualizados: 0 nuevos, 5 refrescados.
[2026-10-09 14:23:44] [CUPONS_ML] Total cupones en cupones.json: 22
[2026-10-09 14:23:44] [CUPONES] Fuente oficial ML refrescada: 5 cupón(es).
[2026-10-09 14:23:44] [CUPONES] Cupones activados en la cuenta del usuario: 17. Solo esos se publican.
[2026-10-09 14:23:44] [CUPONES] Sin cupones nuevos (105 códigos ya vistos).
[2026-10-09 14:35:41] [CUPONS_ML] Consultando página oficial https://www.mercadolivre.com.br/cupons (Cookie presente: True)...
[2026-10-09 14:35:41] [CUPONS_ML] 75 código(s) inválidos descartados (blobs del estado interno de ML o fragmentos de texto).
[2026-10-09 14:35:41] [CUPONS_ML] Se extrajeron exitosamente 5 cupones de ML Oficial.
[2026-10-09 14:35:41] [CUPONS_ML] Limpieza completada: 0 vencidos eliminados, 0 marcados vigente=false.
[2026-10-09 14:35:41] [CUPONS_ML] Cupones ML actualizados: 0 nuevos, 5 refrescados.
[2026-10-09 14:35:41] [CUPONS_ML] Total cupones en cupones.json: 22
[2026-10-09 14:35:41] [CUPONES] Fuente oficial ML refrescada: 5 cupón(es).
[2026-10-09 14:35:41] [CUPONES] Cupones activados en la cuenta del usuario: 17. Solo esos se publican.
[2026-10-09 14:35:41] [CUPONES] Sin cupones nuevos (105 códigos ya vistos).
[2026-10-09 14:45:25] [CUPONS_ML] Consultando página oficial https://www.mercadolivre.com.br/cupons (Cookie presente: True)...
[2026-10-09 14:45:26] [CUPONS_ML] 75 código(s) inválidos descartados (blobs del estado interno de ML o fragmentos de texto).
[2026-10-09 14:45:26] [CUPONS_ML] Se extrajeron exitosamente 5 cupones de ML Oficial.
[2026-10-09 14:45:26] [CUPONS_ML] Limpieza completada: 0 vencidos eliminados, 0 marcados vigente=false.
[2026-10-09 14:45:26] [CUPONS_ML] Cupones ML actualizados: 0 nuevos, 5 refrescados.
[2026-10-09 14:45:26] [CUPONS_ML] Total cupones en cupones.json: 22
[2026-10-09 14:45:26] [CUPONES] Fuente oficial ML refrescada: 5 cupón(es).
[2026-10-09 14:45:26] [CUPONES] Cupones activados en la cuenta del usuario: 17. Solo esos se publican.
[2026-10-09 14:45:26] [CUPONES] Sin cupones nuevos (105 códigos ya vistos).
[2026-10-09 14:53:48] [CUPONS_ML] Consultando página oficial https://www.mercadolivre.com.br/cupons (Cookie presente: True)...
[2026-10-09 14:53:48] [CUPONS_ML] 75 código(s) inválidos descartados (blobs del estado interno de ML o fragmentos de texto).
[2026-10-09 14:53:48] [CUPONS_ML] Se extrajeron exitosamente 5 cupones de ML Oficial.
[2026-10-09 14:53:48] [CUPONS_ML] Limpieza completada: 0 vencidos eliminados, 0 marcados vigente=false.
[2026-10-09 14:53:48] [CUPONS_ML] Cupones ML actualizados: 0 nuevos, 5 refrescados.
[2026-10-09 14:53:48] [CUPONS_ML] Total cupones en cupones.json: 22
[2026-10-09 14:53:48] [CUPONES] Fuente oficial ML refrescada: 5 cupón(es).
[2026-10-09 14:53:48] [CUPONES] Cupones activados en la cuenta del usuario: 17. Solo esos se publican.
[2026-10-09 14:53:48] [CUPONES] Sin cupones nuevos (105 códigos ya vistos).
[2026-10-09 14:58:57] [CUPONS_ML] Consultando página oficial https://www.mercadolivre.com.br/cupons (Cookie presente: True)...
[2026-10-09 14:58:58] [CUPONS_ML] 75 código(s) inválidos descartados (blobs del estado interno de ML o fragmentos de texto).
[2026-10-09 14:58:58] [CUPONS_ML] Se extrajeron exitosamente 5 cupones de ML Oficial.
[2026-10-09 14:58:58] [CUPONS_ML] Limpieza completada: 0 vencidos eliminados, 0 marcados vigente=false.
[2026-10-09 14:58:58] [CUPONS_ML] Cupones ML actualizados: 0 nuevos, 5 refrescados.
[2026-10-09 14:58:58] [CUPONS_ML] Total cupones en cupones.json: 22
[2026-10-09 14:58:58] [CUPONES] Fuente oficial ML refrescada: 5 cupón(es).
[2026-10-09 14:58:58] [CUPONES] Cupones activados en la cuenta del usuario: 17. Solo esos se publican.
[2026-10-09 14:58:58] [CUPONES] Sin cupones nuevos (105 códigos ya vistos).
[2026-10-09 15:05:05] [CUPONS_ML] Consultando página oficial https://www.mercadolivre.com.br/cupons (Cookie presente: True)...
[2026-10-09 15:05:06] [CUPONS_ML] 75 código(s) inválidos descartados (blobs del estado interno de ML o fragmentos de texto).
[2026-10-09 15:05:06] [CUPONS_ML] Se extrajeron exitosamente 5 cupones de ML Oficial.
[2026-10-09 15:05:06] [CUPONS_ML] Limpieza completada: 0 vencidos eliminados, 0 marcados vigente=false.
[2026-10-09 15:05:06] [CUPONS_ML] Cupones ML actualizados: 0 nuevos, 5 refrescados.
[2026-10-09 15:05:06] [CUPONS_ML] Total cupones en cupones.json: 22
[2026-10-09 15:05:06] [CUPONES] Fuente oficial ML refrescada: 5 cupón(es).
[2026-10-09 15:05:06] [CUPONES] Cupones activados en la cuenta del usuario: 17. Solo esos se publican.
[2026-10-09 15:05:06] [CUPONES] Sin cupones nuevos (105 códigos ya vistos).
[2026-10-09 15:16:40] [CUPONS_ML] Consultando página oficial https://www.mercadolivre.com.br/cupons (Cookie presente: True)...
[2026-10-09 15:16:41] [CUPONS_ML] 75 código(s) inválidos descartados (blobs del estado interno de ML o fragmentos de texto).
[2026-10-09 15:16:41] [CUPONS_ML] Se extrajeron exitosamente 5 cupones de ML Oficial.
[2026-10-09 15:16:41] [CUPONS_ML] Limpieza completada: 0 vencidos eliminados, 0 marcados vigente=false.
[2026-10-09 15:16:41] [CUPONS_ML] Cupones ML actualizados: 0 nuevos, 5 refrescados.
[2026-10-09 15:16:41] [CUPONS_ML] Total cupones en cupones.json: 22
[2026-10-09 15:16:41] [CUPONES] Fuente oficial ML refrescada: 5 cupón(es).
[2026-10-09 15:16:41] [CUPONES] Cupones activados en la cuenta del usuario: 17. Solo esos se publican.
[2026-10-09 15:16:41] [CUPONES] Sin cupones nuevos (105 códigos ya vistos).
[2026-10-09 15:22:40] [CUPONS_ML] Consultando página oficial https://www.mercadolivre.com.br/cupons (Cookie presente: True)...
[2026-10-09 15:22:40] [CUPONS_ML] 75 código(s) inválidos descartados (blobs del estado interno de ML o fragmentos de texto).
[2026-10-09 15:22:40] [CUPONS_ML] Se extrajeron exitosamente 5 cupones de ML Oficial.
[2026-10-09 15:22:40] [CUPONS_ML] Limpieza completada: 0 vencidos eliminados, 0 marcados vigente=false.
[2026-10-09 15:22:40] [CUPONS_ML] Cupones ML actualizados: 0 nuevos, 5 refrescados.
[2026-10-09 15:22:40] [CUPONS_ML] Total cupones en cupones.json: 22
[2026-10-09 15:22:40] [CUPONES] Fuente oficial ML refrescada: 5 cupón(es).
[2026-10-09 15:22:40] [CUPONES] Cupones activados en la cuenta del usuario: 17. Solo esos se publican.
[2026-10-09 15:22:40] [CUPONES] Sin cupones nuevos (105 códigos ya vistos).
[2026-10-09 15:36:27] [CUPONS_ML] Consultando página oficial https://www.mercadolivre.com.br/cupons (Cookie presente: True)...
[2026-10-09 15:36:28] [CUPONS_ML] 75 código(s) inválidos descartados (blobs del estado interno de ML o fragmentos de texto).
[2026-10-09 15:36:28] [CUPONS_ML] Se extrajeron exitosamente 5 cupones de ML Oficial.
[2026-10-09 15:36:28] [CUPONS_ML] Limpieza completada: 0 vencidos eliminados, 0 marcados vigente=false.
[2026-10-09 15:36:28] [CUPONS_ML] Cupones ML actualizados: 0 nuevos, 5 refrescados.
[2026-10-09 15:36:28] [CUPONS_ML] Total cupones en cupones.json: 22
[2026-10-09 15:36:28] [CUPONES] Fuente oficial ML refrescada: 5 cupón(es).
[2026-10-09 15:36:28] [CUPONES] Cupones activados en la cuenta del usuario: 17. Solo esos se publican.
[2026-10-09 15:36:28] [CUPONES] Sin cupones nuevos (105 códigos ya vistos).
[2026-10-09 15:45:15] [CUPONS_ML] Consultando página oficial https://www.mercadolivre.com.br/cupons (Cookie presente: True)...
[2026-10-09 15:45:16] [CUPONS_ML] 78 código(s) inválidos descartados (blobs del estado interno de ML o fragmentos de texto).
[2026-10-09 15:45:16] [CUPONS_ML] Se extrajeron exitosamente 5 cupones de ML Oficial.
[2026-10-09 15:45:16] [CUPONS_ML] Limpieza completada: 0 vencidos eliminados, 0 marcados vigente=false.
[2026-10-09 15:45:16] [CUPONS_ML] Cupones ML actualizados: 0 nuevos, 5 refrescados.
[2026-10-09 15:45:16] [CUPONS_ML] Total cupones en cupones.json: 22
[2026-10-09 15:45:16] [CUPONES] Fuente oficial ML refrescada: 5 cupón(es).
[2026-10-09 15:45:16] [CUPONES] Cupones activados en la cuenta del usuario: 17. Solo esos se publican.
[2026-10-09 15:45:16] [CUPONES] Sin cupones nuevos (105 códigos ya vistos).
[2026-10-09 15:52:33] [CUPONS_ML] Consultando página oficial https://www.mercadolivre.com.br/cupons (Cookie presente: True)...
[2026-10-09 15:52:34] [CUPONS_ML] 75 código(s) inválidos descartados (blobs del estado interno de ML o fragmentos de texto).
[2026-10-09 15:52:34] [CUPONS_ML] Se extrajeron exitosamente 5 cupones de ML Oficial.
[2026-10-09 15:52:34] [CUPONS_ML] Limpieza completada: 0 vencidos eliminados, 0 marcados vigente=false.
[2026-10-09 15:52:34] [CUPONS_ML] Cupones ML actualizados: 0 nuevos, 5 refrescados.
[2026-10-09 15:52:34] [CUPONS_ML] Total cupones en cupones.json: 22
[2026-10-09 15:52:34] [CUPONES] Fuente oficial ML refrescada: 5 cupón(es).
[2026-10-09 15:52:34] [CUPONES] Cupones activados en la cuenta del usuario: 17. Solo esos se publican.
[2026-10-09 15:52:34] [CUPONES] Sin cupones nuevos (105 códigos ya vistos).
[2026-10-09 16:06:27] [CUPONS_ML] Consultando página oficial https://www.mercadolivre.com.br/cupons (Cookie presente: True)...
[2026-10-09 16:06:28] [CUPONS_ML] 75 código(s) inválidos descartados (blobs del estado interno de ML o fragmentos de texto).
[2026-10-09 16:06:28] [CUPONS_ML] Se extrajeron exitosamente 5 cupones de ML Oficial.
[2026-10-09 16:06:28] [CUPONS_ML] Limpieza completada: 0 vencidos eliminados, 0 marcados vigente=false.
[2026-10-09 16:06:28] [CUPONS_ML] Cupones ML actualizados: 0 nuevos, 5 refrescados.
[2026-10-09 16:06:28] [CUPONS_ML] Total cupones en cupones.json: 22
[2026-10-09 16:06:28] [CUPONES] Fuente oficial ML refrescada: 5 cupón(es).
[2026-10-09 16:06:28] [CUPONES] Cupones activados en la cuenta del usuario: 17. Solo esos se publican.
[2026-10-09 16:06:28] [CUPONES] Sin cupones nuevos (105 códigos ya vistos).
[2026-10-09 16:15:27] [CUPONS_ML] Consultando página oficial https://www.mercadolivre.com.br/cupons (Cookie presente: True)...
[2026-10-09 16:15:27] [CUPONS_ML] 78 código(s) inválidos descartados (blobs del estado interno de ML o fragmentos de texto).
[2026-10-09 16:15:27] [CUPONS_ML] Se extrajeron exitosamente 5 cupones de ML Oficial.
[2026-10-09 16:15:27] [CUPONS_ML] Limpieza completada: 0 vencidos eliminados, 0 marcados vigente=false.
[2026-10-09 16:15:27] [CUPONS_ML] Cupones ML actualizados: 0 nuevos, 5 refrescados.
[2026-10-09 16:15:27] [CUPONS_ML] Total cupones en cupones.json: 22
[2026-10-09 16:15:27] [CUPONES] Fuente oficial ML refrescada: 5 cupón(es).
[2026-10-09 16:15:27] [CUPONES] Cupones activados en la cuenta del usuario: 17. Solo esos se publican.
[2026-10-09 16:15:27] [CUPONES] Sin cupones nuevos (105 códigos ya vistos).
[2026-10-09 16:24:13] [CUPONS_ML] Consultando página oficial https://www.mercadolivre.com.br/cupons (Cookie presente: True)...
[2026-10-09 16:24:14] [CUPONS_ML] 78 código(s) inválidos descartados (blobs del estado interno de ML o fragmentos de texto).
[2026-10-09 16:24:14] [CUPONS_ML] Se extrajeron exitosamente 5 cupones de ML Oficial.
[2026-10-09 16:24:14] [CUPONS_ML] Limpieza completada: 0 vencidos eliminados, 0 marcados vigente=false.
[2026-10-09 16:24:14] [CUPONS_ML] Cupones ML actualizados: 0 nuevos, 5 refrescados.
[2026-10-09 16:24:14] [CUPONS_ML] Total cupones en cupones.json: 22
[2026-10-09 16:24:14] [CUPONES] Fuente oficial ML refrescada: 5 cupón(es).
[2026-10-09 16:24:14] [CUPONES] Cupones activados en la cuenta del usuario: 17. Solo esos se publican.
[2026-10-09 16:24:14] [CUPONES] Sin cupones nuevos (105 códigos ya vistos).
[2026-10-09 16:31:34] [CUPONS_ML] Consultando página oficial https://www.mercadolivre.com.br/cupons (Cookie presente: True)...
[2026-10-09 16:31:35] [CUPONS_ML] 75 código(s) inválidos descartados (blobs del estado interno de ML o fragmentos de texto).
[2026-10-09 16:31:35] [CUPONS_ML] Se extrajeron exitosamente 5 cupones de ML Oficial.
[2026-10-09 16:31:35] [CUPONS_ML] Limpieza completada: 0 vencidos eliminados, 0 marcados vigente=false.
[2026-10-09 16:31:35] [CUPONS_ML] Cupones ML actualizados: 0 nuevos, 5 refrescados.
[2026-10-09 16:31:35] [CUPONS_ML] Total cupones en cupones.json: 22
[2026-10-09 16:31:35] [CUPONES] Fuente oficial ML refrescada: 5 cupón(es).
[2026-10-09 16:31:35] [CUPONES] Cupones activados en la cuenta del usuario: 17. Solo esos se publican.
[2026-10-09 16:31:35] [CUPONES] Sin cupones nuevos (105 códigos ya vistos).
[2026-10-09 16:41:12] [CUPONS_ML] Consultando página oficial https://www.mercadolivre.com.br/cupons (Cookie presente: True)...
[2026-10-09 16:41:12] [CUPONS_ML] 75 código(s) inválidos descartados (blobs del estado interno de ML o fragmentos de texto).
[2026-10-09 16:41:12] [CUPONS_ML] Se extrajeron exitosamente 5 cupones de ML Oficial.
[2026-10-09 16:41:12] [CUPONS_ML] Limpieza completada: 0 vencidos eliminados, 0 marcados vigente=false.
[2026-10-09 16:41:12] [CUPONS_ML] Cupones ML actualizados: 0 nuevos, 5 refrescados.
[2026-10-09 16:41:12] [CUPONS_ML] Total cupones en cupones.json: 22
[2026-10-09 16:41:12] [CUPONES] Fuente oficial ML refrescada: 5 cupón(es).
[2026-10-09 16:41:12] [CUPONES] Cupones activados en la cuenta del usuario: 17. Solo esos se publican.
[2026-10-09 16:41:12] [CUPONES] Sin cupones nuevos (105 códigos ya vistos).
[2026-10-09 16:51:27] [CUPONS_ML] Consultando página oficial https://www.mercadolivre.com.br/cupons (Cookie presente: True)...
[2026-10-09 16:51:28] [CUPONS_ML] 75 código(s) inválidos descartados (blobs del estado interno de ML o fragmentos de texto).
[2026-10-09 16:51:28] [CUPONS_ML] Se extrajeron exitosamente 5 cupones de ML Oficial.
[2026-10-09 16:51:28] [CUPONS_ML] Limpieza completada: 0 vencidos eliminados, 0 marcados vigente=false.
[2026-10-09 16:51:28] [CUPONS_ML] Cupones ML actualizados: 0 nuevos, 5 refrescados.
[2026-10-09 16:51:28] [CUPONS_ML] Total cupones en cupones.json: 22
[2026-10-09 16:51:28] [CUPONES] Fuente oficial ML refrescada: 5 cupón(es).
[2026-10-09 16:51:28] [CUPONES] Cupones activados en la cuenta del usuario: 17. Solo esos se publican.
[2026-10-09 16:51:28] [CUPONES] Sin cupones nuevos (105 códigos ya vistos).
[2026-10-09 17:02:10] [CUPONS_ML] Consultando página oficial https://www.mercadolivre.com.br/cupons (Cookie presente: True)...
[2026-10-09 17:02:11] [CUPONS_ML] 75 código(s) inválidos descartados (blobs del estado interno de ML o fragmentos de texto).
[2026-10-09 17:02:11] [CUPONS_ML] Se extrajeron exitosamente 5 cupones de ML Oficial.
[2026-10-09 17:02:11] [CUPONS_ML] Limpieza completada: 0 vencidos eliminados, 0 marcados vigente=false.
[2026-10-09 17:02:11] [CUPONS_ML] Cupones ML actualizados: 0 nuevos, 5 refrescados.
[2026-10-09 17:02:11] [CUPONS_ML] Total cupones en cupones.json: 22
[2026-10-09 17:02:11] [CUPONES] Fuente oficial ML refrescada: 5 cupón(es).
[2026-10-09 17:02:11] [CUPONES] Cupones activados en la cuenta del usuario: 17. Solo esos se publican.
[2026-10-09 17:02:11] [CUPONES] Sin cupones nuevos (105 códigos ya vistos).
[2026-10-09 17:08:12] [CUPONS_ML] Consultando página oficial https://www.mercadolivre.com.br/cupons (Cookie presente: True)...
[2026-10-09 17:08:12] [CUPONS_ML] 75 código(s) inválidos descartados (blobs del estado interno de ML o fragmentos de texto).
[2026-10-09 17:08:12] [CUPONS_ML] Se extrajeron exitosamente 5 cupones de ML Oficial.
[2026-10-09 17:08:12] [CUPONS_ML] Limpieza completada: 0 vencidos eliminados, 0 marcados vigente=false.
[2026-10-09 17:08:12] [CUPONS_ML] Cupones ML actualizados: 0 nuevos, 5 refrescados.
[2026-10-09 17:08:12] [CUPONS_ML] Total cupones en cupones.json: 22
[2026-10-09 17:08:12] [CUPONES] Fuente oficial ML refrescada: 5 cupón(es).
[2026-10-09 17:08:12] [CUPONES] Cupones activados en la cuenta del usuario: 17. Solo esos se publican.
[2026-10-09 17:08:12] [CUPONES] Sin cupones nuevos (105 códigos ya vistos).
[2026-10-09 17:18:44] [CUPONS_ML] Consultando página oficial https://www.mercadolivre.com.br/cupons (Cookie presente: True)...
[2026-10-09 17:18:45] [CUPONS_ML] 75 código(s) inválidos descartados (blobs del estado interno de ML o fragmentos de texto).
[2026-10-09 17:18:45] [CUPONS_ML] Se extrajeron exitosamente 5 cupones de ML Oficial.
[2026-10-09 17:18:45] [CUPONS_ML] Limpieza completada: 0 vencidos eliminados, 0 marcados vigente=false.
[2026-10-09 17:18:45] [CUPONS_ML] Cupones ML actualizados: 0 nuevos, 5 refrescados.
[2026-10-09 17:18:45] [CUPONS_ML] Total cupones en cupones.json: 22
[2026-10-09 17:18:45] [CUPONES] Fuente oficial ML refrescada: 5 cupón(es).
[2026-10-09 17:18:45] [CUPONES] Cupones activados en la cuenta del usuario: 17. Solo esos se publican.
[2026-10-09 17:18:45] [CUPONES] Sin cupones nuevos (105 códigos ya vistos).
[2026-10-09 17:25:17] [CUPONS_ML] Consultando página oficial https://www.mercadolivre.com.br/cupons (Cookie presente: True)...
[2026-10-09 17:25:17] [CUPONS_ML] 75 código(s) inválidos descartados (blobs del estado interno de ML o fragmentos de texto).
[2026-10-09 17:25:17] [CUPONS_ML] Se extrajeron exitosamente 5 cupones de ML Oficial.
[2026-10-09 17:25:17] [CUPONS_ML] Limpieza completada: 0 vencidos eliminados, 0 marcados vigente=false.
[2026-10-09 17:25:17] [CUPONS_ML] Cupones ML actualizados: 0 nuevos, 5 refrescados.
[2026-10-09 17:25:17] [CUPONS_ML] Total cupones en cupones.json: 22
[2026-10-09 17:25:17] [CUPONES] Fuente oficial ML refrescada: 5 cupón(es).
[2026-10-09 17:25:17] [CUPONES] Cupones activados en la cuenta del usuario: 17. Solo esos se publican.
[2026-10-09 17:25:17] [CUPONES] Sin cupones nuevos (105 códigos ya vistos).
[2026-10-09 17:37:40] [CUPONS_ML] Consultando página oficial https://www.mercadolivre.com.br/cupons (Cookie presente: True)...
[2026-10-09 17:37:41] [CUPONS_ML] 75 código(s) inválidos descartados (blobs del estado interno de ML o fragmentos de texto).
[2026-10-09 17:37:41] [CUPONS_ML] Se extrajeron exitosamente 5 cupones de ML Oficial.
[2026-10-09 17:37:41] [CUPONS_ML] Limpieza completada: 0 vencidos eliminados, 0 marcados vigente=false.
[2026-10-09 17:37:41] [CUPONS_ML] Cupones ML actualizados: 0 nuevos, 5 refrescados.
[2026-10-09 17:37:41] [CUPONS_ML] Total cupones en cupones.json: 22
[2026-10-09 17:37:41] [CUPONES] Fuente oficial ML refrescada: 5 cupón(es).
[2026-10-09 17:37:41] [CUPONES] Cupones activados en la cuenta del usuario: 17. Solo esos se publican.
[2026-10-09 17:37:41] [CUPONES] Sin cupones nuevos (105 códigos ya vistos).
[2026-10-09 17:44:45] [CUPONS_ML] Consultando página oficial https://www.mercadolivre.com.br/cupons (Cookie presente: True)...
[2026-10-09 17:44:46] [CUPONS_ML] 75 código(s) inválidos descartados (blobs del estado interno de ML o fragmentos de texto).
[2026-10-09 17:44:46] [CUPONS_ML] Se extrajeron exitosamente 5 cupones de ML Oficial.
[2026-10-09 17:44:46] [CUPONS_ML] Limpieza completada: 0 vencidos eliminados, 0 marcados vigente=false.
[2026-10-09 17:44:46] [CUPONS_ML] Cupones ML actualizados: 0 nuevos, 5 refrescados.
[2026-10-09 17:44:46] [CUPONS_ML] Total cupones en cupones.json: 22
[2026-10-09 17:44:46] [CUPONES] Fuente oficial ML refrescada: 5 cupón(es).
[2026-10-09 17:44:46] [CUPONES] Cupones activados en la cuenta del usuario: 17. Solo esos se publican.
[2026-10-09 17:44:46] [CUPONES] Sin cupones nuevos (105 códigos ya vistos).
[2026-10-09 17:50:19] [CUPONS_ML] Consultando página oficial https://www.mercadolivre.com.br/cupons (Cookie presente: True)...
[2026-10-09 17:50:19] [CUPONS_ML] 78 código(s) inválidos descartados (blobs del estado interno de ML o fragmentos de texto).
[2026-10-09 17:50:19] [CUPONS_ML] Se extrajeron exitosamente 5 cupones de ML Oficial.
[2026-10-09 17:50:19] [CUPONS_ML] Limpieza completada: 0 vencidos eliminados, 0 marcados vigente=false.
[2026-10-09 17:50:19] [CUPONS_ML] Cupones ML actualizados: 0 nuevos, 5 refrescados.
[2026-10-09 17:50:19] [CUPONS_ML] Total cupones en cupones.json: 22
[2026-10-09 17:50:19] [CUPONES] Fuente oficial ML refrescada: 5 cupón(es).
[2026-10-09 17:50:19] [CUPONES] Cupones activados en la cuenta del usuario: 17. Solo esos se publican.
[2026-10-09 17:50:19] [CUPONES] Sin cupones nuevos (105 códigos ya vistos).
[2026-10-09 17:58:20] [CUPONS_ML] Consultando página oficial https://www.mercadolivre.com.br/cupons (Cookie presente: True)...
[2026-10-09 17:58:21] [CUPONS_ML] 78 código(s) inválidos descartados (blobs del estado interno de ML o fragmentos de texto).
[2026-10-09 17:58:21] [CUPONS_ML] Se extrajeron exitosamente 5 cupones de ML Oficial.
[2026-10-09 17:58:21] [CUPONS_ML] Limpieza completada: 0 vencidos eliminados, 0 marcados vigente=false.
[2026-10-09 17:58:21] [CUPONS_ML] Cupones ML actualizados: 0 nuevos, 5 refrescados.
[2026-10-09 17:58:21] [CUPONS_ML] Total cupones en cupones.json: 22
[2026-10-09 17:58:21] [CUPONES] Fuente oficial ML refrescada: 5 cupón(es).
[2026-10-09 17:58:21] [CUPONES] Cupones activados en la cuenta del usuario: 17. Solo esos se publican.
[2026-10-09 17:58:21] [CUPONES] Sin cupones nuevos (105 códigos ya vistos).
[2026-10-09 18:09:43] [CUPONS_ML] Consultando página oficial https://www.mercadolivre.com.br/cupons (Cookie presente: True)...
[2026-10-09 18:09:43] [CUPONS_ML] 78 código(s) inválidos descartados (blobs del estado interno de ML o fragmentos de texto).
[2026-10-09 18:09:43] [CUPONS_ML] Se extrajeron exitosamente 5 cupones de ML Oficial.
[2026-10-09 18:09:43] [CUPONS_ML] Limpieza completada: 0 vencidos eliminados, 0 marcados vigente=false.
[2026-10-09 18:09:43] [CUPONS_ML] Cupones ML actualizados: 0 nuevos, 5 refrescados.
[2026-10-09 18:09:43] [CUPONS_ML] Total cupones en cupones.json: 22
[2026-10-09 18:09:43] [CUPONES] Fuente oficial ML refrescada: 5 cupón(es).
[2026-10-09 18:09:43] [CUPONES] Cupones activados en la cuenta del usuario: 17. Solo esos se publican.
[2026-10-09 18:09:43] [CUPONES] Sin cupones nuevos (105 códigos ya vistos).
[2026-10-09 18:15:58] [CUPONS_ML] Consultando página oficial https://www.mercadolivre.com.br/cupons (Cookie presente: True)...
[2026-10-09 18:15:59] [CUPONS_ML] 78 código(s) inválidos descartados (blobs del estado interno de ML o fragmentos de texto).
[2026-10-09 18:15:59] [CUPONS_ML] Se extrajeron exitosamente 5 cupones de ML Oficial.
[2026-10-09 18:15:59] [CUPONS_ML] Limpieza completada: 0 vencidos eliminados, 0 marcados vigente=false.
[2026-10-09 18:15:59] [CUPONS_ML] Cupones ML actualizados: 0 nuevos, 5 refrescados.
[2026-10-09 18:15:59] [CUPONS_ML] Total cupones en cupones.json: 22
[2026-10-09 18:15:59] [CUPONES] Fuente oficial ML refrescada: 5 cupón(es).
[2026-10-09 18:15:59] [CUPONES] Cupones activados en la cuenta del usuario: 17. Solo esos se publican.
[2026-10-09 18:15:59] [CUPONES] Sin cupones nuevos (105 códigos ya vistos).
[2026-10-09 18:24:08] [CUPONS_ML] Consultando página oficial https://www.mercadolivre.com.br/cupons (Cookie presente: True)...
[2026-10-09 18:24:08] [CUPONS_ML] 75 código(s) inválidos descartados (blobs del estado interno de ML o fragmentos de texto).
[2026-10-09 18:24:08] [CUPONS_ML] Se extrajeron exitosamente 5 cupones de ML Oficial.
[2026-10-09 18:24:08] [CUPONS_ML] Limpieza completada: 0 vencidos eliminados, 0 marcados vigente=false.
[2026-10-09 18:24:08] [CUPONS_ML] Cupones ML actualizados: 0 nuevos, 5 refrescados.
[2026-10-09 18:24:08] [CUPONS_ML] Total cupones en cupones.json: 22
[2026-10-09 18:24:08] [CUPONES] Fuente oficial ML refrescada: 5 cupón(es).
[2026-10-09 18:24:08] [CUPONES] Cupones activados en la cuenta del usuario: 17. Solo esos se publican.
[2026-10-09 18:24:08] [CUPONES] Sin cupones nuevos (105 códigos ya vistos).
[2026-10-09 18:34:08] [CUPONS_ML] Consultando página oficial https://www.mercadolivre.com.br/cupons (Cookie presente: True)...
[2026-10-09 18:34:08] [CUPONS_ML] 75 código(s) inválidos descartados (blobs del estado interno de ML o fragmentos de texto).
[2026-10-09 18:34:08] [CUPONS_ML] Se extrajeron exitosamente 5 cupones de ML Oficial.
[2026-10-09 18:34:08] [CUPONS_ML] Limpieza completada: 0 vencidos eliminados, 0 marcados vigente=false.
[2026-10-09 18:34:08] [CUPONS_ML] Cupones ML actualizados: 0 nuevos, 5 refrescados.
[2026-10-09 18:34:08] [CUPONS_ML] Total cupones en cupones.json: 22
[2026-10-09 18:34:08] [CUPONES] Fuente oficial ML refrescada: 5 cupón(es).
[2026-10-09 18:34:08] [CUPONES] Cupones activados en la cuenta del usuario: 17. Solo esos se publican.
[2026-10-09 18:34:08] [CUPONES] Sin cupones nuevos (105 códigos ya vistos).
[2026-10-09 18:39:23] [CUPONS_ML] Consultando página oficial https://www.mercadolivre.com.br/cupons (Cookie presente: True)...
[2026-10-09 18:39:23] [CUPONS_ML] 75 código(s) inválidos descartados (blobs del estado interno de ML o fragmentos de texto).
[2026-10-09 18:39:23] [CUPONS_ML] Se extrajeron exitosamente 5 cupones de ML Oficial.
[2026-10-09 18:39:23] [CUPONS_ML] Limpieza completada: 0 vencidos eliminados, 0 marcados vigente=false.
[2026-10-09 18:39:23] [CUPONS_ML] Cupones ML actualizados: 0 nuevos, 5 refrescados.
[2026-10-09 18:39:23] [CUPONS_ML] Total cupones en cupones.json: 22
[2026-10-09 18:39:23] [CUPONES] Fuente oficial ML refrescada: 5 cupón(es).
[2026-10-09 18:39:23] [CUPONES] Cupones activados en la cuenta del usuario: 17. Solo esos se publican.
[2026-10-09 18:39:23] [CUPONES] Sin cupones nuevos (105 códigos ya vistos).
[2026-10-09 18:47:02] [CUPONS_ML] Consultando página oficial https://www.mercadolivre.com.br/cupons (Cookie presente: True)...
[2026-10-09 18:47:03] [CUPONS_ML] 75 código(s) inválidos descartados (blobs del estado interno de ML o fragmentos de texto).
[2026-10-09 18:47:03] [CUPONS_ML] Se extrajeron exitosamente 5 cupones de ML Oficial.
[2026-10-09 18:47:03] [CUPONS_ML] Limpieza completada: 0 vencidos eliminados, 0 marcados vigente=false.
[2026-10-09 18:47:03] [CUPONS_ML] Cupones ML actualizados: 0 nuevos, 5 refrescados.
[2026-10-09 18:47:03] [CUPONS_ML] Total cupones en cupones.json: 22
[2026-10-09 18:47:03] [CUPONES] Fuente oficial ML refrescada: 5 cupón(es).
[2026-10-09 18:47:03] [CUPONES] Cupones activados en la cuenta del usuario: 17. Solo esos se publican.
[2026-10-09 18:47:03] [CUPONES] Sin cupones nuevos (105 códigos ya vistos).
[2026-10-09 18:55:20] [CUPONS_ML] Consultando página oficial https://www.mercadolivre.com.br/cupons (Cookie presente: True)...
[2026-10-09 18:55:21] [CUPONS_ML] 75 código(s) inválidos descartados (blobs del estado interno de ML o fragmentos de texto).
[2026-10-09 18:55:21] [CUPONS_ML] Se extrajeron exitosamente 5 cupones de ML Oficial.
[2026-10-09 18:55:21] [CUPONS_ML] Limpieza completada: 0 vencidos eliminados, 0 marcados vigente=false.
[2026-10-09 18:55:21] [CUPONS_ML] Cupones ML actualizados: 0 nuevos, 5 refrescados.
[2026-10-09 18:55:21] [CUPONS_ML] Total cupones en cupones.json: 22
[2026-10-09 18:55:21] [CUPONES] Fuente oficial ML refrescada: 5 cupón(es).
[2026-10-09 18:55:21] [CUPONES] Cupones activados en la cuenta del usuario: 17. Solo esos se publican.
[2026-10-09 18:55:21] [CUPONES] Sin cupones nuevos (105 códigos ya vistos).
[2026-10-09 19:05:09] [CUPONS_ML] Consultando página oficial https://www.mercadolivre.com.br/cupons (Cookie presente: True)...
[2026-10-09 19:05:10] [CUPONS_ML] 75 código(s) inválidos descartados (blobs del estado interno de ML o fragmentos de texto).
[2026-10-09 19:05:10] [CUPONS_ML] Se extrajeron exitosamente 5 cupones de ML Oficial.
[2026-10-09 19:05:10] [CUPONS_ML] Limpieza completada: 0 vencidos eliminados, 0 marcados vigente=false.
[2026-10-09 19:05:10] [CUPONS_ML] Cupones ML actualizados: 0 nuevos, 5 refrescados.
[2026-10-09 19:05:10] [CUPONS_ML] Total cupones en cupones.json: 22
[2026-10-09 19:05:10] [CUPONES] Fuente oficial ML refrescada: 5 cupón(es).
[2026-10-09 19:05:10] [CUPONES] Cupones activados en la cuenta del usuario: 17. Solo esos se publican.
[2026-10-09 19:05:10] [CUPONES] Sin cupones nuevos (105 códigos ya vistos).
[2026-10-09 19:15:22] [CUPONS_ML] Consultando página oficial https://www.mercadolivre.com.br/cupons (Cookie presente: True)...
[2026-10-09 19:15:23] [CUPONS_ML] 78 código(s) inválidos descartados (blobs del estado interno de ML o fragmentos de texto).
[2026-10-09 19:15:23] [CUPONS_ML] Se extrajeron exitosamente 5 cupones de ML Oficial.
[2026-10-09 19:15:23] [CUPONS_ML] Limpieza completada: 0 vencidos eliminados, 0 marcados vigente=false.
[2026-10-09 19:15:23] [CUPONS_ML] Cupones ML actualizados: 0 nuevos, 5 refrescados.
[2026-10-09 19:15:23] [CUPONS_ML] Total cupones en cupones.json: 22
[2026-10-09 19:15:23] [CUPONES] Fuente oficial ML refrescada: 5 cupón(es).
[2026-10-09 19:15:23] [CUPONES] Cupones activados en la cuenta del usuario: 17. Solo esos se publican.
[2026-10-09 19:15:23] [CUPONES] Sin cupones nuevos (105 códigos ya vistos).
[2026-10-09 19:25:38] [CUPONS_ML] Consultando página oficial https://www.mercadolivre.com.br/cupons (Cookie presente: True)...
[2026-10-09 19:25:39] [CUPONS_ML] 75 código(s) inválidos descartados (blobs del estado interno de ML o fragmentos de texto).
[2026-10-09 19:25:39] [CUPONS_ML] Se extrajeron exitosamente 5 cupones de ML Oficial.
[2026-10-09 19:25:39] [CUPONS_ML] Limpieza completada: 0 vencidos eliminados, 0 marcados vigente=false.
[2026-10-09 19:25:39] [CUPONS_ML] Cupones ML actualizados: 0 nuevos, 5 refrescados.
[2026-10-09 19:25:39] [CUPONS_ML] Total cupones en cupones.json: 22
[2026-10-09 19:25:39] [CUPONES] Fuente oficial ML refrescada: 5 cupón(es).
[2026-10-09 19:25:39] [CUPONES] Cupones activados en la cuenta del usuario: 17. Solo esos se publican.
[2026-10-09 19:25:39] [CUPONES] Sin cupones nuevos (105 códigos ya vistos).
[2026-10-09 19:31:25] [CUPONS_ML] Consultando página oficial https://www.mercadolivre.com.br/cupons (Cookie presente: True)...
[2026-10-09 19:31:26] [CUPONS_ML] 75 código(s) inválidos descartados (blobs del estado interno de ML o fragmentos de texto).
[2026-10-09 19:31:26] [CUPONS_ML] Se extrajeron exitosamente 5 cupones de ML Oficial.
[2026-10-09 19:31:26] [CUPONS_ML] Limpieza completada: 0 vencidos eliminados, 0 marcados vigente=false.
[2026-10-09 19:31:26] [CUPONS_ML] Cupones ML actualizados: 0 nuevos, 5 refrescados.
[2026-10-09 19:31:26] [CUPONS_ML] Total cupones en cupones.json: 22
[2026-10-09 19:31:26] [CUPONES] Fuente oficial ML refrescada: 5 cupón(es).
[2026-10-09 19:31:26] [CUPONES] Cupones activados en la cuenta del usuario: 17. Solo esos se publican.
[2026-10-09 19:31:26] [CUPONES] Sin cupones nuevos (105 códigos ya vistos).
[2026-10-09 19:39:27] [CUPONS_ML] Consultando página oficial https://www.mercadolivre.com.br/cupons (Cookie presente: True)...
[2026-10-09 19:39:27] [CUPONS_ML] 75 código(s) inválidos descartados (blobs del estado interno de ML o fragmentos de texto).
[2026-10-09 19:39:27] [CUPONS_ML] Se extrajeron exitosamente 5 cupones de ML Oficial.
[2026-10-09 19:39:27] [CUPONS_ML] Limpieza completada: 0 vencidos eliminados, 0 marcados vigente=false.
[2026-10-09 19:39:27] [CUPONS_ML] Cupones ML actualizados: 0 nuevos, 5 refrescados.
[2026-10-09 19:39:27] [CUPONS_ML] Total cupones en cupones.json: 22
[2026-10-09 19:39:27] [CUPONES] Fuente oficial ML refrescada: 5 cupón(es).
[2026-10-09 19:39:27] [CUPONES] Cupones activados en la cuenta del usuario: 17. Solo esos se publican.
[2026-10-09 19:39:27] [CUPONES] Sin cupones nuevos (105 códigos ya vistos).
[2026-10-09 19:39:55] [AGENTE-ML] Consultando scraping de ofertas en Mercado Livre...
[2026-10-09 19:40:29] [AGENTE-ML] Scraping ML: 256 ofertas obtenidas | 48 enlaces de ANUNCIO descartados
[2026-10-09 19:40:29] [AGENTE-ML] Guardados 202 achados en achados_ml.json
[2026-10-09 19:40:30] [CUPONS_ML] Consultando página oficial https://www.mercadolivre.com.br/cupons (Cookie presente: True)...
[2026-10-09 19:40:30] [CUPONS_ML] 75 código(s) inválidos descartados (blobs del estado interno de ML o fragmentos de texto).
[2026-10-09 19:40:30] [CUPONS_ML] Se extrajeron exitosamente 5 cupones de ML Oficial.
[2026-10-09 19:40:30] [CUPONS_ML] Limpieza completada: 0 vencidos eliminados, 0 marcados vigente=false.
[2026-10-09 19:40:30] [CUPONS_ML] Cupones ML actualizados: 0 nuevos, 5 refrescados.
[2026-10-09 19:40:30] [CUPONS_ML] Total cupones en cupones.json: 22
[2026-10-09 19:40:31] [AGENTE-AMAZON] Cosechando ofertas quentes de Amazon en Pelando...
[2026-10-09 19:40:31] [AGENTE-AMAZON] Amazon Pelando: 1 ofertas reales | descartadas: 2 campañas, 0 sin ficha, 1 sin precio legible, 1 duplicadas
[2026-10-09 19:40:31] [AGENTE-AMAZON] Cosechando ofertas quentes de Amazon en Pelando...
[2026-10-09 19:40:34] [AGENTE-AMAZON] Amazon Pelando: 0 ofertas reales | descartadas: 2 campañas, 0 sin ficha, 2 sin precio legible, 1 duplicadas
[2026-10-09 19:40:34] [AGENTE-AMAZON] Cosechando Bestsellers y ofertas de categorías Amazon...
[2026-10-09 19:40:36] [AGENTE-AMAZON] Amazon direct: 0 ofertas cosechadas | categorias OK 0/1 | HTTP {503: 1}
[2026-10-09 19:42:28] [AGENTE-AMAZON] Cosechando ofertas quentes de Amazon en Pelando...
[2026-10-09 19:42:28] [AGENTE-AMAZON] Amazon Pelando: 1 ofertas reales | descartadas: 2 campañas, 0 sin ficha, 1 sin precio legible, 1 duplicadas
[2026-10-09 19:42:28] [AGENTE-AMAZON] Cosechando ofertas quentes de Amazon en Pelando...
[2026-10-09 19:42:31] [AGENTE-AMAZON] Amazon Pelando: 0 ofertas reales | descartadas: 2 campañas, 0 sin ficha, 2 sin precio legible, 1 duplicadas
[2026-10-09 19:42:31] [AGENTE-AMAZON] Cosechando Bestsellers y ofertas de categorías Amazon...
[2026-10-09 19:42:33] [AGENTE-AMAZON] Amazon direct: 0 ofertas cosechadas | categorias OK 0/1 | HTTP {503: 1}
[2026-10-09 19:49:26] [AGENTE-AMAZON] Cosechando ofertas quentes de Amazon en Pelando...
[2026-10-09 19:49:26] [AGENTE-AMAZON] Amazon Pelando: 1 ofertas reales | descartadas: 2 campañas, 0 sin ficha, 1 sin precio legible, 1 duplicadas
[2026-10-09 19:49:26] [AGENTE-AMAZON] Cosechando ofertas quentes de Amazon en Pelando...
[2026-10-09 19:49:29] [AGENTE-AMAZON] Amazon Pelando: 0 ofertas reales | descartadas: 2 campañas, 0 sin ficha, 2 sin precio legible, 1 duplicadas
[2026-10-09 19:49:29] [AGENTE-AMAZON] Cosechando Bestsellers y ofertas de categorías Amazon...
[2026-10-09 19:49:31] [AGENTE-AMAZON] Amazon direct: 0 ofertas cosechadas | categorias OK 0/1 | HTTP {503: 1}
[2026-10-09 19:54:08] [CUPONS_ML] Consultando página oficial https://www.mercadolivre.com.br/cupons (Cookie presente: True)...
[2026-10-09 19:54:09] [CUPONS_ML] 75 código(s) inválidos descartados (blobs del estado interno de ML o fragmentos de texto).
[2026-10-09 19:54:09] [CUPONS_ML] Se extrajeron exitosamente 5 cupones de ML Oficial.
[2026-10-09 19:54:09] [CUPONS_ML] Limpieza completada: 0 vencidos eliminados, 0 marcados vigente=false.
[2026-10-09 19:54:09] [CUPONS_ML] Cupones ML actualizados: 0 nuevos, 5 refrescados.
[2026-10-09 19:54:09] [CUPONS_ML] Total cupones en cupones.json: 25
[2026-10-09 19:54:09] [PELANDO] Scraping Amazon (https://www.pelando.com.br/cupons-de-descontos/amazon)
[2026-10-09 19:54:13] [PELANDO]   Falha ao acessar Amazon
[2026-10-09 19:54:15] [PELANDO] Scraping KaBuM! (https://www.pelando.com.br/cupons-de-descontos/kabum)
[2026-10-09 19:54:19] [PELANDO]   Falha ao acessar KaBuM!
[2026-10-09 19:54:21] [PELANDO] Scraping Mercado Livre (https://www.pelando.com.br/cupons-de-descontos/mercado-livre)
[2026-10-09 19:54:25] [PELANDO]   Falha ao acessar Mercado Livre
[2026-10-09 19:54:27] [PELANDO] Scraping Shopee (https://www.pelando.com.br/cupons-de-descontos/shopee)
[2026-10-09 19:54:32] [PELANDO]   Falha ao acessar Shopee
[2026-10-09 19:54:34] [PELANDO] Scraping Magazine Luiza (https://www.pelando.com.br/cupons-de-descontos/magalu)
[2026-10-09 19:54:38] [PELANDO]   Falha ao acessar Magazine Luiza
[2026-10-09 19:54:40] [PELANDO] Scraping AliExpress (https://www.pelando.com.br/cupons-de-descontos/aliexpress)
[2026-10-09 19:54:44] [PELANDO]   Falha ao acessar AliExpress
[2026-10-09 19:54:46] [PELANDO] Scraping Pichau (https://www.pelando.com.br/cupons-de-descontos/pichau)
[2026-10-09 19:54:50] [PELANDO]   Falha ao acessar Pichau
[2026-10-09 19:54:52] [PELANDO] Scraping Terabyte Shop (https://www.pelando.com.br/cupons-de-descontos/terabyte)
[2026-10-09 19:54:56] [PELANDO]   Falha ao acessar Terabyte Shop
[2026-10-09 19:54:58] [PELANDO] Completado: 0 Pelando + 25 manuales = 25 total
[2026-10-09 19:54:58] [AGENTE-ML] Consultando scraping de ofertas en Mercado Livre...
[2026-10-09 19:55:31] [AGENTE-ML] Scraping ML: 257 ofertas obtenidas | 49 enlaces de ANUNCIO descartados
[2026-10-09 19:55:31] [AGENTE-ML] Guardados 198 achados en achados_ml.json
[2026-10-09 19:55:31] [AGENTE-AMAZON] Cosechando Bestsellers y ofertas de categorías Amazon...
[2026-10-09 19:56:32] [AGENTE-AMAZON] Amazon direct: 119 ofertas cosechadas | categorias OK 8/28 | HTTP {503: 20} | sin tarjetas 4
[2026-10-09 19:56:32] [AGENTE-AMAZON] Cosechando ofertas quentes de Amazon en Pelando...
[2026-10-09 19:56:32] [AGENTE-AMAZON] Pelando Amazon: HTTP 403
[2026-10-09 19:56:32] [AGENTE-AMAZON] Guardados 104 achados en achados_amazon.json
[2026-10-09 19:57:03] [AGENTE-AMAZON] Cosechando ofertas quentes de Amazon en Pelando...
[2026-10-09 19:57:03] [AGENTE-AMAZON] Amazon Pelando: 1 ofertas reales | descartadas: 2 campañas, 0 sin ficha, 1 sin precio legible, 1 duplicadas
[2026-10-09 19:57:03] [AGENTE-AMAZON] Cosechando ofertas quentes de Amazon en Pelando...
[2026-10-09 19:57:06] [AGENTE-AMAZON] Amazon Pelando: 0 ofertas reales | descartadas: 2 campañas, 0 sin ficha, 2 sin precio legible, 1 duplicadas
[2026-10-09 19:57:06] [AGENTE-AMAZON] Cosechando Bestsellers y ofertas de categorías Amazon...
[2026-10-09 19:57:08] [AGENTE-AMAZON] Amazon direct: 0 ofertas cosechadas | categorias OK 0/1 | HTTP {503: 1}
[2026-10-09 19:57:09] [CUPONS_ML] Consultando página oficial https://www.mercadolivre.com.br/cupons (Cookie presente: True)...
[2026-10-09 19:57:09] [CUPONS_ML] 78 código(s) inválidos descartados (blobs del estado interno de ML o fragmentos de texto).
[2026-10-09 19:57:09] [CUPONS_ML] Se extrajeron exitosamente 5 cupones de ML Oficial.
[2026-10-09 19:57:09] [CUPONS_ML] Limpieza completada: 0 vencidos eliminados, 0 marcados vigente=false.
[2026-10-09 19:57:09] [CUPONS_ML] Cupones ML actualizados: 0 nuevos, 5 refrescados.
[2026-10-09 19:57:09] [CUPONS_ML] Total cupones en cupones.json: 25
[2026-10-09 19:57:09] [CUPONES] Fuente oficial ML refrescada: 5 cupón(es).
[2026-10-09 19:57:09] [CUPONES] Cupones activados en la cuenta del usuario: 17. Solo esos se publican.
[2026-10-09 19:57:09] [CUPONES] Descartado TECNOML: no está ACTIVADO en la cuenta del usuario
[2026-10-09 19:57:09] [CUPONES] Sin cupones nuevos (106 códigos ya vistos).
[2026-10-09 20:05:35] [CUPONS_ML] Consultando página oficial https://www.mercadolivre.com.br/cupons (Cookie presente: True)...
[2026-10-09 20:05:36] [CUPONS_ML] 75 código(s) inválidos descartados (blobs del estado interno de ML o fragmentos de texto).
[2026-10-09 20:05:36] [CUPONS_ML] Se extrajeron exitosamente 5 cupones de ML Oficial.
[2026-10-09 20:05:36] [CUPONS_ML] Limpieza completada: 0 vencidos eliminados, 0 marcados vigente=false.
[2026-10-09 20:05:36] [CUPONS_ML] Cupones ML actualizados: 0 nuevos, 5 refrescados.
[2026-10-09 20:05:36] [CUPONS_ML] Total cupones en cupones.json: 25
[2026-10-09 20:05:36] [CUPONES] Fuente oficial ML refrescada: 5 cupón(es).
[2026-10-09 20:05:36] [CUPONES] Cupones activados en la cuenta del usuario: 17. Solo esos se publican.
[2026-10-09 20:05:36] [CUPONES] Sin cupones nuevos (106 códigos ya vistos).
[2026-10-09 20:19:07] [CUPONS_ML] Consultando página oficial https://www.mercadolivre.com.br/cupons (Cookie presente: True)...
[2026-10-09 20:19:08] [CUPONS_ML] 75 código(s) inválidos descartados (blobs del estado interno de ML o fragmentos de texto).
[2026-10-09 20:19:08] [CUPONS_ML] Se extrajeron exitosamente 5 cupones de ML Oficial.
[2026-10-09 20:19:08] [CUPONS_ML] Limpieza completada: 0 vencidos eliminados, 0 marcados vigente=false.
[2026-10-09 20:19:08] [CUPONS_ML] Cupones ML actualizados: 0 nuevos, 5 refrescados.
[2026-10-09 20:19:08] [CUPONS_ML] Total cupones en cupones.json: 25
[2026-10-09 20:19:08] [CUPONES] Fuente oficial ML refrescada: 5 cupón(es).
[2026-10-09 20:19:08] [CUPONES] Cupones activados en la cuenta del usuario: 17. Solo esos se publican.
[2026-10-09 20:19:08] [CUPONES] Sin cupones nuevos (106 códigos ya vistos).
[2026-10-09 20:27:19] [CUPONS_ML] Consultando página oficial https://www.mercadolivre.com.br/cupons (Cookie presente: True)...
[2026-10-09 20:27:20] [CUPONS_ML] 75 código(s) inválidos descartados (blobs del estado interno de ML o fragmentos de texto).
[2026-10-09 20:27:20] [CUPONS_ML] Se extrajeron exitosamente 5 cupones de ML Oficial.
[2026-10-09 20:27:20] [CUPONS_ML] Limpieza completada: 0 vencidos eliminados, 0 marcados vigente=false.
[2026-10-09 20:27:20] [CUPONS_ML] Cupones ML actualizados: 0 nuevos, 5 refrescados.
[2026-10-09 20:27:20] [CUPONS_ML] Total cupones en cupones.json: 25
[2026-10-09 20:27:20] [CUPONES] Fuente oficial ML refrescada: 5 cupón(es).
[2026-10-09 20:27:20] [CUPONES] Cupones activados en la cuenta del usuario: 17. Solo esos se publican.
[2026-10-09 20:27:20] [CUPONES] Sin cupones nuevos (106 códigos ya vistos).
[2026-10-09 20:33:39] [CUPONS_ML] Consultando página oficial https://www.mercadolivre.com.br/cupons (Cookie presente: True)...
[2026-10-09 20:33:39] [CUPONS_ML] 75 código(s) inválidos descartados (blobs del estado interno de ML o fragmentos de texto).
[2026-10-09 20:33:39] [CUPONS_ML] Se extrajeron exitosamente 5 cupones de ML Oficial.
[2026-10-09 20:33:39] [CUPONS_ML] Limpieza completada: 0 vencidos eliminados, 0 marcados vigente=false.
[2026-10-09 20:33:39] [CUPONS_ML] Cupones ML actualizados: 0 nuevos, 5 refrescados.
[2026-10-09 20:33:39] [CUPONS_ML] Total cupones en cupones.json: 25
[2026-10-09 20:33:39] [CUPONES] Fuente oficial ML refrescada: 5 cupón(es).
[2026-10-09 20:33:39] [CUPONES] Cupones activados en la cuenta del usuario: 17. Solo esos se publican.
[2026-10-09 20:33:39] [CUPONES] Sin cupones nuevos (106 códigos ya vistos).
[2026-10-09 20:43:17] [CUPONS_ML] Consultando página oficial https://www.mercadolivre.com.br/cupons (Cookie presente: True)...
[2026-10-09 20:43:17] [CUPONS_ML] 75 código(s) inválidos descartados (blobs del estado interno de ML o fragmentos de texto).
[2026-10-09 20:43:17] [CUPONS_ML] Se extrajeron exitosamente 5 cupones de ML Oficial.
[2026-10-09 20:43:17] [CUPONS_ML] Limpieza completada: 0 vencidos eliminados, 0 marcados vigente=false.
[2026-10-09 20:43:17] [CUPONS_ML] Cupones ML actualizados: 0 nuevos, 5 refrescados.
[2026-10-09 20:43:17] [CUPONS_ML] Total cupones en cupones.json: 25
[2026-10-09 20:43:17] [CUPONES] Fuente oficial ML refrescada: 5 cupón(es).
[2026-10-09 20:43:17] [CUPONES] Cupones activados en la cuenta del usuario: 17. Solo esos se publican.
[2026-10-09 20:43:17] [CUPONES] Sin cupones nuevos (106 códigos ya vistos).
[2026-10-09 20:50:36] [CUPONS_ML] Consultando página oficial https://www.mercadolivre.com.br/cupons (Cookie presente: True)...
[2026-10-09 20:50:37] [CUPONS_ML] 75 código(s) inválidos descartados (blobs del estado interno de ML o fragmentos de texto).
[2026-10-09 20:50:37] [CUPONS_ML] Se extrajeron exitosamente 5 cupones de ML Oficial.
[2026-10-09 20:50:37] [CUPONS_ML] Limpieza completada: 0 vencidos eliminados, 0 marcados vigente=false.
[2026-10-09 20:50:37] [CUPONS_ML] Cupones ML actualizados: 0 nuevos, 5 refrescados.
[2026-10-09 20:50:37] [CUPONS_ML] Total cupones en cupones.json: 25
[2026-10-09 20:50:37] [CUPONES] Fuente oficial ML refrescada: 5 cupón(es).
[2026-10-09 20:50:37] [CUPONES] Cupones activados en la cuenta del usuario: 17. Solo esos se publican.
[2026-10-09 20:50:37] [CUPONES] Sin cupones nuevos (106 códigos ya vistos).
[2026-10-09 20:57:19] [CUPONS_ML] Consultando página oficial https://www.mercadolivre.com.br/cupons (Cookie presente: True)...
[2026-10-09 20:57:20] [CUPONS_ML] 75 código(s) inválidos descartados (blobs del estado interno de ML o fragmentos de texto).
[2026-10-09 20:57:20] [CUPONS_ML] Se extrajeron exitosamente 5 cupones de ML Oficial.
[2026-10-09 20:57:20] [CUPONS_ML] Limpieza completada: 0 vencidos eliminados, 0 marcados vigente=false.
[2026-10-09 20:57:20] [CUPONS_ML] Cupones ML actualizados: 0 nuevos, 5 refrescados.
[2026-10-09 20:57:20] [CUPONS_ML] Total cupones en cupones.json: 25
[2026-10-09 20:57:20] [CUPONES] Fuente oficial ML refrescada: 5 cupón(es).
[2026-10-09 20:57:20] [CUPONES] Cupones activados en la cuenta del usuario: 17. Solo esos se publican.
[2026-10-09 20:57:20] [CUPONES] Sin cupones nuevos (106 códigos ya vistos).
[2026-10-09 21:06:10] [CUPONS_ML] Consultando página oficial https://www.mercadolivre.com.br/cupons (Cookie presente: True)...
[2026-10-09 21:06:11] [CUPONS_ML] 75 código(s) inválidos descartados (blobs del estado interno de ML o fragmentos de texto).
[2026-10-09 21:06:11] [CUPONS_ML] Se extrajeron exitosamente 5 cupones de ML Oficial.
[2026-10-09 21:06:11] [CUPONS_ML] Limpieza completada: 0 vencidos eliminados, 0 marcados vigente=false.
[2026-10-09 21:06:11] [CUPONS_ML] Cupones ML actualizados: 0 nuevos, 5 refrescados.
[2026-10-09 21:06:11] [CUPONS_ML] Total cupones en cupones.json: 25
[2026-10-09 21:06:11] [CUPONES] Fuente oficial ML refrescada: 5 cupón(es).
[2026-10-09 21:06:11] [CUPONES] Cupones activados en la cuenta del usuario: 17. Solo esos se publican.
[2026-10-09 21:06:11] [CUPONES] Sin cupones nuevos (106 códigos ya vistos).
[2026-10-09 21:13:09] [CUPONS_ML] Consultando página oficial https://www.mercadolivre.com.br/cupons (Cookie presente: True)...
[2026-10-09 21:13:10] [CUPONS_ML] 75 código(s) inválidos descartados (blobs del estado interno de ML o fragmentos de texto).
[2026-10-09 21:13:10] [CUPONS_ML] Se extrajeron exitosamente 5 cupones de ML Oficial.
[2026-10-09 21:13:10] [CUPONS_ML] Limpieza completada: 0 vencidos eliminados, 0 marcados vigente=false.
[2026-10-09 21:13:10] [CUPONS_ML] Cupones ML actualizados: 0 nuevos, 5 refrescados.
[2026-10-09 21:13:10] [CUPONS_ML] Total cupones en cupones.json: 25
[2026-10-09 21:13:10] [CUPONES] Fuente oficial ML refrescada: 5 cupón(es).
[2026-10-09 21:13:10] [CUPONES] Cupones activados en la cuenta del usuario: 17. Solo esos se publican.
[2026-10-09 21:13:10] [CUPONES] Sin cupones nuevos (106 códigos ya vistos).
[2026-10-09 21:18:59] [CUPONS_ML] Consultando página oficial https://www.mercadolivre.com.br/cupons (Cookie presente: True)...
[2026-10-09 21:19:00] [CUPONS_ML] 78 código(s) inválidos descartados (blobs del estado interno de ML o fragmentos de texto).
[2026-10-09 21:19:00] [CUPONS_ML] Se extrajeron exitosamente 5 cupones de ML Oficial.
[2026-10-09 21:19:00] [CUPONS_ML] Limpieza completada: 0 vencidos eliminados, 0 marcados vigente=false.
[2026-10-09 21:19:00] [CUPONS_ML] Cupones ML actualizados: 0 nuevos, 5 refrescados.
[2026-10-09 21:19:00] [CUPONS_ML] Total cupones en cupones.json: 25
[2026-10-09 21:19:00] [CUPONES] Fuente oficial ML refrescada: 5 cupón(es).
[2026-10-09 21:19:00] [CUPONES] Cupones activados en la cuenta del usuario: 17. Solo esos se publican.
[2026-10-09 21:19:00] [CUPONES] Sin cupones nuevos (106 códigos ya vistos).
[2026-10-09 21:24:31] [CUPONS_ML] Consultando página oficial https://www.mercadolivre.com.br/cupons (Cookie presente: True)...
[2026-10-09 21:24:32] [CUPONS_ML] 78 código(s) inválidos descartados (blobs del estado interno de ML o fragmentos de texto).
[2026-10-09 21:24:32] [CUPONS_ML] Se extrajeron exitosamente 5 cupones de ML Oficial.
[2026-10-09 21:24:32] [CUPONS_ML] Limpieza completada: 0 vencidos eliminados, 0 marcados vigente=false.
[2026-10-09 21:24:32] [CUPONS_ML] Cupones ML actualizados: 0 nuevos, 5 refrescados.
[2026-10-09 21:24:32] [CUPONS_ML] Total cupones en cupones.json: 25
[2026-10-09 21:24:32] [CUPONES] Fuente oficial ML refrescada: 5 cupón(es).
[2026-10-09 21:24:32] [CUPONES] Cupones activados en la cuenta del usuario: 17. Solo esos se publican.
[2026-10-09 21:24:32] [CUPONES] Sin cupones nuevos (106 códigos ya vistos).
[2026-10-09 21:29:45] [CUPONS_ML] Consultando página oficial https://www.mercadolivre.com.br/cupons (Cookie presente: True)...
[2026-10-09 21:29:45] [CUPONS_ML] 78 código(s) inválidos descartados (blobs del estado interno de ML o fragmentos de texto).
[2026-10-09 21:29:45] [CUPONS_ML] Se extrajeron exitosamente 5 cupones de ML Oficial.
[2026-10-09 21:29:45] [CUPONS_ML] Limpieza completada: 0 vencidos eliminados, 0 marcados vigente=false.
[2026-10-09 21:29:45] [CUPONS_ML] Cupones ML actualizados: 0 nuevos, 5 refrescados.
[2026-10-09 21:29:45] [CUPONS_ML] Total cupones en cupones.json: 25
[2026-10-09 21:29:45] [CUPONES] Fuente oficial ML refrescada: 5 cupón(es).
[2026-10-09 21:29:45] [CUPONES] Cupones activados en la cuenta del usuario: 17. Solo esos se publican.
[2026-10-09 21:29:45] [CUPONES] Sin cupones nuevos (106 códigos ya vistos).
[2026-10-09 21:36:41] [CUPONS_ML] Consultando página oficial https://www.mercadolivre.com.br/cupons (Cookie presente: True)...
[2026-10-09 21:36:42] [CUPONS_ML] 78 código(s) inválidos descartados (blobs del estado interno de ML o fragmentos de texto).
[2026-10-09 21:36:42] [CUPONS_ML] Se extrajeron exitosamente 5 cupones de ML Oficial.
[2026-10-09 21:36:42] [CUPONS_ML] Limpieza completada: 0 vencidos eliminados, 0 marcados vigente=false.
[2026-10-09 21:36:42] [CUPONS_ML] Cupones ML actualizados: 0 nuevos, 5 refrescados.
[2026-10-09 21:36:42] [CUPONS_ML] Total cupones en cupones.json: 25
[2026-10-09 21:36:42] [CUPONES] Fuente oficial ML refrescada: 5 cupón(es).
[2026-10-09 21:36:42] [CUPONES] Cupones activados en la cuenta del usuario: 17. Solo esos se publican.
[2026-10-09 21:36:42] [CUPONES] Sin cupones nuevos (106 códigos ya vistos).
[2026-10-09 21:43:38] [CUPONS_ML] Consultando página oficial https://www.mercadolivre.com.br/cupons (Cookie presente: True)...
[2026-10-09 21:43:38] [CUPONS_ML] 78 código(s) inválidos descartados (blobs del estado interno de ML o fragmentos de texto).
[2026-10-09 21:43:38] [CUPONS_ML] Se extrajeron exitosamente 5 cupones de ML Oficial.
[2026-10-09 21:43:38] [CUPONS_ML] Limpieza completada: 0 vencidos eliminados, 0 marcados vigente=false.
[2026-10-09 21:43:38] [CUPONS_ML] Cupones ML actualizados: 0 nuevos, 5 refrescados.
[2026-10-09 21:43:38] [CUPONS_ML] Total cupones en cupones.json: 25
[2026-10-09 21:43:38] [CUPONES] Fuente oficial ML refrescada: 5 cupón(es).
[2026-10-09 21:43:38] [CUPONES] Cupones activados en la cuenta del usuario: 17. Solo esos se publican.
[2026-10-09 21:43:38] [CUPONES] Sin cupones nuevos (106 códigos ya vistos).
[2026-10-09 21:52:29] [CUPONS_ML] Consultando página oficial https://www.mercadolivre.com.br/cupons (Cookie presente: True)...
[2026-10-09 21:52:30] [CUPONS_ML] 75 código(s) inválidos descartados (blobs del estado interno de ML o fragmentos de texto).
[2026-10-09 21:52:30] [CUPONS_ML] Se extrajeron exitosamente 6 cupones de ML Oficial.
[2026-10-09 21:52:30] [CUPONS_ML] Limpieza completada: 0 vencidos eliminados, 0 marcados vigente=false.
[2026-10-09 21:52:30] [CUPONS_ML] Cupones ML actualizados: 0 nuevos, 6 refrescados.
[2026-10-09 21:52:30] [CUPONS_ML] Total cupones en cupones.json: 25
[2026-10-09 21:52:30] [CUPONES] Fuente oficial ML refrescada: 6 cupón(es).
[2026-10-09 21:52:30] [CUPONES] Cupones activados en la cuenta del usuario: 17. Solo esos se publican.
[2026-10-09 21:52:30] [CUPONES] Sin cupones nuevos (106 códigos ya vistos).
[2026-10-09 22:00:09] [CUPONS_ML] Consultando página oficial https://www.mercadolivre.com.br/cupons (Cookie presente: True)...
[2026-10-09 22:00:10] [CUPONS_ML] 75 código(s) inválidos descartados (blobs del estado interno de ML o fragmentos de texto).
[2026-10-09 22:00:10] [CUPONS_ML] Se extrajeron exitosamente 6 cupones de ML Oficial.
[2026-10-09 22:00:10] [CUPONS_ML] Limpieza completada: 0 vencidos eliminados, 0 marcados vigente=false.
[2026-10-09 22:00:10] [CUPONS_ML] Cupones ML actualizados: 0 nuevos, 6 refrescados.
[2026-10-09 22:00:10] [CUPONS_ML] Total cupones en cupones.json: 25
[2026-10-09 22:00:10] [CUPONES] Fuente oficial ML refrescada: 6 cupón(es).
[2026-10-09 22:00:10] [CUPONES] Cupones activados en la cuenta del usuario: 17. Solo esos se publican.
[2026-10-09 22:00:10] [CUPONES] Sin cupones nuevos (106 códigos ya vistos).
[2026-10-09 22:11:46] [CUPONS_ML] Consultando página oficial https://www.mercadolivre.com.br/cupons (Cookie presente: True)...
[2026-10-09 22:11:47] [CUPONS_ML] 75 código(s) inválidos descartados (blobs del estado interno de ML o fragmentos de texto).
[2026-10-09 22:11:47] [CUPONS_ML] Se extrajeron exitosamente 6 cupones de ML Oficial.
[2026-10-09 22:11:47] [CUPONS_ML] Limpieza completada: 0 vencidos eliminados, 0 marcados vigente=false.
[2026-10-09 22:11:47] [CUPONS_ML] Cupones ML actualizados: 0 nuevos, 6 refrescados.
[2026-10-09 22:11:47] [CUPONS_ML] Total cupones en cupones.json: 25
[2026-10-09 22:11:47] [CUPONES] Fuente oficial ML refrescada: 6 cupón(es).
[2026-10-09 22:11:47] [CUPONES] Cupones activados en la cuenta del usuario: 17. Solo esos se publican.
[2026-10-09 22:11:47] [CUPONES] Sin cupones nuevos (106 códigos ya vistos).
[2026-10-09 22:17:40] [CUPONS_ML] Consultando página oficial https://www.mercadolivre.com.br/cupons (Cookie presente: True)...
[2026-10-09 22:17:41] [CUPONS_ML] 75 código(s) inválidos descartados (blobs del estado interno de ML o fragmentos de texto).
[2026-10-09 22:17:41] [CUPONS_ML] Se extrajeron exitosamente 6 cupones de ML Oficial.
[2026-10-09 22:17:41] [CUPONS_ML] Limpieza completada: 0 vencidos eliminados, 0 marcados vigente=false.
[2026-10-09 22:17:41] [CUPONS_ML] Cupones ML actualizados: 0 nuevos, 6 refrescados.
[2026-10-09 22:17:41] [CUPONS_ML] Total cupones en cupones.json: 25
[2026-10-09 22:17:41] [CUPONES] Fuente oficial ML refrescada: 6 cupón(es).
[2026-10-09 22:17:41] [CUPONES] Cupones activados en la cuenta del usuario: 17. Solo esos se publican.
[2026-10-09 22:17:41] [CUPONES] Sin cupones nuevos (106 códigos ya vistos).
[2026-10-09 22:27:24] [CUPONS_ML] Consultando página oficial https://www.mercadolivre.com.br/cupons (Cookie presente: True)...
[2026-10-09 22:27:25] [CUPONS_ML] 72 código(s) inválidos descartados (blobs del estado interno de ML o fragmentos de texto).
[2026-10-09 22:27:25] [CUPONS_ML] Se extrajeron exitosamente 6 cupones de ML Oficial.
[2026-10-09 22:27:25] [CUPONS_ML] Limpieza completada: 0 vencidos eliminados, 0 marcados vigente=false.
[2026-10-09 22:27:25] [CUPONS_ML] Cupones ML actualizados: 0 nuevos, 6 refrescados.
[2026-10-09 22:27:25] [CUPONS_ML] Total cupones en cupones.json: 25
[2026-10-09 22:27:25] [CUPONES] Fuente oficial ML refrescada: 6 cupón(es).
[2026-10-09 22:27:25] [CUPONES] Cupones activados en la cuenta del usuario: 17. Solo esos se publican.
[2026-10-09 22:27:25] [CUPONES] Sin cupones nuevos (106 códigos ya vistos).
[2026-10-09 22:33:22] [CUPONS_ML] Consultando página oficial https://www.mercadolivre.com.br/cupons (Cookie presente: True)...
[2026-10-09 22:33:23] [CUPONS_ML] 75 código(s) inválidos descartados (blobs del estado interno de ML o fragmentos de texto).
[2026-10-09 22:33:23] [CUPONS_ML] Se extrajeron exitosamente 6 cupones de ML Oficial.
[2026-10-09 22:33:23] [CUPONS_ML] Limpieza completada: 0 vencidos eliminados, 0 marcados vigente=false.
[2026-10-09 22:33:23] [CUPONS_ML] Cupones ML actualizados: 0 nuevos, 6 refrescados.
[2026-10-09 22:33:23] [CUPONS_ML] Total cupones en cupones.json: 25
[2026-10-09 22:33:23] [CUPONES] Fuente oficial ML refrescada: 6 cupón(es).
[2026-10-09 22:33:23] [CUPONES] Cupones activados en la cuenta del usuario: 17. Solo esos se publican.
[2026-10-09 22:33:23] [CUPONES] Sin cupones nuevos (106 códigos ya vistos).
[2026-10-09 22:38:36] [CUPONS_ML] Consultando página oficial https://www.mercadolivre.com.br/cupons (Cookie presente: True)...
[2026-10-09 22:38:37] [CUPONS_ML] 75 código(s) inválidos descartados (blobs del estado interno de ML o fragmentos de texto).
[2026-10-09 22:38:37] [CUPONS_ML] Se extrajeron exitosamente 6 cupones de ML Oficial.
[2026-10-09 22:38:37] [CUPONS_ML] Limpieza completada: 0 vencidos eliminados, 0 marcados vigente=false.
[2026-10-09 22:38:37] [CUPONS_ML] Cupones ML actualizados: 0 nuevos, 6 refrescados.
[2026-10-09 22:38:37] [CUPONS_ML] Total cupones en cupones.json: 25
[2026-10-09 22:38:37] [CUPONES] Fuente oficial ML refrescada: 6 cupón(es).
[2026-10-09 22:38:37] [CUPONES] Cupones activados en la cuenta del usuario: 17. Solo esos se publican.
[2026-10-09 22:38:37] [CUPONES] Sin cupones nuevos (106 códigos ya vistos).
[2026-10-09 22:44:36] [CUPONS_ML] Consultando página oficial https://www.mercadolivre.com.br/cupons (Cookie presente: True)...
[2026-10-09 22:44:36] [CUPONS_ML] 75 código(s) inválidos descartados (blobs del estado interno de ML o fragmentos de texto).
[2026-10-09 22:44:36] [CUPONS_ML] Se extrajeron exitosamente 6 cupones de ML Oficial.
[2026-10-09 22:44:36] [CUPONS_ML] Limpieza completada: 0 vencidos eliminados, 0 marcados vigente=false.
[2026-10-09 22:44:36] [CUPONS_ML] Cupones ML actualizados: 0 nuevos, 6 refrescados.
[2026-10-09 22:44:36] [CUPONS_ML] Total cupones en cupones.json: 25
[2026-10-09 22:44:36] [CUPONES] Fuente oficial ML refrescada: 6 cupón(es).
[2026-10-09 22:44:36] [CUPONES] Cupones activados en la cuenta del usuario: 17. Solo esos se publican.
[2026-10-09 22:44:36] [CUPONES] Sin cupones nuevos (106 códigos ya vistos).
[2026-10-09 22:57:45] [CUPONS_ML] Consultando página oficial https://www.mercadolivre.com.br/cupons (Cookie presente: True)...
[2026-10-09 22:57:46] [CUPONS_ML] 75 código(s) inválidos descartados (blobs del estado interno de ML o fragmentos de texto).
[2026-10-09 22:57:46] [CUPONS_ML] Se extrajeron exitosamente 6 cupones de ML Oficial.
[2026-10-09 22:57:46] [CUPONS_ML] Limpieza completada: 0 vencidos eliminados, 0 marcados vigente=false.
[2026-10-09 22:57:46] [CUPONS_ML] Cupones ML actualizados: 0 nuevos, 6 refrescados.
[2026-10-09 22:57:46] [CUPONS_ML] Total cupones en cupones.json: 25
[2026-10-09 22:57:46] [CUPONES] Fuente oficial ML refrescada: 6 cupón(es).
[2026-10-09 22:57:46] [CUPONES] Cupones activados en la cuenta del usuario: 17. Solo esos se publican.
[2026-10-09 22:57:46] [CUPONES] Sin cupones nuevos (106 códigos ya vistos).
[2026-10-09 23:08:36] [CUPONS_ML] Consultando página oficial https://www.mercadolivre.com.br/cupons (Cookie presente: True)...
[2026-10-09 23:08:37] [CUPONS_ML] 75 código(s) inválidos descartados (blobs del estado interno de ML o fragmentos de texto).
[2026-10-09 23:08:37] [CUPONS_ML] Se extrajeron exitosamente 6 cupones de ML Oficial.
[2026-10-09 23:08:37] [CUPONS_ML] Limpieza completada: 0 vencidos eliminados, 0 marcados vigente=false.
[2026-10-09 23:08:37] [CUPONS_ML] Cupones ML actualizados: 0 nuevos, 6 refrescados.
[2026-10-09 23:08:37] [CUPONS_ML] Total cupones en cupones.json: 25
[2026-10-09 23:08:37] [CUPONES] Fuente oficial ML refrescada: 6 cupón(es).
[2026-10-09 23:08:37] [CUPONES] Cupones activados en la cuenta del usuario: 17. Solo esos se publican.
[2026-10-09 23:08:37] [CUPONES] Sin cupones nuevos (106 códigos ya vistos).
[2026-10-09 23:17:11] [CUPONS_ML] Consultando página oficial https://www.mercadolivre.com.br/cupons (Cookie presente: True)...
[2026-10-09 23:17:12] [CUPONS_ML] 75 código(s) inválidos descartados (blobs del estado interno de ML o fragmentos de texto).
[2026-10-09 23:17:12] [CUPONS_ML] Se extrajeron exitosamente 6 cupones de ML Oficial.
[2026-10-09 23:17:12] [CUPONS_ML] Limpieza completada: 0 vencidos eliminados, 0 marcados vigente=false.
[2026-10-09 23:17:12] [CUPONS_ML] Cupones ML actualizados: 0 nuevos, 6 refrescados.
[2026-10-09 23:17:12] [CUPONS_ML] Total cupones en cupones.json: 25
[2026-10-09 23:17:12] [CUPONES] Fuente oficial ML refrescada: 6 cupón(es).
[2026-10-09 23:17:12] [CUPONES] Cupones activados en la cuenta del usuario: 17. Solo esos se publican.
[2026-10-09 23:17:12] [CUPONES] Sin cupones nuevos (106 códigos ya vistos).
[2026-10-09 23:26:39] [CUPONS_ML] Consultando página oficial https://www.mercadolivre.com.br/cupons (Cookie presente: True)...
[2026-10-09 23:26:40] [CUPONS_ML] 75 código(s) inválidos descartados (blobs del estado interno de ML o fragmentos de texto).
[2026-10-09 23:26:40] [CUPONS_ML] Se extrajeron exitosamente 6 cupones de ML Oficial.
[2026-10-09 23:26:40] [CUPONS_ML] Limpieza completada: 0 vencidos eliminados, 0 marcados vigente=false.
[2026-10-09 23:26:40] [CUPONS_ML] Cupones ML actualizados: 0 nuevos, 6 refrescados.
[2026-10-09 23:26:40] [CUPONS_ML] Total cupones en cupones.json: 25
[2026-10-09 23:26:40] [CUPONES] Fuente oficial ML refrescada: 6 cupón(es).
[2026-10-09 23:26:40] [CUPONES] Cupones activados en la cuenta del usuario: 17. Solo esos se publican.
[2026-10-09 23:26:40] [CUPONES] Sin cupones nuevos (106 códigos ya vistos).
[2026-10-09 23:31:53] [CUPONS_ML] Consultando página oficial https://www.mercadolivre.com.br/cupons (Cookie presente: True)...
[2026-10-09 23:31:53] [CUPONS_ML] 75 código(s) inválidos descartados (blobs del estado interno de ML o fragmentos de texto).
[2026-10-09 23:31:53] [CUPONS_ML] Se extrajeron exitosamente 6 cupones de ML Oficial.
[2026-10-09 23:31:53] [CUPONS_ML] Limpieza completada: 0 vencidos eliminados, 0 marcados vigente=false.
[2026-10-09 23:31:53] [CUPONS_ML] Cupones ML actualizados: 0 nuevos, 6 refrescados.
[2026-10-09 23:31:53] [CUPONS_ML] Total cupones en cupones.json: 25
[2026-10-09 23:31:53] [CUPONES] Fuente oficial ML refrescada: 6 cupón(es).
[2026-10-09 23:31:53] [CUPONES] Cupones activados en la cuenta del usuario: 17. Solo esos se publican.
[2026-10-09 23:31:53] [CUPONES] Sin cupones nuevos (106 códigos ya vistos).
[2026-10-09 23:40:36] [CUPONS_ML] Consultando página oficial https://www.mercadolivre.com.br/cupons (Cookie presente: True)...
[2026-10-09 23:40:36] [CUPONS_ML] 75 código(s) inválidos descartados (blobs del estado interno de ML o fragmentos de texto).
[2026-10-09 23:40:36] [CUPONS_ML] Se extrajeron exitosamente 6 cupones de ML Oficial.
[2026-10-09 23:40:36] [CUPONS_ML] Limpieza completada: 0 vencidos eliminados, 0 marcados vigente=false.
[2026-10-09 23:40:36] [CUPONS_ML] Cupones ML actualizados: 0 nuevos, 6 refrescados.
[2026-10-09 23:40:36] [CUPONS_ML] Total cupones en cupones.json: 25
[2026-10-09 23:40:36] [CUPONES] Fuente oficial ML refrescada: 6 cupón(es).
[2026-10-09 23:40:36] [CUPONES] Cupones activados en la cuenta del usuario: 17. Solo esos se publican.
[2026-10-09 23:40:36] [CUPONES] Sin cupones nuevos (106 códigos ya vistos).
[2026-10-09 23:48:09] [CUPONS_ML] Consultando página oficial https://www.mercadolivre.com.br/cupons (Cookie presente: True)...
[2026-10-09 23:48:09] [CUPONS_ML] 75 código(s) inválidos descartados (blobs del estado interno de ML o fragmentos de texto).
[2026-10-09 23:48:09] [CUPONS_ML] Se extrajeron exitosamente 6 cupones de ML Oficial.
[2026-10-09 23:48:09] [CUPONS_ML] Limpieza completada: 0 vencidos eliminados, 0 marcados vigente=false.
[2026-10-09 23:48:09] [CUPONS_ML] Cupones ML actualizados: 0 nuevos, 6 refrescados.
[2026-10-09 23:48:09] [CUPONS_ML] Total cupones en cupones.json: 25
[2026-10-09 23:48:09] [CUPONES] Fuente oficial ML refrescada: 6 cupón(es).
[2026-10-09 23:48:09] [CUPONES] Cupones activados en la cuenta del usuario: 17. Solo esos se publican.
[2026-10-09 23:48:09] [CUPONES] Sin cupones nuevos (106 códigos ya vistos).
[2026-10-09 23:57:29] [CUPONS_ML] Consultando página oficial https://www.mercadolivre.com.br/cupons (Cookie presente: True)...
[2026-10-09 23:57:29] [CUPONS_ML] 75 código(s) inválidos descartados (blobs del estado interno de ML o fragmentos de texto).
[2026-10-09 23:57:29] [CUPONS_ML] Se extrajeron exitosamente 6 cupones de ML Oficial.
[2026-10-09 23:57:29] [CUPONS_ML] Limpieza completada: 0 vencidos eliminados, 0 marcados vigente=false.
[2026-10-09 23:57:29] [CUPONS_ML] Cupones ML actualizados: 0 nuevos, 6 refrescados.
[2026-10-09 23:57:29] [CUPONS_ML] Total cupones en cupones.json: 25
[2026-10-09 23:57:29] [CUPONES] Fuente oficial ML refrescada: 6 cupón(es).
[2026-10-09 23:57:29] [CUPONES] Cupones activados en la cuenta del usuario: 17. Solo esos se publican.
[2026-10-09 23:57:29] [CUPONES] Sin cupones nuevos (106 códigos ya vistos).
[2026-10-10 00:08:56] [CUPONS_ML] Consultando página oficial https://www.mercadolivre.com.br/cupons (Cookie presente: True)...
[2026-10-10 00:08:57] [CUPONS_ML] 75 código(s) inválidos descartados (blobs del estado interno de ML o fragmentos de texto).
[2026-10-10 00:08:57] [CUPONS_ML] Se extrajeron exitosamente 6 cupones de ML Oficial.
[2026-10-10 00:08:57] [CUPONS_ML] Limpieza completada: 3 vencidos eliminados, 0 marcados vigente=false.
[2026-10-10 00:08:57] [CUPONS_ML] Cupones ML actualizados: 0 nuevos, 6 refrescados.
[2026-10-10 00:08:57] [CUPONS_ML] Total cupones en cupones.json: 22
[2026-10-10 00:08:57] [CUPONES] Fuente oficial ML refrescada: 6 cupón(es).
[2026-10-10 00:08:57] [CUPONES] Cupones activados en la cuenta del usuario: 17. Solo esos se publican.
[2026-10-10 00:08:57] [CUPONES] Sin cupones nuevos (106 códigos ya vistos).
[2026-10-10 00:15:24] [CUPONS_ML] Consultando página oficial https://www.mercadolivre.com.br/cupons (Cookie presente: True)...
[2026-10-10 00:15:24] [CUPONS_ML] 78 código(s) inválidos descartados (blobs del estado interno de ML o fragmentos de texto).
[2026-10-10 00:15:24] [CUPONS_ML] Se extrajeron exitosamente 7 cupones de ML Oficial.
[2026-10-10 00:15:24] [CUPONS_ML] Limpieza completada: 0 vencidos eliminados, 0 marcados vigente=false.
[2026-10-10 00:15:24] [CUPONS_ML] Cupones ML actualizados: 0 nuevos, 7 refrescados.
[2026-10-10 00:15:24] [CUPONS_ML] Total cupones en cupones.json: 22
[2026-10-10 00:15:24] [CUPONES] Fuente oficial ML refrescada: 7 cupón(es).
[2026-10-10 00:15:24] [CUPONES] Cupones activados en la cuenta del usuario: 17. Solo esos se publican.
[2026-10-10 00:15:24] [CUPONES] Sin cupones nuevos (106 códigos ya vistos).
[2026-10-10 00:20:55] [CUPONS_ML] Consultando página oficial https://www.mercadolivre.com.br/cupons (Cookie presente: True)...
[2026-10-10 00:20:55] [CUPONS_ML] 78 código(s) inválidos descartados (blobs del estado interno de ML o fragmentos de texto).
[2026-10-10 00:20:55] [CUPONS_ML] Se extrajeron exitosamente 7 cupones de ML Oficial.
[2026-10-10 00:20:55] [CUPONS_ML] Limpieza completada: 0 vencidos eliminados, 0 marcados vigente=false.
[2026-10-10 00:20:55] [CUPONS_ML] Cupones ML actualizados: 0 nuevos, 7 refrescados.
[2026-10-10 00:20:55] [CUPONS_ML] Total cupones en cupones.json: 22
[2026-10-10 00:20:55] [CUPONES] Fuente oficial ML refrescada: 7 cupón(es).
[2026-10-10 00:20:55] [CUPONES] Cupones activados en la cuenta del usuario: 17. Solo esos se publican.
[2026-10-10 00:20:55] [CUPONES] Sin cupones nuevos (106 códigos ya vistos).
[2026-10-10 00:31:41] [CUPONS_ML] Consultando página oficial https://www.mercadolivre.com.br/cupons (Cookie presente: True)...
[2026-10-10 00:31:42] [CUPONS_ML] 78 código(s) inválidos descartados (blobs del estado interno de ML o fragmentos de texto).
[2026-10-10 00:31:42] [CUPONS_ML] Se extrajeron exitosamente 7 cupones de ML Oficial.
[2026-10-10 00:31:42] [CUPONS_ML] Limpieza completada: 0 vencidos eliminados, 0 marcados vigente=false.
[2026-10-10 00:31:42] [CUPONS_ML] Cupones ML actualizados: 0 nuevos, 7 refrescados.
[2026-10-10 00:31:42] [CUPONS_ML] Total cupones en cupones.json: 22
[2026-10-10 00:31:42] [CUPONES] Fuente oficial ML refrescada: 7 cupón(es).
[2026-10-10 00:31:42] [CUPONES] Cupones activados en la cuenta del usuario: 17. Solo esos se publican.
[2026-10-10 00:31:42] [CUPONES] Sin cupones nuevos (106 códigos ya vistos).
[2026-10-10 00:41:15] [CUPONS_ML] Consultando página oficial https://www.mercadolivre.com.br/cupons (Cookie presente: True)...
[2026-10-10 00:41:16] [CUPONS_ML] 78 código(s) inválidos descartados (blobs del estado interno de ML o fragmentos de texto).
[2026-10-10 00:41:16] [CUPONS_ML] Se extrajeron exitosamente 7 cupones de ML Oficial.
[2026-10-10 00:41:16] [CUPONS_ML] Limpieza completada: 0 vencidos eliminados, 0 marcados vigente=false.
[2026-10-10 00:41:16] [CUPONS_ML] Cupones ML actualizados: 0 nuevos, 7 refrescados.
[2026-10-10 00:41:16] [CUPONS_ML] Total cupones en cupones.json: 22
[2026-10-10 00:41:16] [CUPONES] Fuente oficial ML refrescada: 7 cupón(es).
[2026-10-10 00:41:16] [CUPONES] Cupones activados en la cuenta del usuario: 17. Solo esos se publican.
[2026-10-10 00:41:16] [CUPONES] Sin cupones nuevos (106 códigos ya vistos).
[2026-10-10 00:55:29] [CUPONS_ML] Consultando página oficial https://www.mercadolivre.com.br/cupons (Cookie presente: True)...
[2026-10-10 00:55:29] [CUPONS_ML] 78 código(s) inválidos descartados (blobs del estado interno de ML o fragmentos de texto).
[2026-10-10 00:55:29] [CUPONS_ML] Se extrajeron exitosamente 7 cupones de ML Oficial.
[2026-10-10 00:55:29] [CUPONS_ML] Limpieza completada: 0 vencidos eliminados, 0 marcados vigente=false.
[2026-10-10 00:55:29] [CUPONS_ML] Cupones ML actualizados: 0 nuevos, 7 refrescados.
[2026-10-10 00:55:29] [CUPONS_ML] Total cupones en cupones.json: 22
[2026-10-10 00:55:29] [CUPONES] Fuente oficial ML refrescada: 7 cupón(es).
[2026-10-10 00:55:29] [CUPONES] Cupones activados en la cuenta del usuario: 17. Solo esos se publican.
[2026-10-10 00:55:29] [CUPONES] Sin cupones nuevos (106 códigos ya vistos).
[2026-10-10 01:02:56] [CUPONS_ML] Consultando página oficial https://www.mercadolivre.com.br/cupons (Cookie presente: True)...
[2026-10-10 01:02:56] [CUPONS_ML] 75 código(s) inválidos descartados (blobs del estado interno de ML o fragmentos de texto).
[2026-10-10 01:02:56] [CUPONS_ML] Se extrajeron exitosamente 7 cupones de ML Oficial.
[2026-10-10 01:02:56] [CUPONS_ML] Limpieza completada: 0 vencidos eliminados, 0 marcados vigente=false.
[2026-10-10 01:02:56] [CUPONS_ML] Cupones ML actualizados: 0 nuevos, 7 refrescados.
[2026-10-10 01:02:56] [CUPONS_ML] Total cupones en cupones.json: 22
[2026-10-10 01:02:56] [CUPONES] Fuente oficial ML refrescada: 7 cupón(es).
[2026-10-10 01:02:56] [CUPONES] Cupones activados en la cuenta del usuario: 17. Solo esos se publican.
[2026-10-10 01:02:56] [CUPONES] Sin cupones nuevos (106 códigos ya vistos).
[2026-10-10 01:08:16] [CUPONS_ML] Consultando página oficial https://www.mercadolivre.com.br/cupons (Cookie presente: True)...
[2026-10-10 01:08:16] [CUPONS_ML] 78 código(s) inválidos descartados (blobs del estado interno de ML o fragmentos de texto).
[2026-10-10 01:08:16] [CUPONS_ML] Se extrajeron exitosamente 7 cupones de ML Oficial.
[2026-10-10 01:08:16] [CUPONS_ML] Limpieza completada: 0 vencidos eliminados, 0 marcados vigente=false.
[2026-10-10 01:08:16] [CUPONS_ML] Cupones ML actualizados: 0 nuevos, 7 refrescados.
[2026-10-10 01:08:16] [CUPONS_ML] Total cupones en cupones.json: 22
[2026-10-10 01:08:16] [CUPONES] Fuente oficial ML refrescada: 7 cupón(es).
[2026-10-10 01:08:16] [CUPONES] Cupones activados en la cuenta del usuario: 17. Solo esos se publican.
[2026-10-10 01:08:16] [CUPONES] Sin cupones nuevos (106 códigos ya vistos).
[2026-10-10 01:14:16] [CUPONS_ML] Consultando página oficial https://www.mercadolivre.com.br/cupons (Cookie presente: True)...
[2026-10-10 01:14:17] [CUPONS_ML] 81 código(s) inválidos descartados (blobs del estado interno de ML o fragmentos de texto).
[2026-10-10 01:14:17] [CUPONS_ML] Se extrajeron exitosamente 7 cupones de ML Oficial.
[2026-10-10 01:14:17] [CUPONS_ML] Limpieza completada: 0 vencidos eliminados, 0 marcados vigente=false.
[2026-10-10 01:14:17] [CUPONS_ML] Cupones ML actualizados: 0 nuevos, 7 refrescados.
[2026-10-10 01:14:17] [CUPONS_ML] Total cupones en cupones.json: 22
[2026-10-10 01:14:17] [CUPONES] Fuente oficial ML refrescada: 7 cupón(es).
[2026-10-10 01:14:17] [CUPONES] Cupones activados en la cuenta del usuario: 17. Solo esos se publican.
[2026-10-10 01:14:17] [CUPONES] Sin cupones nuevos (106 códigos ya vistos).
[2026-10-10 01:24:25] [CUPONS_ML] Consultando página oficial https://www.mercadolivre.com.br/cupons (Cookie presente: True)...
[2026-10-10 01:24:26] [CUPONS_ML] 78 código(s) inválidos descartados (blobs del estado interno de ML o fragmentos de texto).
[2026-10-10 01:24:26] [CUPONS_ML] Se extrajeron exitosamente 7 cupones de ML Oficial.
[2026-10-10 01:24:26] [CUPONS_ML] Limpieza completada: 0 vencidos eliminados, 0 marcados vigente=false.
[2026-10-10 01:24:26] [CUPONS_ML] Cupones ML actualizados: 0 nuevos, 7 refrescados.
[2026-10-10 01:24:26] [CUPONS_ML] Total cupones en cupones.json: 22
[2026-10-10 01:24:26] [CUPONES] Fuente oficial ML refrescada: 7 cupón(es).
[2026-10-10 01:24:26] [CUPONES] Cupones activados en la cuenta del usuario: 17. Solo esos se publican.
[2026-10-10 01:24:26] [CUPONES] Sin cupones nuevos (106 códigos ya vistos).
[2026-10-10 01:24:50] [AGENTE-ML] Consultando scraping de ofertas en Mercado Livre...
[2026-10-10 01:25:23] [AGENTE-ML] Scraping ML: 253 ofertas obtenidas | 50 enlaces de ANUNCIO descartados
[2026-10-10 01:25:23] [AGENTE-ML] Guardados 201 achados en achados_ml.json
[2026-10-10 01:25:23] [CUPONS_ML] Consultando página oficial https://www.mercadolivre.com.br/cupons (Cookie presente: True)...
[2026-10-10 01:25:24] [CUPONS_ML] 81 código(s) inválidos descartados (blobs del estado interno de ML o fragmentos de texto).
[2026-10-10 01:25:24] [CUPONS_ML] Se extrajeron exitosamente 7 cupones de ML Oficial.
[2026-10-10 01:25:24] [CUPONS_ML] Limpieza completada: 0 vencidos eliminados, 0 marcados vigente=false.
[2026-10-10 01:25:24] [CUPONS_ML] Cupones ML actualizados: 0 nuevos, 7 refrescados.
[2026-10-10 01:25:24] [CUPONS_ML] Total cupones en cupones.json: 22
[2026-10-10 01:25:24] [AGENTE-AMAZON] Cosechando ofertas quentes de Amazon en Pelando...
[2026-10-10 01:25:24] [AGENTE-AMAZON] Amazon Pelando: 1 ofertas reales | descartadas: 2 campañas, 0 sin ficha, 1 sin precio legible, 1 duplicadas
[2026-10-10 01:25:24] [AGENTE-AMAZON] Cosechando ofertas quentes de Amazon en Pelando...
[2026-10-10 01:25:27] [AGENTE-AMAZON] Amazon Pelando: 0 ofertas reales | descartadas: 2 campañas, 0 sin ficha, 2 sin precio legible, 1 duplicadas
[2026-10-10 01:25:27] [AGENTE-AMAZON] Cosechando Bestsellers y ofertas de categorías Amazon...
[2026-10-10 01:25:29] [AGENTE-AMAZON] Amazon direct: 0 ofertas cosechadas | categorias OK 0/1 | HTTP {503: 1}
[2026-10-10 01:28:24] [AGENTE-AMAZON] Cosechando ofertas quentes de Amazon en Pelando...
[2026-10-10 01:28:24] [AGENTE-AMAZON] Amazon Pelando: 1 ofertas reales | descartadas: 2 campañas, 0 sin ficha, 1 sin precio legible, 1 duplicadas
[2026-10-10 01:28:24] [AGENTE-AMAZON] Cosechando ofertas quentes de Amazon en Pelando...
[2026-10-10 01:28:27] [AGENTE-AMAZON] Amazon Pelando: 0 ofertas reales | descartadas: 2 campañas, 0 sin ficha, 2 sin precio legible, 1 duplicadas
[2026-10-10 01:28:27] [AGENTE-AMAZON] Cosechando Bestsellers y ofertas de categorías Amazon...
[2026-10-10 01:28:29] [AGENTE-AMAZON] Amazon direct: 0 ofertas cosechadas | categorias OK 0/1 | HTTP {503: 1}
[2026-10-10 01:35:28] [AGENTE-AMAZON] Cosechando ofertas quentes de Amazon en Pelando...
[2026-10-10 01:35:28] [AGENTE-AMAZON] Amazon Pelando: 1 ofertas reales | descartadas: 2 campañas, 0 sin ficha, 1 sin precio legible, 1 duplicadas
[2026-10-10 01:35:28] [AGENTE-AMAZON] Cosechando ofertas quentes de Amazon en Pelando...
[2026-10-10 01:35:31] [AGENTE-AMAZON] Amazon Pelando: 0 ofertas reales | descartadas: 2 campañas, 0 sin ficha, 2 sin precio legible, 1 duplicadas
[2026-10-10 01:35:31] [AGENTE-AMAZON] Cosechando Bestsellers y ofertas de categorías Amazon...
[2026-10-10 01:35:33] [AGENTE-AMAZON] Amazon direct: 0 ofertas cosechadas | categorias OK 0/1 | HTTP {503: 1}
[2026-10-10 01:42:26] [AGENTE-AMAZON] Cosechando ofertas quentes de Amazon en Pelando...
[2026-10-10 01:42:26] [AGENTE-AMAZON] Amazon Pelando: 1 ofertas reales | descartadas: 2 campañas, 0 sin ficha, 1 sin precio legible, 1 duplicadas
[2026-10-10 01:42:26] [AGENTE-AMAZON] Cosechando ofertas quentes de Amazon en Pelando...
[2026-10-10 01:42:29] [AGENTE-AMAZON] Amazon Pelando: 0 ofertas reales | descartadas: 2 campañas, 0 sin ficha, 2 sin precio legible, 1 duplicadas
[2026-10-10 01:42:29] [AGENTE-AMAZON] Cosechando Bestsellers y ofertas de categorías Amazon...
[2026-10-10 01:42:31] [AGENTE-AMAZON] Amazon direct: 0 ofertas cosechadas | categorias OK 0/1 | HTTP {503: 1}
[2026-10-10 01:49:28] [AGENTE-AMAZON] Cosechando ofertas quentes de Amazon en Pelando...
[2026-10-10 01:49:28] [AGENTE-AMAZON] Amazon Pelando: 1 ofertas reales | descartadas: 2 campañas, 0 sin ficha, 1 sin precio legible, 1 duplicadas
[2026-10-10 01:49:28] [AGENTE-AMAZON] Cosechando ofertas quentes de Amazon en Pelando...
[2026-10-10 01:49:31] [AGENTE-AMAZON] Amazon Pelando: 0 ofertas reales | descartadas: 2 campañas, 0 sin ficha, 2 sin precio legible, 1 duplicadas
[2026-10-10 01:49:31] [AGENTE-AMAZON] Cosechando Bestsellers y ofertas de categorías Amazon...
[2026-10-10 01:49:33] [AGENTE-AMAZON] Amazon direct: 0 ofertas cosechadas | categorias OK 0/1 | HTTP {503: 1}
[2026-10-10 01:56:29] [AGENTE-AMAZON] Cosechando ofertas quentes de Amazon en Pelando...
[2026-10-10 01:56:29] [AGENTE-AMAZON] Amazon Pelando: 1 ofertas reales | descartadas: 2 campañas, 0 sin ficha, 1 sin precio legible, 1 duplicadas
[2026-10-10 01:56:29] [AGENTE-AMAZON] Cosechando ofertas quentes de Amazon en Pelando...
[2026-10-10 01:56:32] [AGENTE-AMAZON] Amazon Pelando: 0 ofertas reales | descartadas: 2 campañas, 0 sin ficha, 2 sin precio legible, 1 duplicadas
[2026-10-10 01:56:32] [AGENTE-AMAZON] Cosechando Bestsellers y ofertas de categorías Amazon...
[2026-10-10 01:56:34] [AGENTE-AMAZON] Amazon direct: 0 ofertas cosechadas | categorias OK 0/1 | HTTP {503: 1}
[2026-10-10 02:00:33] [AGENTE-AMAZON] Cosechando ofertas quentes de Amazon en Pelando...
[2026-10-10 02:00:33] [AGENTE-AMAZON] Amazon Pelando: 1 ofertas reales | descartadas: 2 campañas, 0 sin ficha, 1 sin precio legible, 1 duplicadas
[2026-10-10 02:00:33] [AGENTE-AMAZON] Cosechando ofertas quentes de Amazon en Pelando...
[2026-10-10 02:00:36] [AGENTE-AMAZON] Amazon Pelando: 0 ofertas reales | descartadas: 2 campañas, 0 sin ficha, 2 sin precio legible, 1 duplicadas
[2026-10-10 02:00:36] [AGENTE-AMAZON] Cosechando Bestsellers y ofertas de categorías Amazon...
[2026-10-10 02:00:38] [AGENTE-AMAZON] Amazon direct: 0 ofertas cosechadas | categorias OK 0/1 | HTTP {503: 1}
[2026-10-10 02:07:29] [AGENTE-AMAZON] Cosechando ofertas quentes de Amazon en Pelando...
[2026-10-10 02:07:29] [AGENTE-AMAZON] Amazon Pelando: 1 ofertas reales | descartadas: 2 campañas, 0 sin ficha, 1 sin precio legible, 1 duplicadas
[2026-10-10 02:07:29] [AGENTE-AMAZON] Cosechando ofertas quentes de Amazon en Pelando...
[2026-10-10 02:07:32] [AGENTE-AMAZON] Amazon Pelando: 0 ofertas reales | descartadas: 2 campañas, 0 sin ficha, 2 sin precio legible, 1 duplicadas
[2026-10-10 02:07:32] [AGENTE-AMAZON] Cosechando Bestsellers y ofertas de categorías Amazon...
[2026-10-10 02:07:34] [AGENTE-AMAZON] Amazon direct: 0 ofertas cosechadas | categorias OK 0/1 | HTTP {503: 1}
[2026-10-10 02:14:27] [AGENTE-AMAZON] Cosechando ofertas quentes de Amazon en Pelando...
[2026-10-10 02:14:27] [AGENTE-AMAZON] Amazon Pelando: 1 ofertas reales | descartadas: 2 campañas, 0 sin ficha, 1 sin precio legible, 1 duplicadas
[2026-10-10 02:14:27] [AGENTE-AMAZON] Cosechando ofertas quentes de Amazon en Pelando...
[2026-10-10 02:14:30] [AGENTE-AMAZON] Amazon Pelando: 0 ofertas reales | descartadas: 2 campañas, 0 sin ficha, 2 sin precio legible, 1 duplicadas
[2026-10-10 02:14:30] [AGENTE-AMAZON] Cosechando Bestsellers y ofertas de categorías Amazon...
[2026-10-10 02:14:32] [AGENTE-AMAZON] Amazon direct: 0 ofertas cosechadas | categorias OK 0/1 | HTTP {503: 1}
[2026-10-10 02:21:27] [AGENTE-AMAZON] Cosechando ofertas quentes de Amazon en Pelando...
[2026-10-10 02:21:27] [AGENTE-AMAZON] Amazon Pelando: 1 ofertas reales | descartadas: 2 campañas, 0 sin ficha, 1 sin precio legible, 1 duplicadas
[2026-10-10 02:21:27] [AGENTE-AMAZON] Cosechando ofertas quentes de Amazon en Pelando...
[2026-10-10 02:21:30] [AGENTE-AMAZON] Amazon Pelando: 0 ofertas reales | descartadas: 2 campañas, 0 sin ficha, 2 sin precio legible, 1 duplicadas
[2026-10-10 02:21:30] [AGENTE-AMAZON] Cosechando Bestsellers y ofertas de categorías Amazon...
[2026-10-10 02:21:32] [AGENTE-AMAZON] Amazon direct: 0 ofertas cosechadas | categorias OK 0/1 | HTTP {503: 1}
[2026-10-10 02:28:31] [AGENTE-AMAZON] Cosechando ofertas quentes de Amazon en Pelando...
[2026-10-10 02:28:31] [AGENTE-AMAZON] Amazon Pelando: 1 ofertas reales | descartadas: 2 campañas, 0 sin ficha, 1 sin precio legible, 1 duplicadas
[2026-10-10 02:28:31] [AGENTE-AMAZON] Cosechando ofertas quentes de Amazon en Pelando...
[2026-10-10 02:28:34] [AGENTE-AMAZON] Amazon Pelando: 0 ofertas reales | descartadas: 2 campañas, 0 sin ficha, 2 sin precio legible, 1 duplicadas
[2026-10-10 02:28:34] [AGENTE-AMAZON] Cosechando Bestsellers y ofertas de categorías Amazon...
[2026-10-10 02:28:36] [AGENTE-AMAZON] Amazon direct: 0 ofertas cosechadas | categorias OK 0/1 | HTTP {503: 1}
[2026-10-10 02:35:33] [AGENTE-AMAZON] Cosechando ofertas quentes de Amazon en Pelando...
[2026-10-10 02:35:33] [AGENTE-AMAZON] Amazon Pelando: 1 ofertas reales | descartadas: 2 campañas, 0 sin ficha, 1 sin precio legible, 1 duplicadas
[2026-10-10 02:35:33] [AGENTE-AMAZON] Cosechando ofertas quentes de Amazon en Pelando...
[2026-10-10 02:35:36] [AGENTE-AMAZON] Amazon Pelando: 0 ofertas reales | descartadas: 2 campañas, 0 sin ficha, 2 sin precio legible, 1 duplicadas
[2026-10-10 02:35:36] [AGENTE-AMAZON] Cosechando Bestsellers y ofertas de categorías Amazon...
[2026-10-10 02:35:38] [AGENTE-AMAZON] Amazon direct: 0 ofertas cosechadas | categorias OK 0/1 | HTTP {503: 1}
[2026-10-10 02:42:33] [AGENTE-AMAZON] Cosechando ofertas quentes de Amazon en Pelando...
[2026-10-10 02:42:33] [AGENTE-AMAZON] Amazon Pelando: 1 ofertas reales | descartadas: 2 campañas, 0 sin ficha, 1 sin precio legible, 1 duplicadas
[2026-10-10 02:42:33] [AGENTE-AMAZON] Cosechando ofertas quentes de Amazon en Pelando...
[2026-10-10 02:42:36] [AGENTE-AMAZON] Amazon Pelando: 0 ofertas reales | descartadas: 2 campañas, 0 sin ficha, 2 sin precio legible, 1 duplicadas
[2026-10-10 02:42:36] [AGENTE-AMAZON] Cosechando Bestsellers y ofertas de categorías Amazon...
[2026-10-10 02:42:38] [AGENTE-AMAZON] Amazon direct: 0 ofertas cosechadas | categorias OK 0/1 | HTTP {503: 1}
[2026-10-10 02:49:22] [AGENTE-AMAZON] Cosechando ofertas quentes de Amazon en Pelando...
[2026-10-10 02:49:22] [AGENTE-AMAZON] Amazon Pelando: 1 ofertas reales | descartadas: 2 campañas, 0 sin ficha, 1 sin precio legible, 1 duplicadas
[2026-10-10 02:49:22] [AGENTE-AMAZON] Cosechando ofertas quentes de Amazon en Pelando...
[2026-10-10 02:49:25] [AGENTE-AMAZON] Amazon Pelando: 0 ofertas reales | descartadas: 2 campañas, 0 sin ficha, 2 sin precio legible, 1 duplicadas
[2026-10-10 02:49:25] [AGENTE-AMAZON] Cosechando Bestsellers y ofertas de categorías Amazon...
[2026-10-10 02:49:27] [AGENTE-AMAZON] Amazon direct: 0 ofertas cosechadas | categorias OK 0/1 | HTTP {503: 1}
[2026-10-10 02:56:26] [AGENTE-AMAZON] Cosechando ofertas quentes de Amazon en Pelando...
[2026-10-10 02:56:26] [AGENTE-AMAZON] Amazon Pelando: 1 ofertas reales | descartadas: 2 campañas, 0 sin ficha, 1 sin precio legible, 1 duplicadas
[2026-10-10 02:56:26] [AGENTE-AMAZON] Cosechando ofertas quentes de Amazon en Pelando...
[2026-10-10 02:56:29] [AGENTE-AMAZON] Amazon Pelando: 0 ofertas reales | descartadas: 2 campañas, 0 sin ficha, 2 sin precio legible, 1 duplicadas
[2026-10-10 02:56:29] [AGENTE-AMAZON] Cosechando Bestsellers y ofertas de categorías Amazon...
[2026-10-10 02:56:31] [AGENTE-AMAZON] Amazon direct: 0 ofertas cosechadas | categorias OK 0/1 | HTTP {503: 1}
[2026-10-10 03:00:40] [AGENTE-AMAZON] Cosechando ofertas quentes de Amazon en Pelando...
[2026-10-10 03:00:40] [AGENTE-AMAZON] Amazon Pelando: 1 ofertas reales | descartadas: 2 campañas, 0 sin ficha, 1 sin precio legible, 1 duplicadas
[2026-10-10 03:00:40] [AGENTE-AMAZON] Cosechando ofertas quentes de Amazon en Pelando...
[2026-10-10 03:00:43] [AGENTE-AMAZON] Amazon Pelando: 0 ofertas reales | descartadas: 2 campañas, 0 sin ficha, 2 sin precio legible, 1 duplicadas
[2026-10-10 03:00:43] [AGENTE-AMAZON] Cosechando Bestsellers y ofertas de categorías Amazon...
[2026-10-10 03:00:45] [AGENTE-AMAZON] Amazon direct: 0 ofertas cosechadas | categorias OK 0/1 | HTTP {503: 1}
[2026-10-10 03:07:22] [AGENTE-AMAZON] Cosechando ofertas quentes de Amazon en Pelando...
[2026-10-10 03:07:22] [AGENTE-AMAZON] Amazon Pelando: 1 ofertas reales | descartadas: 2 campañas, 0 sin ficha, 1 sin precio legible, 1 duplicadas
[2026-10-10 03:07:22] [AGENTE-AMAZON] Cosechando ofertas quentes de Amazon en Pelando...
[2026-10-10 03:07:25] [AGENTE-AMAZON] Amazon Pelando: 0 ofertas reales | descartadas: 2 campañas, 0 sin ficha, 2 sin precio legible, 1 duplicadas
[2026-10-10 03:07:25] [AGENTE-AMAZON] Cosechando Bestsellers y ofertas de categorías Amazon...
[2026-10-10 03:07:27] [AGENTE-AMAZON] Amazon direct: 0 ofertas cosechadas | categorias OK 0/1 | HTTP {503: 1}
[2026-10-10 03:14:24] [AGENTE-AMAZON] Cosechando ofertas quentes de Amazon en Pelando...
[2026-10-10 03:14:24] [AGENTE-AMAZON] Amazon Pelando: 1 ofertas reales | descartadas: 2 campañas, 0 sin ficha, 1 sin precio legible, 1 duplicadas
[2026-10-10 03:14:24] [AGENTE-AMAZON] Cosechando ofertas quentes de Amazon en Pelando...
[2026-10-10 03:14:27] [AGENTE-AMAZON] Amazon Pelando: 0 ofertas reales | descartadas: 2 campañas, 0 sin ficha, 2 sin precio legible, 1 duplicadas
[2026-10-10 03:14:27] [AGENTE-AMAZON] Cosechando Bestsellers y ofertas de categorías Amazon...
[2026-10-10 03:14:29] [AGENTE-AMAZON] Amazon direct: 0 ofertas cosechadas | categorias OK 0/1 | HTTP {503: 1}
[2026-10-10 03:19:32] [CUPONS_ML] Consultando página oficial https://www.mercadolivre.com.br/cupons (Cookie presente: True)...
[2026-10-10 03:19:33] [CUPONS_ML] 93 código(s) inválidos descartados (blobs del estado interno de ML o fragmentos de texto).
[2026-10-10 03:19:33] [CUPONS_ML] Se extrajeron exitosamente 5 cupones de ML Oficial.
[2026-10-10 03:19:33] [CUPONS_ML] Limpieza completada: 0 vencidos eliminados, 0 marcados vigente=false.
[2026-10-10 03:19:33] [CUPONS_ML] Cupones ML actualizados: 0 nuevos, 5 refrescados.
[2026-10-10 03:19:33] [CUPONS_ML] Total cupones en cupones.json: 32
[2026-10-10 03:19:33] [PELANDO] Scraping Amazon (https://www.pelando.com.br/cupons-de-descontos/amazon)
[2026-10-10 03:19:37] [PELANDO]   Falha ao acessar Amazon
[2026-10-10 03:19:39] [PELANDO] Scraping KaBuM! (https://www.pelando.com.br/cupons-de-descontos/kabum)
[2026-10-10 03:19:43] [PELANDO]   Falha ao acessar KaBuM!
[2026-10-10 03:19:45] [PELANDO] Scraping Mercado Livre (https://www.pelando.com.br/cupons-de-descontos/mercado-livre)
[2026-10-10 03:19:49] [PELANDO]   Falha ao acessar Mercado Livre
[2026-10-10 03:19:51] [PELANDO] Scraping Shopee (https://www.pelando.com.br/cupons-de-descontos/shopee)
[2026-10-10 03:19:55] [PELANDO]   Falha ao acessar Shopee
[2026-10-10 03:19:57] [PELANDO] Scraping Magazine Luiza (https://www.pelando.com.br/cupons-de-descontos/magalu)
[2026-10-10 03:20:02] [PELANDO]   Falha ao acessar Magazine Luiza
[2026-10-10 03:20:04] [PELANDO] Scraping AliExpress (https://www.pelando.com.br/cupons-de-descontos/aliexpress)
[2026-10-10 03:20:08] [PELANDO]   Falha ao acessar AliExpress
[2026-10-10 03:20:10] [PELANDO] Scraping Pichau (https://www.pelando.com.br/cupons-de-descontos/pichau)
[2026-10-10 03:20:14] [PELANDO]   Falha ao acessar Pichau
[2026-10-10 03:20:16] [PELANDO] Scraping Terabyte Shop (https://www.pelando.com.br/cupons-de-descontos/terabyte)
[2026-10-10 03:20:20] [PELANDO]   Falha ao acessar Terabyte Shop
[2026-10-10 03:20:22] [PELANDO] Completado: 0 Pelando + 32 manuales = 32 total
[2026-10-10 03:20:22] [AGENTE-ML] Consultando scraping de ofertas en Mercado Livre...
[2026-10-10 03:20:54] [AGENTE-ML] Scraping ML: 242 ofertas obtenidas | 51 enlaces de ANUNCIO descartados
[2026-10-10 03:20:54] [AGENTE-ML] Guardados 191 achados en achados_ml.json
[2026-10-10 03:20:54] [AGENTE-AMAZON] Cosechando Bestsellers y ofertas de categorías Amazon...
[2026-10-10 03:21:53] [AGENTE-AMAZON] Amazon direct: 29 ofertas cosechadas | categorias OK 7/28 | HTTP {503: 21} | sin tarjetas 6
[2026-10-10 03:21:53] [AGENTE-AMAZON] Cosechando ofertas quentes de Amazon en Pelando...
[2026-10-10 03:21:53] [AGENTE-AMAZON] Pelando Amazon: HTTP 403
[2026-10-10 03:21:53] [AGENTE-AMAZON] Guardados 28 achados en achados_amazon.json
[2026-10-10 03:22:16] [AGENTE-AMAZON] Cosechando ofertas quentes de Amazon en Pelando...
[2026-10-10 03:22:16] [AGENTE-AMAZON] Amazon Pelando: 1 ofertas reales | descartadas: 2 campañas, 0 sin ficha, 1 sin precio legible, 1 duplicadas
[2026-10-10 03:22:16] [AGENTE-AMAZON] Cosechando ofertas quentes de Amazon en Pelando...
[2026-10-10 03:22:19] [AGENTE-AMAZON] Amazon Pelando: 0 ofertas reales | descartadas: 2 campañas, 0 sin ficha, 2 sin precio legible, 1 duplicadas
[2026-10-10 03:22:19] [AGENTE-AMAZON] Cosechando Bestsellers y ofertas de categorías Amazon...
[2026-10-10 03:22:21] [AGENTE-AMAZON] Amazon direct: 0 ofertas cosechadas | categorias OK 0/1 | HTTP {503: 1}
[2026-10-10 03:22:22] [CUPONS_ML] Consultando página oficial https://www.mercadolivre.com.br/cupons (Cookie presente: True)...
[2026-10-10 03:22:23] [CUPONS_ML] 96 código(s) inválidos descartados (blobs del estado interno de ML o fragmentos de texto).
[2026-10-10 03:22:23] [CUPONS_ML] Se extrajeron exitosamente 5 cupones de ML Oficial.
[2026-10-10 03:22:23] [CUPONS_ML] Limpieza completada: 0 vencidos eliminados, 0 marcados vigente=false.
[2026-10-10 03:22:23] [CUPONS_ML] Cupones ML actualizados: 0 nuevos, 5 refrescados.
[2026-10-10 03:22:23] [CUPONS_ML] Total cupones en cupones.json: 32
[2026-10-10 03:22:23] [CUPONES] Fuente oficial ML refrescada: 5 cupón(es).
[2026-10-10 03:22:23] [CUPONES] Cupones activados en la cuenta del usuario: 17. Solo esos se publican.
[2026-10-10 03:22:23] [CUPONES] Descartado REFORMA15: no está ACTIVADO en la cuenta del usuario
[2026-10-10 03:22:23] [CUPONES] Descartado MODA10DO10: no está ACTIVADO en la cuenta del usuario
[2026-10-10 03:22:23] [CUPONES] Descartado INSTRUMENTO15: no está ACTIVADO en la cuenta del usuario
[2026-10-10 03:22:23] [CUPONES] Descartado VALEMAIS: no está ACTIVADO en la cuenta del usuario
[2026-10-10 03:22:23] [CUPONES] Descartado NATAL1010: no está ACTIVADO en la cuenta del usuario
[2026-10-10 03:22:23] [CUPONES] Descartado PETSHOP10D10: no está ACTIVADO en la cuenta del usuario
[2026-10-10 03:22:23] [CUPONES] Descartado COMPRANOML: no está ACTIVADO en la cuenta del usuario
[2026-10-10 03:22:23] [CUPONES] Sin cupones nuevos (113 códigos ya vistos).
[2026-10-10 03:49:15] [CUPONS_ML] Consultando página oficial https://www.mercadolivre.com.br/cupons (Cookie presente: True)...
[2026-10-10 03:49:16] [CUPONS_ML] 102 código(s) inválidos descartados (blobs del estado interno de ML o fragmentos de texto).
[2026-10-10 03:49:16] [CUPONS_ML] Se extrajeron exitosamente 5 cupones de ML Oficial.
[2026-10-10 03:49:16] [CUPONS_ML] Limpieza completada: 0 vencidos eliminados, 0 marcados vigente=false.
[2026-10-10 03:49:16] [CUPONS_ML] Cupones ML actualizados: 0 nuevos, 5 refrescados.
[2026-10-10 03:49:16] [CUPONS_ML] Total cupones en cupones.json: 32
[2026-10-10 03:49:16] [CUPONES] Fuente oficial ML refrescada: 5 cupón(es).
[2026-10-10 03:49:16] [CUPONES] Cupones activados en la cuenta del usuario: 17. Solo esos se publican.
[2026-10-10 03:49:16] [CUPONES] Sin cupones nuevos (113 códigos ya vistos).
[2026-10-10 04:19:17] [CUPONS_ML] Consultando página oficial https://www.mercadolivre.com.br/cupons (Cookie presente: True)...
[2026-10-10 04:19:17] [CUPONS_ML] 99 código(s) inválidos descartados (blobs del estado interno de ML o fragmentos de texto).
[2026-10-10 04:19:17] [CUPONS_ML] Se extrajeron exitosamente 5 cupones de ML Oficial.
[2026-10-10 04:19:17] [CUPONS_ML] Limpieza completada: 0 vencidos eliminados, 0 marcados vigente=false.
[2026-10-10 04:19:17] [CUPONS_ML] Cupones ML actualizados: 0 nuevos, 5 refrescados.
[2026-10-10 04:19:17] [CUPONS_ML] Total cupones en cupones.json: 32
[2026-10-10 04:19:17] [CUPONES] Fuente oficial ML refrescada: 5 cupón(es).
[2026-10-10 04:19:17] [CUPONES] Cupones activados en la cuenta del usuario: 17. Solo esos se publican.
[2026-10-10 04:19:17] [CUPONES] Sin cupones nuevos (113 códigos ya vistos).
[2026-10-10 04:54:03] [CUPONS_ML] Consultando página oficial https://www.mercadolivre.com.br/cupons (Cookie presente: True)...
[2026-10-10 04:54:03] [CUPONS_ML] 102 código(s) inválidos descartados (blobs del estado interno de ML o fragmentos de texto).
[2026-10-10 04:54:03] [CUPONS_ML] Se extrajeron exitosamente 5 cupones de ML Oficial.
[2026-10-10 04:54:03] [CUPONS_ML] Limpieza completada: 0 vencidos eliminados, 0 marcados vigente=false.
[2026-10-10 04:54:03] [CUPONS_ML] Cupones ML actualizados: 0 nuevos, 5 refrescados.
[2026-10-10 04:54:03] [CUPONS_ML] Total cupones en cupones.json: 32
[2026-10-10 04:54:03] [CUPONES] Fuente oficial ML refrescada: 5 cupón(es).
[2026-10-10 04:54:03] [CUPONES] Cupones activados en la cuenta del usuario: 17. Solo esos se publican.
[2026-10-10 04:54:03] [CUPONES] Sin cupones nuevos (113 códigos ya vistos).
[2026-10-10 05:30:12] [CUPONS_ML] Consultando página oficial https://www.mercadolivre.com.br/cupons (Cookie presente: True)...
[2026-10-10 05:30:12] [CUPONS_ML] 99 código(s) inválidos descartados (blobs del estado interno de ML o fragmentos de texto).
[2026-10-10 05:30:12] [CUPONS_ML] Se extrajeron exitosamente 5 cupones de ML Oficial.
[2026-10-10 05:30:12] [CUPONS_ML] Limpieza completada: 0 vencidos eliminados, 0 marcados vigente=false.
[2026-10-10 05:30:12] [CUPONS_ML] Cupones ML actualizados: 0 nuevos, 5 refrescados.
[2026-10-10 05:30:12] [CUPONS_ML] Total cupones en cupones.json: 32
[2026-10-10 05:30:12] [CUPONES] Fuente oficial ML refrescada: 5 cupón(es).
[2026-10-10 05:30:12] [CUPONES] Cupones activados en la cuenta del usuario: 17. Solo esos se publican.
[2026-10-10 05:30:12] [CUPONES] Sin cupones nuevos (113 códigos ya vistos).
[2026-10-10 05:50:25] [CUPONS_ML] Consultando página oficial https://www.mercadolivre.com.br/cupons (Cookie presente: True)...
[2026-10-10 05:50:26] [CUPONS_ML] 99 código(s) inválidos descartados (blobs del estado interno de ML o fragmentos de texto).
[2026-10-10 05:50:26] [CUPONS_ML] Se extrajeron exitosamente 5 cupones de ML Oficial.
[2026-10-10 05:50:26] [CUPONS_ML] Limpieza completada: 0 vencidos eliminados, 0 marcados vigente=false.
[2026-10-10 05:50:26] [CUPONS_ML] Cupones ML actualizados: 0 nuevos, 5 refrescados.
[2026-10-10 05:50:26] [CUPONS_ML] Total cupones en cupones.json: 32
[2026-10-10 05:50:26] [CUPONES] Fuente oficial ML refrescada: 5 cupón(es).
[2026-10-10 05:50:26] [CUPONES] Cupones activados en la cuenta del usuario: 17. Solo esos se publican.
[2026-10-10 05:50:26] [CUPONES] Sin cupones nuevos (113 códigos ya vistos).
[2026-10-10 06:12:45] [CUPONS_ML] Consultando página oficial https://www.mercadolivre.com.br/cupons (Cookie presente: True)...
[2026-10-10 06:12:46] [CUPONS_ML] 93 código(s) inválidos descartados (blobs del estado interno de ML o fragmentos de texto).
[2026-10-10 06:12:46] [CUPONS_ML] Se extrajeron exitosamente 7 cupones de ML Oficial.
[2026-10-10 06:12:46] [CUPONS_ML] Limpieza completada: 0 vencidos eliminados, 0 marcados vigente=false.
[2026-10-10 06:12:46] [CUPONS_ML] Cupones ML actualizados: 0 nuevos, 7 refrescados.
[2026-10-10 06:12:46] [CUPONS_ML] Total cupones en cupones.json: 32
[2026-10-10 06:12:46] [CUPONES] Fuente oficial ML refrescada: 7 cupón(es).
[2026-10-10 06:12:46] [CUPONES] Cupones activados en la cuenta del usuario: 17. Solo esos se publican.
[2026-10-10 06:12:46] [CUPONES] Sin cupones nuevos (113 códigos ya vistos).
[2026-10-10 06:50:40] [CUPONS_ML] Consultando página oficial https://www.mercadolivre.com.br/cupons (Cookie presente: True)...
[2026-10-10 06:50:40] [CUPONS_ML] 90 código(s) inválidos descartados (blobs del estado interno de ML o fragmentos de texto).
[2026-10-10 06:50:40] [CUPONS_ML] Se extrajeron exitosamente 7 cupones de ML Oficial.
[2026-10-10 06:50:40] [CUPONS_ML] Limpieza completada: 0 vencidos eliminados, 0 marcados vigente=false.
[2026-10-10 06:50:40] [CUPONS_ML] Cupones ML actualizados: 0 nuevos, 7 refrescados.
[2026-10-10 06:50:40] [CUPONS_ML] Total cupones en cupones.json: 32
[2026-10-10 06:50:40] [CUPONES] Fuente oficial ML refrescada: 7 cupón(es).
[2026-10-10 06:50:40] [CUPONES] Cupones activados en la cuenta del usuario: 17. Solo esos se publican.
[2026-10-10 06:50:40] [CUPONES] Sin cupones nuevos (113 códigos ya vistos).
[2026-10-10 07:29:56] [CUPONS_ML] Consultando página oficial https://www.mercadolivre.com.br/cupons (Cookie presente: True)...
[2026-10-10 07:29:56] [CUPONS_ML] 96 código(s) inválidos descartados (blobs del estado interno de ML o fragmentos de texto).
[2026-10-10 07:29:56] [CUPONS_ML] Se extrajeron exitosamente 6 cupones de ML Oficial.
[2026-10-10 07:29:56] [CUPONS_ML] Limpieza completada: 0 vencidos eliminados, 0 marcados vigente=false.
[2026-10-10 07:29:56] [CUPONS_ML] Cupones ML actualizados: 0 nuevos, 6 refrescados.
[2026-10-10 07:29:56] [CUPONS_ML] Total cupones en cupones.json: 32
[2026-10-10 07:29:56] [CUPONES] Fuente oficial ML refrescada: 6 cupón(es).
[2026-10-10 07:29:56] [CUPONES] Cupones activados en la cuenta del usuario: 17. Solo esos se publican.
[2026-10-10 07:29:56] [CUPONES] Sin cupones nuevos (113 códigos ya vistos).
[2026-10-10 07:56:12] [CUPONS_ML] Consultando página oficial https://www.mercadolivre.com.br/cupons (Cookie presente: True)...
[2026-10-10 07:56:13] [CUPONS_ML] 96 código(s) inválidos descartados (blobs del estado interno de ML o fragmentos de texto).
[2026-10-10 07:56:13] [CUPONS_ML] Se extrajeron exitosamente 6 cupones de ML Oficial.
[2026-10-10 07:56:13] [CUPONS_ML] Limpieza completada: 0 vencidos eliminados, 0 marcados vigente=false.
[2026-10-10 07:56:13] [CUPONS_ML] Cupones ML actualizados: 0 nuevos, 6 refrescados.
[2026-10-10 07:56:13] [CUPONS_ML] Total cupones en cupones.json: 32
[2026-10-10 07:56:13] [CUPONES] Fuente oficial ML refrescada: 6 cupón(es).
[2026-10-10 07:56:13] [CUPONES] Cupones activados en la cuenta del usuario: 17. Solo esos se publican.
[2026-10-10 07:56:13] [CUPONES] Sin cupones nuevos (113 códigos ya vistos).
[2026-10-10 08:34:56] [CUPONS_ML] Consultando página oficial https://www.mercadolivre.com.br/cupons (Cookie presente: True)...
[2026-10-10 08:34:56] [CUPONS_ML] 96 código(s) inválidos descartados (blobs del estado interno de ML o fragmentos de texto).
[2026-10-10 08:34:56] [CUPONS_ML] Se extrajeron exitosamente 6 cupones de ML Oficial.
[2026-10-10 08:34:56] [CUPONS_ML] Limpieza completada: 0 vencidos eliminados, 0 marcados vigente=false.
[2026-10-10 08:34:56] [CUPONS_ML] Cupones ML actualizados: 0 nuevos, 6 refrescados.
[2026-10-10 08:34:56] [CUPONS_ML] Total cupones en cupones.json: 32
[2026-10-10 08:34:56] [CUPONES] Fuente oficial ML refrescada: 6 cupón(es).
[2026-10-10 08:34:56] [CUPONES] Cupones activados en la cuenta del usuario: 17. Solo esos se publican.
[2026-10-10 08:34:56] [CUPONES] Sin cupones nuevos (113 códigos ya vistos).
[2026-10-10 08:35:26] [AGENTE-ML] Consultando scraping de ofertas en Mercado Livre...
[2026-10-10 08:35:57] [AGENTE-ML] Scraping ML: 262 ofertas obtenidas | 48 enlaces de ANUNCIO descartados
[2026-10-10 08:35:57] [AGENTE-ML] Guardados 208 achados en achados_ml.json
[2026-10-10 08:35:57] [CUPONS_ML] Consultando página oficial https://www.mercadolivre.com.br/cupons (Cookie presente: True)...
[2026-10-10 08:35:58] [CUPONS_ML] 96 código(s) inválidos descartados (blobs del estado interno de ML o fragmentos de texto).
[2026-10-10 08:35:58] [CUPONS_ML] Se extrajeron exitosamente 6 cupones de ML Oficial.
[2026-10-10 08:35:58] [CUPONS_ML] Limpieza completada: 0 vencidos eliminados, 0 marcados vigente=false.
[2026-10-10 08:35:58] [CUPONS_ML] Cupones ML actualizados: 0 nuevos, 6 refrescados.
[2026-10-10 08:35:58] [CUPONS_ML] Total cupones en cupones.json: 32
[2026-10-10 08:35:59] [AGENTE-AMAZON] Cosechando ofertas quentes de Amazon en Pelando...
[2026-10-10 08:35:59] [AGENTE-AMAZON] Amazon Pelando: 1 ofertas reales | descartadas: 2 campañas, 0 sin ficha, 1 sin precio legible, 1 duplicadas
[2026-10-10 08:35:59] [AGENTE-AMAZON] Cosechando ofertas quentes de Amazon en Pelando...
[2026-10-10 08:36:02] [AGENTE-AMAZON] Amazon Pelando: 0 ofertas reales | descartadas: 2 campañas, 0 sin ficha, 2 sin precio legible, 1 duplicadas
[2026-10-10 08:36:02] [AGENTE-AMAZON] Cosechando Bestsellers y ofertas de categorías Amazon...
[2026-10-10 08:36:04] [AGENTE-AMAZON] Amazon direct: 0 ofertas cosechadas | categorias OK 0/1 | HTTP {503: 1}
[2026-10-10 08:36:31] [AGENTE-AMAZON] Cosechando ofertas quentes de Amazon en Pelando...
[2026-10-10 08:36:31] [AGENTE-AMAZON] Amazon Pelando: 1 ofertas reales | descartadas: 2 campañas, 0 sin ficha, 1 sin precio legible, 1 duplicadas
[2026-10-10 08:36:31] [AGENTE-AMAZON] Cosechando ofertas quentes de Amazon en Pelando...
[2026-10-10 08:36:34] [AGENTE-AMAZON] Amazon Pelando: 0 ofertas reales | descartadas: 2 campañas, 0 sin ficha, 2 sin precio legible, 1 duplicadas
[2026-10-10 08:36:34] [AGENTE-AMAZON] Cosechando Bestsellers y ofertas de categorías Amazon...
[2026-10-10 08:36:36] [AGENTE-AMAZON] Amazon direct: 0 ofertas cosechadas | categorias OK 0/1 | HTTP {503: 1}
[2026-10-10 08:42:22] [AGENTE-AMAZON] Cosechando ofertas quentes de Amazon en Pelando...
[2026-10-10 08:42:22] [AGENTE-AMAZON] Amazon Pelando: 1 ofertas reales | descartadas: 2 campañas, 0 sin ficha, 1 sin precio legible, 1 duplicadas
[2026-10-10 08:42:22] [AGENTE-AMAZON] Cosechando ofertas quentes de Amazon en Pelando...
[2026-10-10 08:42:25] [AGENTE-AMAZON] Amazon Pelando: 0 ofertas reales | descartadas: 2 campañas, 0 sin ficha, 2 sin precio legible, 1 duplicadas
[2026-10-10 08:42:25] [AGENTE-AMAZON] Cosechando Bestsellers y ofertas de categorías Amazon...
[2026-10-10 08:42:27] [AGENTE-AMAZON] Amazon direct: 0 ofertas cosechadas | categorias OK 0/1 | HTTP {503: 1}
[2026-10-10 08:49:26] [AGENTE-AMAZON] Cosechando ofertas quentes de Amazon en Pelando...
[2026-10-10 08:49:26] [AGENTE-AMAZON] Amazon Pelando: 1 ofertas reales | descartadas: 2 campañas, 0 sin ficha, 1 sin precio legible, 1 duplicadas
[2026-10-10 08:49:26] [AGENTE-AMAZON] Cosechando ofertas quentes de Amazon en Pelando...
[2026-10-10 08:49:29] [AGENTE-AMAZON] Amazon Pelando: 0 ofertas reales | descartadas: 2 campañas, 0 sin ficha, 2 sin precio legible, 1 duplicadas
[2026-10-10 08:49:29] [AGENTE-AMAZON] Cosechando Bestsellers y ofertas de categorías Amazon...
[2026-10-10 08:49:31] [AGENTE-AMAZON] Amazon direct: 0 ofertas cosechadas | categorias OK 0/1 | HTTP {503: 1}
[2026-10-10 08:56:24] [AGENTE-AMAZON] Cosechando ofertas quentes de Amazon en Pelando...
[2026-10-10 08:56:24] [AGENTE-AMAZON] Amazon Pelando: 1 ofertas reales | descartadas: 2 campañas, 0 sin ficha, 1 sin precio legible, 1 duplicadas
[2026-10-10 08:56:24] [AGENTE-AMAZON] Cosechando ofertas quentes de Amazon en Pelando...
[2026-10-10 08:56:27] [AGENTE-AMAZON] Amazon Pelando: 0 ofertas reales | descartadas: 2 campañas, 0 sin ficha, 2 sin precio legible, 1 duplicadas
[2026-10-10 08:56:27] [AGENTE-AMAZON] Cosechando Bestsellers y ofertas de categorías Amazon...
[2026-10-10 08:56:29] [AGENTE-AMAZON] Amazon direct: 0 ofertas cosechadas | categorias OK 0/1 | HTTP {503: 1}
[2026-10-10 09:00:38] [AGENTE-AMAZON] Cosechando ofertas quentes de Amazon en Pelando...
[2026-10-10 09:00:38] [AGENTE-AMAZON] Amazon Pelando: 1 ofertas reales | descartadas: 2 campañas, 0 sin ficha, 1 sin precio legible, 1 duplicadas
[2026-10-10 09:00:38] [AGENTE-AMAZON] Cosechando ofertas quentes de Amazon en Pelando...
[2026-10-10 09:00:41] [AGENTE-AMAZON] Amazon Pelando: 0 ofertas reales | descartadas: 2 campañas, 0 sin ficha, 2 sin precio legible, 1 duplicadas
[2026-10-10 09:00:41] [AGENTE-AMAZON] Cosechando Bestsellers y ofertas de categorías Amazon...
[2026-10-10 09:00:43] [AGENTE-AMAZON] Amazon direct: 0 ofertas cosechadas | categorias OK 0/1 | HTTP {503: 1}
[2026-10-10 09:07:25] [AGENTE-AMAZON] Cosechando ofertas quentes de Amazon en Pelando...
[2026-10-10 09:07:25] [AGENTE-AMAZON] Amazon Pelando: 1 ofertas reales | descartadas: 2 campañas, 0 sin ficha, 1 sin precio legible, 1 duplicadas
[2026-10-10 09:07:25] [AGENTE-AMAZON] Cosechando ofertas quentes de Amazon en Pelando...
[2026-10-10 09:07:28] [AGENTE-AMAZON] Amazon Pelando: 0 ofertas reales | descartadas: 2 campañas, 0 sin ficha, 2 sin precio legible, 1 duplicadas
[2026-10-10 09:07:28] [AGENTE-AMAZON] Cosechando Bestsellers y ofertas de categorías Amazon...
[2026-10-10 09:07:30] [AGENTE-AMAZON] Amazon direct: 0 ofertas cosechadas | categorias OK 0/1 | HTTP {503: 1}
[2026-10-10 09:14:30] [AGENTE-AMAZON] Cosechando ofertas quentes de Amazon en Pelando...
[2026-10-10 09:14:30] [AGENTE-AMAZON] Amazon Pelando: 1 ofertas reales | descartadas: 2 campañas, 0 sin ficha, 1 sin precio legible, 1 duplicadas
[2026-10-10 09:14:30] [AGENTE-AMAZON] Cosechando ofertas quentes de Amazon en Pelando...
[2026-10-10 09:14:33] [AGENTE-AMAZON] Amazon Pelando: 0 ofertas reales | descartadas: 2 campañas, 0 sin ficha, 2 sin precio legible, 1 duplicadas
[2026-10-10 09:14:33] [AGENTE-AMAZON] Cosechando Bestsellers y ofertas de categorías Amazon...
[2026-10-10 09:14:35] [AGENTE-AMAZON] Amazon direct: 0 ofertas cosechadas | categorias OK 0/1 | HTTP {503: 1}
[2026-10-10 09:21:23] [AGENTE-AMAZON] Cosechando ofertas quentes de Amazon en Pelando...
[2026-10-10 09:21:23] [AGENTE-AMAZON] Amazon Pelando: 1 ofertas reales | descartadas: 2 campañas, 0 sin ficha, 1 sin precio legible, 1 duplicadas
[2026-10-10 09:21:23] [AGENTE-AMAZON] Cosechando ofertas quentes de Amazon en Pelando...
[2026-10-10 09:21:26] [AGENTE-AMAZON] Amazon Pelando: 0 ofertas reales | descartadas: 2 campañas, 0 sin ficha, 2 sin precio legible, 1 duplicadas
[2026-10-10 09:21:26] [AGENTE-AMAZON] Cosechando Bestsellers y ofertas de categorías Amazon...
[2026-10-10 09:21:28] [AGENTE-AMAZON] Amazon direct: 0 ofertas cosechadas | categorias OK 0/1 | HTTP {503: 1}
[2026-10-10 09:28:28] [AGENTE-AMAZON] Cosechando ofertas quentes de Amazon en Pelando...
[2026-10-10 09:28:28] [AGENTE-AMAZON] Amazon Pelando: 1 ofertas reales | descartadas: 2 campañas, 0 sin ficha, 1 sin precio legible, 1 duplicadas
[2026-10-10 09:28:28] [AGENTE-AMAZON] Cosechando ofertas quentes de Amazon en Pelando...
[2026-10-10 09:28:31] [AGENTE-AMAZON] Amazon Pelando: 0 ofertas reales | descartadas: 2 campañas, 0 sin ficha, 2 sin precio legible, 1 duplicadas
[2026-10-10 09:28:31] [AGENTE-AMAZON] Cosechando Bestsellers y ofertas de categorías Amazon...
[2026-10-10 09:28:33] [AGENTE-AMAZON] Amazon direct: 0 ofertas cosechadas | categorias OK 0/1 | HTTP {503: 1}
[2026-10-10 09:35:24] [AGENTE-AMAZON] Cosechando ofertas quentes de Amazon en Pelando...
[2026-10-10 09:35:24] [AGENTE-AMAZON] Amazon Pelando: 1 ofertas reales | descartadas: 2 campañas, 0 sin ficha, 1 sin precio legible, 1 duplicadas
[2026-10-10 09:35:24] [AGENTE-AMAZON] Cosechando ofertas quentes de Amazon en Pelando...
[2026-10-10 09:35:27] [AGENTE-AMAZON] Amazon Pelando: 0 ofertas reales | descartadas: 2 campañas, 0 sin ficha, 2 sin precio legible, 1 duplicadas
[2026-10-10 09:35:27] [AGENTE-AMAZON] Cosechando Bestsellers y ofertas de categorías Amazon...
[2026-10-10 09:35:29] [AGENTE-AMAZON] Amazon direct: 0 ofertas cosechadas | categorias OK 0/1 | HTTP {503: 1}
[2026-10-10 09:42:30] [AGENTE-AMAZON] Cosechando ofertas quentes de Amazon en Pelando...
[2026-10-10 09:42:30] [AGENTE-AMAZON] Amazon Pelando: 1 ofertas reales | descartadas: 2 campañas, 0 sin ficha, 1 sin precio legible, 1 duplicadas
[2026-10-10 09:42:30] [AGENTE-AMAZON] Cosechando ofertas quentes de Amazon en Pelando...
[2026-10-10 09:42:33] [AGENTE-AMAZON] Amazon Pelando: 0 ofertas reales | descartadas: 2 campañas, 0 sin ficha, 2 sin precio legible, 1 duplicadas
[2026-10-10 09:42:33] [AGENTE-AMAZON] Cosechando Bestsellers y ofertas de categorías Amazon...
[2026-10-10 09:42:35] [AGENTE-AMAZON] Amazon direct: 0 ofertas cosechadas | categorias OK 0/1 | HTTP {503: 1}
[2026-10-10 09:49:26] [AGENTE-AMAZON] Cosechando ofertas quentes de Amazon en Pelando...
[2026-10-10 09:49:27] [AGENTE-AMAZON] Amazon Pelando: 1 ofertas reales | descartadas: 2 campañas, 0 sin ficha, 1 sin precio legible, 1 duplicadas
[2026-10-10 09:49:27] [AGENTE-AMAZON] Cosechando ofertas quentes de Amazon en Pelando...
[2026-10-10 09:49:30] [AGENTE-AMAZON] Amazon Pelando: 0 ofertas reales | descartadas: 2 campañas, 0 sin ficha, 2 sin precio legible, 1 duplicadas
[2026-10-10 09:49:30] [AGENTE-AMAZON] Cosechando Bestsellers y ofertas de categorías Amazon...
[2026-10-10 09:49:32] [AGENTE-AMAZON] Amazon direct: 0 ofertas cosechadas | categorias OK 0/1 | HTTP {503: 1}
[2026-10-10 09:56:26] [AGENTE-AMAZON] Cosechando ofertas quentes de Amazon en Pelando...
[2026-10-10 09:56:26] [AGENTE-AMAZON] Amazon Pelando: 1 ofertas reales | descartadas: 2 campañas, 0 sin ficha, 1 sin precio legible, 1 duplicadas
[2026-10-10 09:56:26] [AGENTE-AMAZON] Cosechando ofertas quentes de Amazon en Pelando...
[2026-10-10 09:56:29] [AGENTE-AMAZON] Amazon Pelando: 0 ofertas reales | descartadas: 2 campañas, 0 sin ficha, 2 sin precio legible, 1 duplicadas
[2026-10-10 09:56:29] [AGENTE-AMAZON] Cosechando Bestsellers y ofertas de categorías Amazon...
[2026-10-10 09:56:31] [AGENTE-AMAZON] Amazon direct: 0 ofertas cosechadas | categorias OK 0/1 | HTTP {503: 1}
[2026-10-10 10:00:41] [AGENTE-AMAZON] Cosechando ofertas quentes de Amazon en Pelando...
[2026-10-10 10:00:41] [AGENTE-AMAZON] Amazon Pelando: 1 ofertas reales | descartadas: 2 campañas, 0 sin ficha, 1 sin precio legible, 1 duplicadas
[2026-10-10 10:00:41] [AGENTE-AMAZON] Cosechando ofertas quentes de Amazon en Pelando...
[2026-10-10 10:00:44] [AGENTE-AMAZON] Amazon Pelando: 0 ofertas reales | descartadas: 2 campañas, 0 sin ficha, 2 sin precio legible, 1 duplicadas
[2026-10-10 10:00:44] [AGENTE-AMAZON] Cosechando Bestsellers y ofertas de categorías Amazon...
[2026-10-10 10:00:46] [AGENTE-AMAZON] Amazon direct: 0 ofertas cosechadas | categorias OK 0/1 | HTTP {503: 1}
[2026-10-10 10:07:28] [AGENTE-AMAZON] Cosechando ofertas quentes de Amazon en Pelando...
[2026-10-10 10:07:28] [AGENTE-AMAZON] Amazon Pelando: 1 ofertas reales | descartadas: 2 campañas, 0 sin ficha, 1 sin precio legible, 1 duplicadas
[2026-10-10 10:07:28] [AGENTE-AMAZON] Cosechando ofertas quentes de Amazon en Pelando...
[2026-10-10 10:07:31] [AGENTE-AMAZON] Amazon Pelando: 0 ofertas reales | descartadas: 2 campañas, 0 sin ficha, 2 sin precio legible, 1 duplicadas
[2026-10-10 10:07:31] [AGENTE-AMAZON] Cosechando Bestsellers y ofertas de categorías Amazon...
[2026-10-10 10:07:33] [AGENTE-AMAZON] Amazon direct: 0 ofertas cosechadas | categorias OK 0/1 | HTTP {503: 1}
[2026-10-10 10:14:23] [AGENTE-AMAZON] Cosechando ofertas quentes de Amazon en Pelando...
[2026-10-10 10:14:23] [AGENTE-AMAZON] Amazon Pelando: 1 ofertas reales | descartadas: 2 campañas, 0 sin ficha, 1 sin precio legible, 1 duplicadas
[2026-10-10 10:14:23] [AGENTE-AMAZON] Cosechando ofertas quentes de Amazon en Pelando...
[2026-10-10 10:14:26] [AGENTE-AMAZON] Amazon Pelando: 0 ofertas reales | descartadas: 2 campañas, 0 sin ficha, 2 sin precio legible, 1 duplicadas
[2026-10-10 10:14:26] [AGENTE-AMAZON] Cosechando Bestsellers y ofertas de categorías Amazon...
[2026-10-10 10:14:28] [AGENTE-AMAZON] Amazon direct: 0 ofertas cosechadas | categorias OK 0/1 | HTTP {503: 1}
[2026-10-10 10:14:58] [CUPONS_ML] Consultando página oficial https://www.mercadolivre.com.br/cupons (Cookie presente: True)...
[2026-10-10 10:14:59] [CUPONS_ML] 99 código(s) inválidos descartados (blobs del estado interno de ML o fragmentos de texto).
[2026-10-10 10:14:59] [CUPONS_ML] Se extrajeron exitosamente 6 cupones de ML Oficial.
[2026-10-10 10:14:59] [CUPONS_ML] Limpieza completada: 0 vencidos eliminados, 0 marcados vigente=false.
[2026-10-10 10:14:59] [CUPONS_ML] Cupones ML actualizados: 0 nuevos, 6 refrescados.
[2026-10-10 10:14:59] [CUPONS_ML] Total cupones en cupones.json: 32
[2026-10-10 10:14:59] [PELANDO] Scraping Amazon (https://www.pelando.com.br/cupons-de-descontos/amazon)
[2026-10-10 10:15:03] [PELANDO]   Falha ao acessar Amazon
[2026-10-10 10:15:05] [PELANDO] Scraping KaBuM! (https://www.pelando.com.br/cupons-de-descontos/kabum)
[2026-10-10 10:15:09] [PELANDO]   Falha ao acessar KaBuM!
[2026-10-10 10:15:11] [PELANDO] Scraping Mercado Livre (https://www.pelando.com.br/cupons-de-descontos/mercado-livre)
[2026-10-10 10:15:16] [PELANDO]   Falha ao acessar Mercado Livre
[2026-10-10 10:15:18] [PELANDO] Scraping Shopee (https://www.pelando.com.br/cupons-de-descontos/shopee)
[2026-10-10 10:15:22] [PELANDO]   Falha ao acessar Shopee
[2026-10-10 10:15:24] [PELANDO] Scraping Magazine Luiza (https://www.pelando.com.br/cupons-de-descontos/magalu)
[2026-10-10 10:15:28] [PELANDO]   Falha ao acessar Magazine Luiza
[2026-10-10 10:15:30] [PELANDO] Scraping AliExpress (https://www.pelando.com.br/cupons-de-descontos/aliexpress)
[2026-10-10 10:15:34] [PELANDO]   Falha ao acessar AliExpress
[2026-10-10 10:15:36] [PELANDO] Scraping Pichau (https://www.pelando.com.br/cupons-de-descontos/pichau)
[2026-10-10 10:15:40] [PELANDO]   Falha ao acessar Pichau
[2026-10-10 10:15:42] [PELANDO] Scraping Terabyte Shop (https://www.pelando.com.br/cupons-de-descontos/terabyte)
[2026-10-10 10:15:47] [PELANDO]   Falha ao acessar Terabyte Shop
[2026-10-10 10:15:49] [PELANDO] Completado: 0 Pelando + 32 manuales = 32 total
[2026-10-10 10:15:49] [AGENTE-ML] Consultando scraping de ofertas en Mercado Livre...
[2026-10-10 10:16:23] [AGENTE-ML] Scraping ML: 260 ofertas obtenidas | 50 enlaces de ANUNCIO descartados
[2026-10-10 10:16:23] [AGENTE-ML] Guardados 207 achados en achados_ml.json
[2026-10-10 10:16:23] [AGENTE-AMAZON] Cosechando Bestsellers y ofertas de categorías Amazon...
[2026-10-10 10:17:23] [AGENTE-AMAZON] Amazon direct: 30 ofertas cosechadas | categorias OK 8/28 | HTTP {503: 20} | sin tarjetas 7
[2026-10-10 10:17:23] [AGENTE-AMAZON] Cosechando ofertas quentes de Amazon en Pelando...
[2026-10-10 10:17:24] [AGENTE-AMAZON] Pelando Amazon: HTTP 403
[2026-10-10 10:17:24] [AGENTE-AMAZON] Guardados 29 achados en achados_amazon.json
[2026-10-10 10:18:14] [AGENTE-AMAZON] Cosechando ofertas quentes de Amazon en Pelando...
[2026-10-10 10:18:14] [AGENTE-AMAZON] Amazon Pelando: 1 ofertas reales | descartadas: 2 campañas, 0 sin ficha, 1 sin precio legible, 1 duplicadas
[2026-10-10 10:18:14] [AGENTE-AMAZON] Cosechando ofertas quentes de Amazon en Pelando...
[2026-10-10 10:18:17] [AGENTE-AMAZON] Amazon Pelando: 0 ofertas reales | descartadas: 2 campañas, 0 sin ficha, 2 sin precio legible, 1 duplicadas
[2026-10-10 10:18:17] [AGENTE-AMAZON] Cosechando Bestsellers y ofertas de categorías Amazon...
[2026-10-10 10:18:19] [AGENTE-AMAZON] Amazon direct: 0 ofertas cosechadas | categorias OK 0/1 | HTTP {503: 1}
[2026-10-10 10:18:20] [CUPONS_ML] Consultando página oficial https://www.mercadolivre.com.br/cupons (Cookie presente: True)...
[2026-10-10 10:18:20] [CUPONS_ML] 99 código(s) inválidos descartados (blobs del estado interno de ML o fragmentos de texto).
[2026-10-10 10:18:20] [CUPONS_ML] Se extrajeron exitosamente 6 cupones de ML Oficial.
[2026-10-10 10:18:20] [CUPONS_ML] Limpieza completada: 0 vencidos eliminados, 0 marcados vigente=false.
[2026-10-10 10:18:20] [CUPONS_ML] Cupones ML actualizados: 0 nuevos, 6 refrescados.
[2026-10-10 10:18:20] [CUPONS_ML] Total cupones en cupones.json: 32
[2026-10-10 10:18:20] [CUPONES] Fuente oficial ML refrescada: 6 cupón(es).
[2026-10-10 10:18:20] [CUPONES] Cupones activados en la cuenta del usuario: 17. Solo esos se publican.
[2026-10-10 10:18:20] [CUPONES] Sin cupones nuevos (113 códigos ya vistos).
[2026-10-10 10:24:24] [CUPONS_ML] Consultando página oficial https://www.mercadolivre.com.br/cupons (Cookie presente: True)...
[2026-10-10 10:24:25] [CUPONS_ML] 99 código(s) inválidos descartados (blobs del estado interno de ML o fragmentos de texto).
[2026-10-10 10:24:25] [CUPONS_ML] Se extrajeron exitosamente 6 cupones de ML Oficial.
[2026-10-10 10:24:25] [CUPONS_ML] Limpieza completada: 0 vencidos eliminados, 0 marcados vigente=false.
[2026-10-10 10:24:25] [CUPONS_ML] Cupones ML actualizados: 0 nuevos, 6 refrescados.
[2026-10-10 10:24:25] [CUPONS_ML] Total cupones en cupones.json: 32
[2026-10-10 10:24:25] [CUPONES] Fuente oficial ML refrescada: 6 cupón(es).
[2026-10-10 10:24:25] [CUPONES] Cupones activados en la cuenta del usuario: 17. Solo esos se publican.
[2026-10-10 10:24:25] [CUPONES] Sin cupones nuevos (113 códigos ya vistos).
[2026-10-10 10:30:11] [CUPONS_ML] Consultando página oficial https://www.mercadolivre.com.br/cupons (Cookie presente: True)...
[2026-10-10 10:30:12] [CUPONS_ML] 99 código(s) inválidos descartados (blobs del estado interno de ML o fragmentos de texto).
[2026-10-10 10:30:12] [CUPONS_ML] Se extrajeron exitosamente 6 cupones de ML Oficial.
[2026-10-10 10:30:12] [CUPONS_ML] Limpieza completada: 0 vencidos eliminados, 0 marcados vigente=false.
[2026-10-10 10:30:12] [CUPONS_ML] Cupones ML actualizados: 0 nuevos, 6 refrescados.
[2026-10-10 10:30:12] [CUPONS_ML] Total cupones en cupones.json: 32
[2026-10-10 10:30:12] [CUPONES] Fuente oficial ML refrescada: 6 cupón(es).
[2026-10-10 10:30:12] [CUPONES] Cupones activados en la cuenta del usuario: 17. Solo esos se publican.
[2026-10-10 10:30:12] [CUPONES] Sin cupones nuevos (113 códigos ya vistos).
[2026-10-10 10:38:28] [CUPONS_ML] Consultando página oficial https://www.mercadolivre.com.br/cupons (Cookie presente: True)...
[2026-10-10 10:38:29] [CUPONS_ML] 99 código(s) inválidos descartados (blobs del estado interno de ML o fragmentos de texto).
[2026-10-10 10:38:29] [CUPONS_ML] Se extrajeron exitosamente 6 cupones de ML Oficial.
[2026-10-10 10:38:29] [CUPONS_ML] Limpieza completada: 0 vencidos eliminados, 0 marcados vigente=false.
[2026-10-10 10:38:29] [CUPONS_ML] Cupones ML actualizados: 0 nuevos, 6 refrescados.
[2026-10-10 10:38:29] [CUPONS_ML] Total cupones en cupones.json: 32
[2026-10-10 10:38:29] [CUPONES] Fuente oficial ML refrescada: 6 cupón(es).
[2026-10-10 10:38:29] [CUPONES] Cupones activados en la cuenta del usuario: 17. Solo esos se publican.
[2026-10-10 10:38:29] [CUPONES] Sin cupones nuevos (113 códigos ya vistos).
[2026-10-10 10:48:26] [CUPONS_ML] Consultando página oficial https://www.mercadolivre.com.br/cupons (Cookie presente: True)...
[2026-10-10 10:48:27] [CUPONS_ML] 99 código(s) inválidos descartados (blobs del estado interno de ML o fragmentos de texto).
[2026-10-10 10:48:27] [CUPONS_ML] Se extrajeron exitosamente 5 cupones de ML Oficial.
[2026-10-10 10:48:27] [CUPONS_ML] Limpieza completada: 0 vencidos eliminados, 0 marcados vigente=false.
[2026-10-10 10:48:27] [CUPONS_ML] Cupones ML actualizados: 0 nuevos, 5 refrescados.
[2026-10-10 10:48:27] [CUPONS_ML] Total cupones en cupones.json: 32
[2026-10-10 10:48:27] [CUPONES] Fuente oficial ML refrescada: 5 cupón(es).
[2026-10-10 10:48:27] [CUPONES] Cupones activados en la cuenta del usuario: 17. Solo esos se publican.
[2026-10-10 10:48:27] [CUPONES] Sin cupones nuevos (113 códigos ya vistos).
[2026-10-10 11:01:19] [CUPONS_ML] Consultando página oficial https://www.mercadolivre.com.br/cupons (Cookie presente: True)...
[2026-10-10 11:01:19] [CUPONS_ML] 99 código(s) inválidos descartados (blobs del estado interno de ML o fragmentos de texto).
[2026-10-10 11:01:19] [CUPONS_ML] Se extrajeron exitosamente 5 cupones de ML Oficial.
[2026-10-10 11:01:19] [CUPONS_ML] Limpieza completada: 0 vencidos eliminados, 0 marcados vigente=false.
[2026-10-10 11:01:19] [CUPONS_ML] Cupones ML actualizados: 0 nuevos, 5 refrescados.
[2026-10-10 11:01:19] [CUPONS_ML] Total cupones en cupones.json: 32
[2026-10-10 11:01:19] [CUPONES] Fuente oficial ML refrescada: 5 cupón(es).
[2026-10-10 11:01:19] [CUPONES] Cupones activados en la cuenta del usuario: 17. Solo esos se publican.
[2026-10-10 11:01:19] [CUPONES] Sin cupones nuevos (113 códigos ya vistos).
[2026-10-10 11:10:08] [CUPONS_ML] Consultando página oficial https://www.mercadolivre.com.br/cupons (Cookie presente: True)...
[2026-10-10 11:10:08] [CUPONS_ML] 99 código(s) inválidos descartados (blobs del estado interno de ML o fragmentos de texto).
[2026-10-10 11:10:08] [CUPONS_ML] Se extrajeron exitosamente 5 cupones de ML Oficial.
[2026-10-10 11:10:08] [CUPONS_ML] Limpieza completada: 0 vencidos eliminados, 0 marcados vigente=false.
[2026-10-10 11:10:08] [CUPONS_ML] Cupones ML actualizados: 0 nuevos, 5 refrescados.
[2026-10-10 11:10:08] [CUPONS_ML] Total cupones en cupones.json: 32
[2026-10-10 11:10:08] [CUPONES] Fuente oficial ML refrescada: 5 cupón(es).
[2026-10-10 11:10:08] [CUPONES] Cupones activados en la cuenta del usuario: 17. Solo esos se publican.
[2026-10-10 11:10:08] [CUPONES] Sin cupones nuevos (113 códigos ya vistos).
[2026-10-10 11:19:45] [CUPONS_ML] Consultando página oficial https://www.mercadolivre.com.br/cupons (Cookie presente: True)...
[2026-10-10 11:19:46] [CUPONS_ML] 99 código(s) inválidos descartados (blobs del estado interno de ML o fragmentos de texto).
[2026-10-10 11:19:46] [CUPONS_ML] Se extrajeron exitosamente 5 cupones de ML Oficial.
[2026-10-10 11:19:46] [CUPONS_ML] Limpieza completada: 0 vencidos eliminados, 0 marcados vigente=false.
[2026-10-10 11:19:46] [CUPONS_ML] Cupones ML actualizados: 0 nuevos, 5 refrescados.
[2026-10-10 11:19:46] [CUPONS_ML] Total cupones en cupones.json: 32
[2026-10-10 11:19:46] [CUPONES] Fuente oficial ML refrescada: 5 cupón(es).
[2026-10-10 11:19:46] [CUPONES] Cupones activados en la cuenta del usuario: 17. Solo esos se publican.
[2026-10-10 11:19:46] [CUPONES] Sin cupones nuevos (113 códigos ya vistos).
[2026-10-10 11:26:31] [CUPONS_ML] Consultando página oficial https://www.mercadolivre.com.br/cupons (Cookie presente: True)...
[2026-10-10 11:26:31] [CUPONS_ML] 99 código(s) inválidos descartados (blobs del estado interno de ML o fragmentos de texto).
[2026-10-10 11:26:31] [CUPONS_ML] Se extrajeron exitosamente 5 cupones de ML Oficial.
[2026-10-10 11:26:31] [CUPONS_ML] Limpieza completada: 0 vencidos eliminados, 0 marcados vigente=false.
[2026-10-10 11:26:31] [CUPONS_ML] Cupones ML actualizados: 0 nuevos, 5 refrescados.
[2026-10-10 11:26:31] [CUPONS_ML] Total cupones en cupones.json: 32
[2026-10-10 11:26:31] [CUPONES] Fuente oficial ML refrescada: 5 cupón(es).
[2026-10-10 11:26:31] [CUPONES] Cupones activados en la cuenta del usuario: 17. Solo esos se publican.
[2026-10-10 11:26:31] [CUPONES] Sin cupones nuevos (113 códigos ya vistos).
[2026-10-10 11:34:03] [CUPONS_ML] Consultando página oficial https://www.mercadolivre.com.br/cupons (Cookie presente: True)...
[2026-10-10 11:34:04] [CUPONS_ML] 99 código(s) inválidos descartados (blobs del estado interno de ML o fragmentos de texto).
[2026-10-10 11:34:04] [CUPONS_ML] Se extrajeron exitosamente 5 cupones de ML Oficial.
[2026-10-10 11:34:04] [CUPONS_ML] Limpieza completada: 0 vencidos eliminados, 0 marcados vigente=false.
[2026-10-10 11:34:04] [CUPONS_ML] Cupones ML actualizados: 0 nuevos, 5 refrescados.
[2026-10-10 11:34:04] [CUPONS_ML] Total cupones en cupones.json: 32
[2026-10-10 11:34:04] [CUPONES] Fuente oficial ML refrescada: 5 cupón(es).
[2026-10-10 11:34:04] [CUPONES] Cupones activados en la cuenta del usuario: 17. Solo esos se publican.
[2026-10-10 11:34:04] [CUPONES] Sin cupones nuevos (113 códigos ya vistos).
[2026-10-10 11:41:51] [CUPONS_ML] Consultando página oficial https://www.mercadolivre.com.br/cupons (Cookie presente: True)...
[2026-10-10 11:41:52] [CUPONS_ML] 99 código(s) inválidos descartados (blobs del estado interno de ML o fragmentos de texto).
[2026-10-10 11:41:52] [CUPONS_ML] Se extrajeron exitosamente 5 cupones de ML Oficial.
[2026-10-10 11:41:52] [CUPONS_ML] Limpieza completada: 0 vencidos eliminados, 0 marcados vigente=false.
[2026-10-10 11:41:52] [CUPONS_ML] Cupones ML actualizados: 0 nuevos, 5 refrescados.
[2026-10-10 11:41:52] [CUPONS_ML] Total cupones en cupones.json: 32
[2026-10-10 11:41:52] [CUPONES] Fuente oficial ML refrescada: 5 cupón(es).
[2026-10-10 11:41:52] [CUPONES] Cupones activados en la cuenta del usuario: 17. Solo esos se publican.
[2026-10-10 11:41:52] [CUPONES] Sin cupones nuevos (113 códigos ya vistos).
[2026-10-10 11:51:02] [CUPONS_ML] Consultando página oficial https://www.mercadolivre.com.br/cupons (Cookie presente: True)...
[2026-10-10 11:51:03] [CUPONS_ML] 99 código(s) inválidos descartados (blobs del estado interno de ML o fragmentos de texto).
[2026-10-10 11:51:03] [CUPONS_ML] Se extrajeron exitosamente 5 cupones de ML Oficial.
[2026-10-10 11:51:03] [CUPONS_ML] Limpieza completada: 0 vencidos eliminados, 0 marcados vigente=false.
[2026-10-10 11:51:03] [CUPONS_ML] Cupones ML actualizados: 0 nuevos, 5 refrescados.
[2026-10-10 11:51:03] [CUPONS_ML] Total cupones en cupones.json: 32
[2026-10-10 11:51:03] [CUPONES] Fuente oficial ML refrescada: 5 cupón(es).
[2026-10-10 11:51:03] [CUPONES] Cupones activados en la cuenta del usuario: 17. Solo esos se publican.
[2026-10-10 11:51:03] [CUPONES] Sin cupones nuevos (113 códigos ya vistos).
[2026-10-10 11:59:06] [CUPONS_ML] Consultando página oficial https://www.mercadolivre.com.br/cupons (Cookie presente: True)...
[2026-10-10 11:59:07] [CUPONS_ML] 99 código(s) inválidos descartados (blobs del estado interno de ML o fragmentos de texto).
[2026-10-10 11:59:07] [CUPONS_ML] Se extrajeron exitosamente 5 cupones de ML Oficial.
[2026-10-10 11:59:07] [CUPONS_ML] Limpieza completada: 0 vencidos eliminados, 0 marcados vigente=false.
[2026-10-10 11:59:07] [CUPONS_ML] Cupones ML actualizados: 0 nuevos, 5 refrescados.
[2026-10-10 11:59:07] [CUPONS_ML] Total cupones en cupones.json: 32
[2026-10-10 11:59:07] [CUPONES] Fuente oficial ML refrescada: 5 cupón(es).
[2026-10-10 11:59:07] [CUPONES] Cupones activados en la cuenta del usuario: 17. Solo esos se publican.
[2026-10-10 11:59:07] [CUPONES] Sin cupones nuevos (113 códigos ya vistos).
[2026-10-10 12:07:51] [CUPONS_ML] Consultando página oficial https://www.mercadolivre.com.br/cupons (Cookie presente: True)...
[2026-10-10 12:07:52] [CUPONS_ML] 99 código(s) inválidos descartados (blobs del estado interno de ML o fragmentos de texto).
[2026-10-10 12:07:52] [CUPONS_ML] Se extrajeron exitosamente 5 cupones de ML Oficial.
[2026-10-10 12:07:52] [CUPONS_ML] Limpieza completada: 0 vencidos eliminados, 0 marcados vigente=false.
[2026-10-10 12:07:52] [CUPONS_ML] Cupones ML actualizados: 0 nuevos, 5 refrescados.
[2026-10-10 12:07:52] [CUPONS_ML] Total cupones en cupones.json: 32
[2026-10-10 12:07:52] [CUPONES] Fuente oficial ML refrescada: 5 cupón(es).
[2026-10-10 12:07:52] [CUPONES] Cupones activados en la cuenta del usuario: 17. Solo esos se publican.
[2026-10-10 12:07:52] [CUPONES] Sin cupones nuevos (113 códigos ya vistos).
[2026-10-10 12:14:27] [CUPONS_ML] Consultando página oficial https://www.mercadolivre.com.br/cupons (Cookie presente: True)...
[2026-10-10 12:14:28] [CUPONS_ML] 96 código(s) inválidos descartados (blobs del estado interno de ML o fragmentos de texto).
[2026-10-10 12:14:28] [CUPONS_ML] Se extrajeron exitosamente 5 cupones de ML Oficial.
[2026-10-10 12:14:28] [CUPONS_ML] Limpieza completada: 0 vencidos eliminados, 0 marcados vigente=false.
[2026-10-10 12:14:28] [CUPONS_ML] Cupones ML actualizados: 0 nuevos, 5 refrescados.
[2026-10-10 12:14:28] [CUPONS_ML] Total cupones en cupones.json: 32
[2026-10-10 12:14:28] [CUPONES] Fuente oficial ML refrescada: 5 cupón(es).
[2026-10-10 12:14:28] [CUPONES] Cupones activados en la cuenta del usuario: 17. Solo esos se publican.
[2026-10-10 12:14:28] [CUPONES] Sin cupones nuevos (113 códigos ya vistos).
[2026-10-10 12:22:52] [CUPONS_ML] Consultando página oficial https://www.mercadolivre.com.br/cupons (Cookie presente: True)...
[2026-10-10 12:22:53] [CUPONS_ML] 99 código(s) inválidos descartados (blobs del estado interno de ML o fragmentos de texto).
[2026-10-10 12:22:53] [CUPONS_ML] Se extrajeron exitosamente 5 cupones de ML Oficial.
[2026-10-10 12:22:53] [CUPONS_ML] Limpieza completada: 0 vencidos eliminados, 0 marcados vigente=false.
[2026-10-10 12:22:53] [CUPONS_ML] Cupones ML actualizados: 0 nuevos, 5 refrescados.
[2026-10-10 12:22:53] [CUPONS_ML] Total cupones en cupones.json: 32
[2026-10-10 12:22:53] [CUPONES] Fuente oficial ML refrescada: 5 cupón(es).
[2026-10-10 12:22:53] [CUPONES] Cupones activados en la cuenta del usuario: 17. Solo esos se publican.
[2026-10-10 12:22:53] [CUPONES] Sin cupones nuevos (113 códigos ya vistos).
[2026-10-10 12:29:23] [CUPONS_ML] Consultando página oficial https://www.mercadolivre.com.br/cupons (Cookie presente: True)...
[2026-10-10 12:29:24] [CUPONS_ML] 99 código(s) inválidos descartados (blobs del estado interno de ML o fragmentos de texto).
[2026-10-10 12:29:24] [CUPONS_ML] Se extrajeron exitosamente 5 cupones de ML Oficial.
[2026-10-10 12:29:24] [CUPONS_ML] Limpieza completada: 0 vencidos eliminados, 0 marcados vigente=false.
[2026-10-10 12:29:24] [CUPONS_ML] Cupones ML actualizados: 0 nuevos, 5 refrescados.
[2026-10-10 12:29:24] [CUPONS_ML] Total cupones en cupones.json: 32
[2026-10-10 12:29:24] [CUPONES] Fuente oficial ML refrescada: 5 cupón(es).
[2026-10-10 12:29:24] [CUPONES] Cupones activados en la cuenta del usuario: 17. Solo esos se publican.
[2026-10-10 12:29:24] [CUPONES] Sin cupones nuevos (113 códigos ya vistos).
[2026-10-10 12:37:40] [CUPONS_ML] Consultando página oficial https://www.mercadolivre.com.br/cupons (Cookie presente: True)...
[2026-10-10 12:37:41] [CUPONS_ML] 99 código(s) inválidos descartados (blobs del estado interno de ML o fragmentos de texto).
[2026-10-10 12:37:41] [CUPONS_ML] Se extrajeron exitosamente 5 cupones de ML Oficial.
[2026-10-10 12:37:41] [CUPONS_ML] Limpieza completada: 0 vencidos eliminados, 0 marcados vigente=false.
[2026-10-10 12:37:41] [CUPONS_ML] Cupones ML actualizados: 0 nuevos, 5 refrescados.
[2026-10-10 12:37:41] [CUPONS_ML] Total cupones en cupones.json: 32
[2026-10-10 12:37:41] [CUPONES] Fuente oficial ML refrescada: 5 cupón(es).
[2026-10-10 12:37:41] [CUPONES] Cupones activados en la cuenta del usuario: 17. Solo esos se publican.
[2026-10-10 12:37:41] [CUPONES] Sin cupones nuevos (113 códigos ya vistos).
[2026-10-10 12:45:42] [CUPONS_ML] Consultando página oficial https://www.mercadolivre.com.br/cupons (Cookie presente: True)...
[2026-10-10 12:45:43] [CUPONS_ML] 90 código(s) inválidos descartados (blobs del estado interno de ML o fragmentos de texto).
[2026-10-10 12:45:43] [CUPONS_ML] Se extrajeron exitosamente 6 cupones de ML Oficial.
[2026-10-10 12:45:43] [CUPONS_ML] Limpieza completada: 0 vencidos eliminados, 0 marcados vigente=false.
[2026-10-10 12:45:43] [CUPONS_ML] Cupones ML actualizados: 1 nuevos, 5 refrescados.
[2026-10-10 12:45:43] [CUPONS_ML] Total cupones en cupones.json: 33
[2026-10-10 12:45:43] [CUPONES] Fuente oficial ML refrescada: 6 cupón(es).
[2026-10-10 12:45:43] [CUPONES] Cupones activados en la cuenta del usuario: 17. Solo esos se publican.
[2026-10-10 12:45:43] [CUPONES] Sin cupones nuevos (113 códigos ya vistos).
[2026-10-10 12:58:31] [CUPONS_ML] Consultando página oficial https://www.mercadolivre.com.br/cupons (Cookie presente: True)...
[2026-10-10 12:58:32] [CUPONS_ML] 93 código(s) inválidos descartados (blobs del estado interno de ML o fragmentos de texto).
[2026-10-10 12:58:32] [CUPONS_ML] Se extrajeron exitosamente 6 cupones de ML Oficial.
[2026-10-10 12:58:32] [CUPONS_ML] Limpieza completada: 0 vencidos eliminados, 0 marcados vigente=false.
[2026-10-10 12:58:32] [CUPONS_ML] Cupones ML actualizados: 0 nuevos, 6 refrescados.
[2026-10-10 12:58:32] [CUPONS_ML] Total cupones en cupones.json: 33
[2026-10-10 12:58:32] [CUPONES] Fuente oficial ML refrescada: 6 cupón(es).
[2026-10-10 12:58:32] [CUPONES] Cupones activados en la cuenta del usuario: 17. Solo esos se publican.
[2026-10-10 12:58:32] [CUPONES] Sin cupones nuevos (113 códigos ya vistos).
[2026-10-10 13:04:08] [CUPONS_ML] Consultando página oficial https://www.mercadolivre.com.br/cupons (Cookie presente: True)...
[2026-10-10 13:04:09] [CUPONS_ML] 93 código(s) inválidos descartados (blobs del estado interno de ML o fragmentos de texto).
[2026-10-10 13:04:09] [CUPONS_ML] Se extrajeron exitosamente 6 cupones de ML Oficial.
[2026-10-10 13:04:09] [CUPONS_ML] Limpieza completada: 0 vencidos eliminados, 0 marcados vigente=false.
[2026-10-10 13:04:09] [CUPONS_ML] Cupones ML actualizados: 0 nuevos, 6 refrescados.
[2026-10-10 13:04:09] [CUPONS_ML] Total cupones en cupones.json: 33
[2026-10-10 13:04:09] [CUPONES] Fuente oficial ML refrescada: 6 cupón(es).
[2026-10-10 13:04:09] [CUPONES] Cupones activados en la cuenta del usuario: 17. Solo esos se publican.
[2026-10-10 13:04:09] [CUPONES] Sin cupones nuevos (113 códigos ya vistos).
[2026-10-10 13:11:39] [CUPONS_ML] Consultando página oficial https://www.mercadolivre.com.br/cupons (Cookie presente: True)...
[2026-10-10 13:11:40] [CUPONS_ML] 93 código(s) inválidos descartados (blobs del estado interno de ML o fragmentos de texto).
[2026-10-10 13:11:40] [CUPONS_ML] Se extrajeron exitosamente 7 cupones de ML Oficial.
[2026-10-10 13:11:40] [CUPONS_ML] Limpieza completada: 0 vencidos eliminados, 0 marcados vigente=false.
[2026-10-10 13:11:40] [CUPONS_ML] Cupones ML actualizados: 1 nuevos, 6 refrescados.
[2026-10-10 13:11:40] [CUPONS_ML] Total cupones en cupones.json: 34
[2026-10-10 13:11:40] [CUPONES] Fuente oficial ML refrescada: 7 cupón(es).
[2026-10-10 13:11:40] [CUPONES] Cupones activados en la cuenta del usuario: 17. Solo esos se publican.
[2026-10-10 13:11:40] [CUPONES] Descartado PNEUS: no está ACTIVADO en la cuenta del usuario
[2026-10-10 13:11:40] [CUPONES] Sin cupones nuevos (114 códigos ya vistos).
[2026-10-10 13:17:51] [CUPONS_ML] Consultando página oficial https://www.mercadolivre.com.br/cupons (Cookie presente: True)...
[2026-10-10 13:17:51] [CUPONS_ML] 90 código(s) inválidos descartados (blobs del estado interno de ML o fragmentos de texto).
[2026-10-10 13:17:51] [CUPONS_ML] Se extrajeron exitosamente 7 cupones de ML Oficial.
[2026-10-10 13:17:51] [CUPONS_ML] Limpieza completada: 0 vencidos eliminados, 0 marcados vigente=false.
[2026-10-10 13:17:51] [CUPONS_ML] Cupones ML actualizados: 0 nuevos, 7 refrescados.
[2026-10-10 13:17:51] [CUPONS_ML] Total cupones en cupones.json: 34
[2026-10-10 13:17:51] [CUPONES] Fuente oficial ML refrescada: 7 cupón(es).
[2026-10-10 13:17:51] [CUPONES] Cupones activados en la cuenta del usuario: 17. Solo esos se publican.
[2026-10-10 13:17:51] [CUPONES] Sin cupones nuevos (114 códigos ya vistos).
[2026-10-10 13:26:20] [CUPONS_ML] Consultando página oficial https://www.mercadolivre.com.br/cupons (Cookie presente: True)...
[2026-10-10 13:26:20] [CUPONS_ML] 90 código(s) inválidos descartados (blobs del estado interno de ML o fragmentos de texto).
[2026-10-10 13:26:20] [CUPONS_ML] Se extrajeron exitosamente 7 cupones de ML Oficial.
[2026-10-10 13:26:20] [CUPONS_ML] Limpieza completada: 0 vencidos eliminados, 0 marcados vigente=false.
[2026-10-10 13:26:20] [CUPONS_ML] Cupones ML actualizados: 0 nuevos, 7 refrescados.
[2026-10-10 13:26:20] [CUPONS_ML] Total cupones en cupones.json: 34
[2026-10-10 13:26:20] [CUPONES] Fuente oficial ML refrescada: 7 cupón(es).
[2026-10-10 13:26:20] [CUPONES] Cupones activados en la cuenta del usuario: 17. Solo esos se publican.
[2026-10-10 13:26:20] [CUPONES] Sin cupones nuevos (114 códigos ya vistos).
[2026-10-10 13:38:06] [CUPONS_ML] Consultando página oficial https://www.mercadolivre.com.br/cupons (Cookie presente: True)...
[2026-10-10 13:38:07] [CUPONS_ML] 87 código(s) inválidos descartados (blobs del estado interno de ML o fragmentos de texto).
[2026-10-10 13:38:07] [CUPONS_ML] Se extrajeron exitosamente 7 cupones de ML Oficial.
[2026-10-10 13:38:07] [CUPONS_ML] Limpieza completada: 0 vencidos eliminados, 0 marcados vigente=false.
[2026-10-10 13:38:07] [CUPONS_ML] Cupones ML actualizados: 0 nuevos, 7 refrescados.
[2026-10-10 13:38:07] [CUPONS_ML] Total cupones en cupones.json: 34
[2026-10-10 13:38:07] [CUPONES] Fuente oficial ML refrescada: 7 cupón(es).
[2026-10-10 13:38:07] [CUPONES] Cupones activados en la cuenta del usuario: 17. Solo esos se publican.
[2026-10-10 13:38:07] [CUPONES] Sin cupones nuevos (114 códigos ya vistos).
[2026-10-10 13:46:03] [CUPONS_ML] Consultando página oficial https://www.mercadolivre.com.br/cupons (Cookie presente: True)...
[2026-10-10 13:46:04] [CUPONS_ML] 87 código(s) inválidos descartados (blobs del estado interno de ML o fragmentos de texto).
[2026-10-10 13:46:04] [CUPONS_ML] Se extrajeron exitosamente 7 cupones de ML Oficial.
[2026-10-10 13:46:04] [CUPONS_ML] Limpieza completada: 0 vencidos eliminados, 0 marcados vigente=false.
[2026-10-10 13:46:04] [CUPONS_ML] Cupones ML actualizados: 0 nuevos, 7 refrescados.
[2026-10-10 13:46:04] [CUPONS_ML] Total cupones en cupones.json: 34
[2026-10-10 13:46:04] [CUPONES] Fuente oficial ML refrescada: 7 cupón(es).
[2026-10-10 13:46:04] [CUPONES] Cupones activados en la cuenta del usuario: 17. Solo esos se publican.
[2026-10-10 13:46:04] [CUPONES] Sin cupones nuevos (114 códigos ya vistos).
[2026-10-10 13:52:14] [CUPONS_ML] Consultando página oficial https://www.mercadolivre.com.br/cupons (Cookie presente: True)...
[2026-10-10 13:52:14] [CUPONS_ML] 87 código(s) inválidos descartados (blobs del estado interno de ML o fragmentos de texto).
[2026-10-10 13:52:14] [CUPONS_ML] Se extrajeron exitosamente 7 cupones de ML Oficial.
[2026-10-10 13:52:14] [CUPONS_ML] Limpieza completada: 0 vencidos eliminados, 0 marcados vigente=false.
[2026-10-10 13:52:14] [CUPONS_ML] Cupones ML actualizados: 0 nuevos, 7 refrescados.
[2026-10-10 13:52:14] [CUPONS_ML] Total cupones en cupones.json: 34
[2026-10-10 13:52:14] [CUPONES] Fuente oficial ML refrescada: 7 cupón(es).
[2026-10-10 13:52:14] [CUPONES] Cupones activados en la cuenta del usuario: 17. Solo esos se publican.
[2026-10-10 13:52:14] [CUPONES] Sin cupones nuevos (114 códigos ya vistos).
[2026-10-10 14:01:00] [CUPONS_ML] Consultando página oficial https://www.mercadolivre.com.br/cupons (Cookie presente: True)...
[2026-10-10 14:01:01] [CUPONS_ML] 90 código(s) inválidos descartados (blobs del estado interno de ML o fragmentos de texto).
[2026-10-10 14:01:01] [CUPONS_ML] Se extrajeron exitosamente 7 cupones de ML Oficial.
[2026-10-10 14:01:01] [CUPONS_ML] Limpieza completada: 0 vencidos eliminados, 0 marcados vigente=false.
[2026-10-10 14:01:01] [CUPONS_ML] Cupones ML actualizados: 0 nuevos, 7 refrescados.
[2026-10-10 14:01:01] [CUPONS_ML] Total cupones en cupones.json: 34
[2026-10-10 14:01:01] [CUPONES] Fuente oficial ML refrescada: 7 cupón(es).
[2026-10-10 14:01:01] [CUPONES] Cupones activados en la cuenta del usuario: 17. Solo esos se publican.
[2026-10-10 14:01:01] [CUPONES] Sin cupones nuevos (114 códigos ya vistos).
[2026-10-10 14:12:10] [CUPONS_ML] Consultando página oficial https://www.mercadolivre.com.br/cupons (Cookie presente: True)...
[2026-10-10 14:12:11] [CUPONS_ML] 90 código(s) inválidos descartados (blobs del estado interno de ML o fragmentos de texto).
[2026-10-10 14:12:11] [CUPONS_ML] Se extrajeron exitosamente 7 cupones de ML Oficial.
[2026-10-10 14:12:11] [CUPONS_ML] Limpieza completada: 0 vencidos eliminados, 0 marcados vigente=false.
[2026-10-10 14:12:11] [CUPONS_ML] Cupones ML actualizados: 0 nuevos, 7 refrescados.
[2026-10-10 14:12:11] [CUPONS_ML] Total cupones en cupones.json: 34
[2026-10-10 14:12:11] [CUPONES] Fuente oficial ML refrescada: 7 cupón(es).
[2026-10-10 14:12:11] [CUPONES] Cupones activados en la cuenta del usuario: 17. Solo esos se publican.
[2026-10-10 14:12:11] [CUPONES] Sin cupones nuevos (114 códigos ya vistos).
[2026-10-10 14:21:33] [CUPONS_ML] Consultando página oficial https://www.mercadolivre.com.br/cupons (Cookie presente: True)...
[2026-10-10 14:21:34] [CUPONS_ML] 90 código(s) inválidos descartados (blobs del estado interno de ML o fragmentos de texto).
[2026-10-10 14:21:34] [CUPONS_ML] Se extrajeron exitosamente 7 cupones de ML Oficial.
[2026-10-10 14:21:34] [CUPONS_ML] Limpieza completada: 0 vencidos eliminados, 0 marcados vigente=false.
[2026-10-10 14:21:34] [CUPONS_ML] Cupones ML actualizados: 0 nuevos, 7 refrescados.
[2026-10-10 14:21:34] [CUPONS_ML] Total cupones en cupones.json: 34
[2026-10-10 14:21:34] [CUPONES] Fuente oficial ML refrescada: 7 cupón(es).
[2026-10-10 14:21:34] [CUPONES] Cupones activados en la cuenta del usuario: 17. Solo esos se publican.
[2026-10-10 14:21:34] [CUPONES] Sin cupones nuevos (114 códigos ya vistos).
[2026-10-10 14:27:38] [CUPONS_ML] Consultando página oficial https://www.mercadolivre.com.br/cupons (Cookie presente: True)...
[2026-10-10 14:27:39] [CUPONS_ML] 90 código(s) inválidos descartados (blobs del estado interno de ML o fragmentos de texto).
[2026-10-10 14:27:39] [CUPONS_ML] Se extrajeron exitosamente 7 cupones de ML Oficial.
[2026-10-10 14:27:39] [CUPONS_ML] Limpieza completada: 0 vencidos eliminados, 0 marcados vigente=false.
[2026-10-10 14:27:39] [CUPONS_ML] Cupones ML actualizados: 0 nuevos, 7 refrescados.
[2026-10-10 14:27:39] [CUPONS_ML] Total cupones en cupones.json: 34
[2026-10-10 14:27:39] [CUPONES] Fuente oficial ML refrescada: 7 cupón(es).
[2026-10-10 14:27:39] [CUPONES] Cupones activados en la cuenta del usuario: 17. Solo esos se publican.
[2026-10-10 14:27:39] [CUPONES] Sin cupones nuevos (114 códigos ya vistos).
[2026-10-10 14:32:57] [CUPONS_ML] Consultando página oficial https://www.mercadolivre.com.br/cupons (Cookie presente: True)...
[2026-10-10 14:32:57] [CUPONS_ML] 90 código(s) inválidos descartados (blobs del estado interno de ML o fragmentos de texto).
[2026-10-10 14:32:57] [CUPONS_ML] Se extrajeron exitosamente 7 cupones de ML Oficial.
[2026-10-10 14:32:57] [CUPONS_ML] Limpieza completada: 0 vencidos eliminados, 0 marcados vigente=false.
[2026-10-10 14:32:57] [CUPONS_ML] Cupones ML actualizados: 0 nuevos, 7 refrescados.
[2026-10-10 14:32:57] [CUPONS_ML] Total cupones en cupones.json: 34
[2026-10-10 14:32:57] [CUPONES] Fuente oficial ML refrescada: 7 cupón(es).
[2026-10-10 14:32:57] [CUPONES] Cupones activados en la cuenta del usuario: 17. Solo esos se publican.
[2026-10-10 14:32:57] [CUPONES] Sin cupones nuevos (114 códigos ya vistos).
[2026-10-10 14:42:51] [CUPONS_ML] Consultando página oficial https://www.mercadolivre.com.br/cupons (Cookie presente: True)...
[2026-10-10 14:42:51] [CUPONS_ML] 90 código(s) inválidos descartados (blobs del estado interno de ML o fragmentos de texto).
[2026-10-10 14:42:51] [CUPONS_ML] Se extrajeron exitosamente 7 cupones de ML Oficial.
[2026-10-10 14:42:51] [CUPONS_ML] Limpieza completada: 0 vencidos eliminados, 0 marcados vigente=false.
[2026-10-10 14:42:51] [CUPONS_ML] Cupones ML actualizados: 0 nuevos, 7 refrescados.
[2026-10-10 14:42:51] [CUPONS_ML] Total cupones en cupones.json: 34
[2026-10-10 14:42:51] [CUPONES] Fuente oficial ML refrescada: 7 cupón(es).
[2026-10-10 14:42:51] [CUPONES] Cupones activados en la cuenta del usuario: 17. Solo esos se publican.
[2026-10-10 14:42:51] [CUPONES] Sin cupones nuevos (114 códigos ya vistos).
[2026-10-10 14:51:14] [CUPONS_ML] Consultando página oficial https://www.mercadolivre.com.br/cupons (Cookie presente: True)...
[2026-10-10 14:51:15] [CUPONS_ML] 93 código(s) inválidos descartados (blobs del estado interno de ML o fragmentos de texto).
[2026-10-10 14:51:15] [CUPONS_ML] Se extrajeron exitosamente 7 cupones de ML Oficial.
[2026-10-10 14:51:15] [CUPONS_ML] Limpieza completada: 0 vencidos eliminados, 0 marcados vigente=false.
[2026-10-10 14:51:15] [CUPONS_ML] Cupones ML actualizados: 0 nuevos, 7 refrescados.
[2026-10-10 14:51:15] [CUPONS_ML] Total cupones en cupones.json: 34
[2026-10-10 14:51:15] [CUPONES] Fuente oficial ML refrescada: 7 cupón(es).
[2026-10-10 14:51:15] [CUPONES] Cupones activados en la cuenta del usuario: 17. Solo esos se publican.
[2026-10-10 14:51:15] [CUPONES] Sin cupones nuevos (114 códigos ya vistos).
[2026-10-10 14:58:13] [CUPONS_ML] Consultando página oficial https://www.mercadolivre.com.br/cupons (Cookie presente: True)...
[2026-10-10 14:58:14] [CUPONS_ML] 93 código(s) inválidos descartados (blobs del estado interno de ML o fragmentos de texto).
[2026-10-10 14:58:14] [CUPONS_ML] Se extrajeron exitosamente 7 cupones de ML Oficial.
[2026-10-10 14:58:14] [CUPONS_ML] Limpieza completada: 0 vencidos eliminados, 0 marcados vigente=false.
[2026-10-10 14:58:14] [CUPONS_ML] Cupones ML actualizados: 0 nuevos, 7 refrescados.
[2026-10-10 14:58:14] [CUPONS_ML] Total cupones en cupones.json: 34
[2026-10-10 14:58:14] [CUPONES] Fuente oficial ML refrescada: 7 cupón(es).
[2026-10-10 14:58:14] [CUPONES] Cupones activados en la cuenta del usuario: 17. Solo esos se publican.
[2026-10-10 14:58:14] [CUPONES] Sin cupones nuevos (114 códigos ya vistos).
[2026-10-10 15:06:18] [CUPONS_ML] Consultando página oficial https://www.mercadolivre.com.br/cupons (Cookie presente: True)...
[2026-10-10 15:06:18] [CUPONS_ML] 90 código(s) inválidos descartados (blobs del estado interno de ML o fragmentos de texto).
[2026-10-10 15:06:18] [CUPONS_ML] Se extrajeron exitosamente 7 cupones de ML Oficial.
[2026-10-10 15:06:18] [CUPONS_ML] Limpieza completada: 0 vencidos eliminados, 0 marcados vigente=false.
[2026-10-10 15:06:18] [CUPONS_ML] Cupones ML actualizados: 0 nuevos, 7 refrescados.
[2026-10-10 15:06:18] [CUPONS_ML] Total cupones en cupones.json: 34
[2026-10-10 15:06:18] [CUPONES] Fuente oficial ML refrescada: 7 cupón(es).
[2026-10-10 15:06:18] [CUPONES] Cupones activados en la cuenta del usuario: 17. Solo esos se publican.
[2026-10-10 15:06:18] [CUPONES] Sin cupones nuevos (114 códigos ya vistos).
[2026-10-10 15:17:15] [CUPONS_ML] Consultando página oficial https://www.mercadolivre.com.br/cupons (Cookie presente: True)...
[2026-10-10 15:17:16] [CUPONS_ML] 90 código(s) inválidos descartados (blobs del estado interno de ML o fragmentos de texto).
[2026-10-10 15:17:16] [CUPONS_ML] Se extrajeron exitosamente 7 cupones de ML Oficial.
[2026-10-10 15:17:16] [CUPONS_ML] Limpieza completada: 0 vencidos eliminados, 0 marcados vigente=false.
[2026-10-10 15:17:16] [CUPONS_ML] Cupones ML actualizados: 0 nuevos, 7 refrescados.
[2026-10-10 15:17:16] [CUPONS_ML] Total cupones en cupones.json: 34
[2026-10-10 15:17:16] [CUPONES] Fuente oficial ML refrescada: 7 cupón(es).
[2026-10-10 15:17:16] [CUPONES] Cupones activados en la cuenta del usuario: 17. Solo esos se publican.
[2026-10-10 15:17:16] [CUPONES] Sin cupones nuevos (114 códigos ya vistos).
[2026-10-10 15:22:40] [CUPONS_ML] Consultando página oficial https://www.mercadolivre.com.br/cupons (Cookie presente: True)...
[2026-10-10 15:22:41] [CUPONS_ML] 87 código(s) inválidos descartados (blobs del estado interno de ML o fragmentos de texto).
[2026-10-10 15:22:41] [CUPONS_ML] Se extrajeron exitosamente 7 cupones de ML Oficial.
[2026-10-10 15:22:41] [CUPONS_ML] Limpieza completada: 0 vencidos eliminados, 0 marcados vigente=false.
[2026-10-10 15:22:41] [CUPONS_ML] Cupones ML actualizados: 0 nuevos, 7 refrescados.
[2026-10-10 15:22:41] [CUPONS_ML] Total cupones en cupones.json: 34
[2026-10-10 15:22:41] [CUPONES] Fuente oficial ML refrescada: 7 cupón(es).
[2026-10-10 15:22:41] [CUPONES] Cupones activados en la cuenta del usuario: 17. Solo esos se publican.
[2026-10-10 15:22:41] [CUPONES] Sin cupones nuevos (114 códigos ya vistos).
[2026-10-10 15:31:50] [CUPONS_ML] Consultando página oficial https://www.mercadolivre.com.br/cupons (Cookie presente: True)...
[2026-10-10 15:31:51] [CUPONS_ML] 87 código(s) inválidos descartados (blobs del estado interno de ML o fragmentos de texto).
[2026-10-10 15:31:51] [CUPONS_ML] Se extrajeron exitosamente 7 cupones de ML Oficial.
[2026-10-10 15:31:51] [CUPONS_ML] Limpieza completada: 0 vencidos eliminados, 0 marcados vigente=false.
[2026-10-10 15:31:51] [CUPONS_ML] Cupones ML actualizados: 0 nuevos, 7 refrescados.
[2026-10-10 15:31:51] [CUPONS_ML] Total cupones en cupones.json: 34
[2026-10-10 15:31:51] [CUPONES] Fuente oficial ML refrescada: 7 cupón(es).
[2026-10-10 15:31:51] [CUPONES] Cupones activados en la cuenta del usuario: 17. Solo esos se publican.
[2026-10-10 15:31:51] [CUPONES] Sin cupones nuevos (114 códigos ya vistos).
[2026-10-10 15:44:47] [CUPONS_ML] Consultando página oficial https://www.mercadolivre.com.br/cupons (Cookie presente: True)...
[2026-10-10 15:44:48] [CUPONS_ML] 87 código(s) inválidos descartados (blobs del estado interno de ML o fragmentos de texto).
[2026-10-10 15:44:48] [CUPONS_ML] Se extrajeron exitosamente 7 cupones de ML Oficial.
[2026-10-10 15:44:48] [CUPONS_ML] Limpieza completada: 0 vencidos eliminados, 0 marcados vigente=false.
[2026-10-10 15:44:48] [CUPONS_ML] Cupones ML actualizados: 0 nuevos, 7 refrescados.
[2026-10-10 15:44:48] [CUPONS_ML] Total cupones en cupones.json: 34
[2026-10-10 15:44:48] [CUPONES] Fuente oficial ML refrescada: 7 cupón(es).
[2026-10-10 15:44:48] [CUPONES] Cupones activados en la cuenta del usuario: 17. Solo esos se publican.
[2026-10-10 15:44:48] [CUPONES] Sin cupones nuevos (114 códigos ya vistos).
[2026-10-10 15:48:32] [AGENTE-ML] Consultando scraping de ofertas en Mercado Livre...
[2026-10-10 15:49:06] [AGENTE-ML] Scraping ML: 255 ofertas obtenidas | 48 enlaces de ANUNCIO descartados
[2026-10-10 15:49:06] [AGENTE-ML] Guardados 202 achados en achados_ml.json
[2026-10-10 15:49:06] [CUPONS_ML] Consultando página oficial https://www.mercadolivre.com.br/cupons (Cookie presente: True)...
[2026-10-10 15:49:06] [CUPONS_ML] 87 código(s) inválidos descartados (blobs del estado interno de ML o fragmentos de texto).
[2026-10-10 15:49:06] [CUPONS_ML] Se extrajeron exitosamente 7 cupones de ML Oficial.
[2026-10-10 15:49:06] [CUPONS_ML] Limpieza completada: 0 vencidos eliminados, 0 marcados vigente=false.
[2026-10-10 15:49:06] [CUPONS_ML] Cupones ML actualizados: 0 nuevos, 7 refrescados.
[2026-10-10 15:49:06] [CUPONS_ML] Total cupones en cupones.json: 34
[2026-10-10 15:49:07] [AGENTE-AMAZON] Cosechando ofertas quentes de Amazon en Pelando...
[2026-10-10 15:49:07] [AGENTE-AMAZON] Amazon Pelando: 1 ofertas reales | descartadas: 2 campañas, 0 sin ficha, 1 sin precio legible, 1 duplicadas
[2026-10-10 15:49:07] [AGENTE-AMAZON] Cosechando ofertas quentes de Amazon en Pelando...
[2026-10-10 15:49:10] [AGENTE-AMAZON] Amazon Pelando: 0 ofertas reales | descartadas: 2 campañas, 0 sin ficha, 2 sin precio legible, 1 duplicadas
[2026-10-10 15:49:10] [AGENTE-AMAZON] Cosechando Bestsellers y ofertas de categorías Amazon...
[2026-10-10 15:49:12] [AGENTE-AMAZON] Amazon direct: 0 ofertas cosechadas | categorias OK 0/1 | HTTP {503: 1}
[2026-10-10 15:49:39] [AGENTE-AMAZON] Cosechando ofertas quentes de Amazon en Pelando...
[2026-10-10 15:49:39] [AGENTE-AMAZON] Amazon Pelando: 1 ofertas reales | descartadas: 2 campañas, 0 sin ficha, 1 sin precio legible, 1 duplicadas
[2026-10-10 15:49:39] [AGENTE-AMAZON] Cosechando ofertas quentes de Amazon en Pelando...
[2026-10-10 15:49:42] [AGENTE-AMAZON] Amazon Pelando: 0 ofertas reales | descartadas: 2 campañas, 0 sin ficha, 2 sin precio legible, 1 duplicadas
[2026-10-10 15:49:42] [AGENTE-AMAZON] Cosechando Bestsellers y ofertas de categorías Amazon...
[2026-10-10 15:49:44] [AGENTE-AMAZON] Amazon direct: 0 ofertas cosechadas | categorias OK 0/1 | HTTP {503: 1}
[2026-10-10 15:56:26] [AGENTE-AMAZON] Cosechando ofertas quentes de Amazon en Pelando...
[2026-10-10 15:56:26] [AGENTE-AMAZON] Amazon Pelando: 1 ofertas reales | descartadas: 2 campañas, 0 sin ficha, 1 sin precio legible, 1 duplicadas
[2026-10-10 15:56:26] [AGENTE-AMAZON] Cosechando ofertas quentes de Amazon en Pelando...
[2026-10-10 15:56:29] [AGENTE-AMAZON] Amazon Pelando: 0 ofertas reales | descartadas: 2 campañas, 0 sin ficha, 2 sin precio legible, 1 duplicadas
[2026-10-10 15:56:29] [AGENTE-AMAZON] Cosechando Bestsellers y ofertas de categorías Amazon...
[2026-10-10 15:56:31] [AGENTE-AMAZON] Amazon direct: 0 ofertas cosechadas | categorias OK 0/1 | HTTP {503: 1}
[2026-10-10 16:00:27] [CUPONS_ML] Consultando página oficial https://www.mercadolivre.com.br/cupons (Cookie presente: True)...
[2026-10-10 16:00:28] [CUPONS_ML] 87 código(s) inválidos descartados (blobs del estado interno de ML o fragmentos de texto).
[2026-10-10 16:00:28] [CUPONS_ML] Se extrajeron exitosamente 7 cupones de ML Oficial.
[2026-10-10 16:00:28] [CUPONS_ML] Limpieza completada: 0 vencidos eliminados, 0 marcados vigente=false.
[2026-10-10 16:00:28] [CUPONS_ML] Cupones ML actualizados: 0 nuevos, 7 refrescados.
[2026-10-10 16:00:28] [CUPONS_ML] Total cupones en cupones.json: 45
[2026-10-10 16:00:28] [PELANDO] Scraping Amazon (https://www.pelando.com.br/cupons-de-descontos/amazon)
[2026-10-10 16:00:33] [PELANDO]   Falha ao acessar Amazon
[2026-10-10 16:00:35] [PELANDO] Scraping KaBuM! (https://www.pelando.com.br/cupons-de-descontos/kabum)
[2026-10-10 16:00:39] [PELANDO]   Falha ao acessar KaBuM!
[2026-10-10 16:00:41] [PELANDO] Scraping Mercado Livre (https://www.pelando.com.br/cupons-de-descontos/mercado-livre)
[2026-10-10 16:00:45] [PELANDO]   Falha ao acessar Mercado Livre
[2026-10-10 16:00:47] [PELANDO] Scraping Shopee (https://www.pelando.com.br/cupons-de-descontos/shopee)
[2026-10-10 16:00:51] [PELANDO]   Falha ao acessar Shopee
[2026-10-10 16:00:53] [PELANDO] Scraping Magazine Luiza (https://www.pelando.com.br/cupons-de-descontos/magalu)
[2026-10-10 16:00:57] [PELANDO]   Falha ao acessar Magazine Luiza
[2026-10-10 16:00:59] [PELANDO] Scraping AliExpress (https://www.pelando.com.br/cupons-de-descontos/aliexpress)
[2026-10-10 16:01:04] [PELANDO]   Falha ao acessar AliExpress
[2026-10-10 16:01:06] [PELANDO] Scraping Pichau (https://www.pelando.com.br/cupons-de-descontos/pichau)
[2026-10-10 16:01:10] [PELANDO]   Falha ao acessar Pichau
[2026-10-10 16:01:12] [PELANDO] Scraping Terabyte Shop (https://www.pelando.com.br/cupons-de-descontos/terabyte)
[2026-10-10 16:01:16] [PELANDO]   Falha ao acessar Terabyte Shop
[2026-10-10 16:01:18] [PELANDO] Completado: 0 Pelando + 45 manuales = 45 total
[2026-10-10 16:01:18] [AGENTE-ML] Consultando scraping de ofertas en Mercado Livre...
[2026-10-10 16:01:52] [AGENTE-ML] Scraping ML: 254 ofertas obtenidas | 40 enlaces de ANUNCIO descartados
[2026-10-10 16:01:52] [AGENTE-ML] Guardados 202 achados en achados_ml.json
[2026-10-10 16:01:52] [AGENTE-AMAZON] Cosechando Bestsellers y ofertas de categorías Amazon...
[2026-10-10 16:03:02] [AGENTE-AMAZON] Amazon direct: 88 ofertas cosechadas | categorias OK 8/28 | HTTP {503: 20} | sin tarjetas 5
[2026-10-10 16:03:02] [AGENTE-AMAZON] Cosechando ofertas quentes de Amazon en Pelando...
[2026-10-10 16:03:03] [AGENTE-AMAZON] Pelando Amazon: HTTP 403
[2026-10-10 16:03:03] [AGENTE-AMAZON] Guardados 81 achados en achados_amazon.json
[2026-10-10 16:03:39] [AGENTE-AMAZON] Cosechando ofertas quentes de Amazon en Pelando...
[2026-10-10 16:03:39] [AGENTE-AMAZON] Amazon Pelando: 1 ofertas reales | descartadas: 2 campañas, 0 sin ficha, 1 sin precio legible, 1 duplicadas
[2026-10-10 16:03:39] [AGENTE-AMAZON] Cosechando ofertas quentes de Amazon en Pelando...
[2026-10-10 16:03:42] [AGENTE-AMAZON] Amazon Pelando: 0 ofertas reales | descartadas: 2 campañas, 0 sin ficha, 2 sin precio legible, 1 duplicadas
[2026-10-10 16:03:42] [AGENTE-AMAZON] Cosechando Bestsellers y ofertas de categorías Amazon...
[2026-10-10 16:03:44] [AGENTE-AMAZON] Amazon direct: 0 ofertas cosechadas | categorias OK 0/1 | HTTP {503: 1}
[2026-10-10 16:03:45] [CUPONS_ML] Consultando página oficial https://www.mercadolivre.com.br/cupons (Cookie presente: True)...
[2026-10-10 16:03:45] [CUPONS_ML] 87 código(s) inválidos descartados (blobs del estado interno de ML o fragmentos de texto).
[2026-10-10 16:03:45] [CUPONS_ML] Se extrajeron exitosamente 7 cupones de ML Oficial.
[2026-10-10 16:03:45] [CUPONS_ML] Limpieza completada: 0 vencidos eliminados, 0 marcados vigente=false.
[2026-10-10 16:03:45] [CUPONS_ML] Cupones ML actualizados: 0 nuevos, 7 refrescados.
[2026-10-10 16:03:45] [CUPONS_ML] Total cupones en cupones.json: 45
[2026-10-10 16:03:45] [CUPONES] Fuente oficial ML refrescada: 7 cupón(es).
[2026-10-10 16:03:45] [CUPONES] Cupones activados en la cuenta del usuario: 17. Solo esos se publican.
[2026-10-10 16:03:45] [CUPONES] Descartado SEMPREOFF: no está ACTIVADO en la cuenta del usuario
[2026-10-10 16:03:45] [CUPONES] Descartado CLIENTESVIPS: no está ACTIVADO en la cuenta del usuario
[2026-10-10 16:03:45] [CUPONES] Descartado CARRINHOMELI: no está ACTIVADO en la cuenta del usuario
[2026-10-10 16:03:45] [CUPONES] Descartado LOOKPRAVC: no está ACTIVADO en la cuenta del usuario
[2026-10-10 16:03:45] [CUPONES] Descartado CORREPROMELI: no está ACTIVADO en la cuenta del usuario
[2026-10-10 16:03:45] [CUPONES] Descartado OFFMELI: no está ACTIVADO en la cuenta del usuario
[2026-10-10 16:03:45] [CUPONES] Descartado TUDODEBOM: no está ACTIVADO en la cuenta del usuario
[2026-10-10 16:03:45] [CUPONES] Descartado CLIENTEVIP: no está ACTIVADO en la cuenta del usuario
[2026-10-10 16:03:45] [CUPONES] Descartado HOJENOMELI: no está ACTIVADO en la cuenta del usuario
[2026-10-10 16:03:45] [CUPONES] Descartado CUPOMDEHOJE: no está ACTIVADO en la cuenta del usuario
[2026-10-10 16:03:45] [CUPONES] Descartado SUPERDESCONTO: no está ACTIVADO en la cuenta del usuario
[2026-10-10 16:03:45] [CUPONES] Sin cupones nuevos (125 códigos ya vistos).
[2026-10-10 16:10:50] [CUPONS_ML] Consultando página oficial https://www.mercadolivre.com.br/cupons (Cookie presente: True)...
[2026-10-10 16:10:51] [CUPONS_ML] 87 código(s) inválidos descartados (blobs del estado interno de ML o fragmentos de texto).
[2026-10-10 16:10:51] [CUPONS_ML] Se extrajeron exitosamente 7 cupones de ML Oficial.
[2026-10-10 16:10:51] [CUPONS_ML] Limpieza completada: 0 vencidos eliminados, 0 marcados vigente=false.
[2026-10-10 16:10:51] [CUPONS_ML] Cupones ML actualizados: 0 nuevos, 7 refrescados.
[2026-10-10 16:10:51] [CUPONS_ML] Total cupones en cupones.json: 45
[2026-10-10 16:10:51] [CUPONES] Fuente oficial ML refrescada: 7 cupón(es).
[2026-10-10 16:10:51] [CUPONES] Cupones activados en la cuenta del usuario: 17. Solo esos se publican.
[2026-10-10 16:10:51] [CUPONES] Sin cupones nuevos (125 códigos ya vistos).
[2026-10-10 16:16:09] [CUPONS_ML] Consultando página oficial https://www.mercadolivre.com.br/cupons (Cookie presente: True)...
[2026-10-10 16:16:10] [CUPONS_ML] 87 código(s) inválidos descartados (blobs del estado interno de ML o fragmentos de texto).
[2026-10-10 16:16:10] [CUPONS_ML] Se extrajeron exitosamente 7 cupones de ML Oficial.
[2026-10-10 16:16:10] [CUPONS_ML] Limpieza completada: 0 vencidos eliminados, 0 marcados vigente=false.
[2026-10-10 16:16:10] [CUPONS_ML] Cupones ML actualizados: 0 nuevos, 7 refrescados.
[2026-10-10 16:16:10] [CUPONS_ML] Total cupones en cupones.json: 45
[2026-10-10 16:16:10] [CUPONES] Fuente oficial ML refrescada: 7 cupón(es).
[2026-10-10 16:16:10] [CUPONES] Cupones activados en la cuenta del usuario: 17. Solo esos se publican.
[2026-10-10 16:16:10] [CUPONES] Sin cupones nuevos (125 códigos ya vistos).
[2026-10-10 16:23:28] [CUPONS_ML] Consultando página oficial https://www.mercadolivre.com.br/cupons (Cookie presente: True)...
[2026-10-10 16:23:29] [CUPONS_ML] 84 código(s) inválidos descartados (blobs del estado interno de ML o fragmentos de texto).
[2026-10-10 16:23:29] [CUPONS_ML] Se extrajeron exitosamente 7 cupones de ML Oficial.
[2026-10-10 16:23:29] [CUPONS_ML] Limpieza completada: 0 vencidos eliminados, 0 marcados vigente=false.
[2026-10-10 16:23:29] [CUPONS_ML] Cupones ML actualizados: 0 nuevos, 7 refrescados.
[2026-10-10 16:23:29] [CUPONS_ML] Total cupones en cupones.json: 45
[2026-10-10 16:23:29] [CUPONES] Fuente oficial ML refrescada: 7 cupón(es).
[2026-10-10 16:23:29] [CUPONES] Cupones activados en la cuenta del usuario: 17. Solo esos se publican.
[2026-10-10 16:23:29] [CUPONES] Sin cupones nuevos (125 códigos ya vistos).
[2026-10-10 16:28:44] [CUPONS_ML] Consultando página oficial https://www.mercadolivre.com.br/cupons (Cookie presente: True)...
[2026-10-10 16:28:45] [CUPONS_ML] 87 código(s) inválidos descartados (blobs del estado interno de ML o fragmentos de texto).
[2026-10-10 16:28:45] [CUPONS_ML] Se extrajeron exitosamente 6 cupones de ML Oficial.
[2026-10-10 16:28:45] [CUPONS_ML] Limpieza completada: 0 vencidos eliminados, 0 marcados vigente=false.
[2026-10-10 16:28:45] [CUPONS_ML] Cupones ML actualizados: 0 nuevos, 6 refrescados.
[2026-10-10 16:28:45] [CUPONS_ML] Total cupones en cupones.json: 45
[2026-10-10 16:28:45] [CUPONES] Fuente oficial ML refrescada: 6 cupón(es).
[2026-10-10 16:28:45] [CUPONES] Cupones activados en la cuenta del usuario: 17. Solo esos se publican.
[2026-10-10 16:28:45] [CUPONES] Sin cupones nuevos (125 códigos ya vistos).
[2026-10-10 16:37:16] [CUPONS_ML] Consultando página oficial https://www.mercadolivre.com.br/cupons (Cookie presente: True)...
[2026-10-10 16:37:17] [CUPONS_ML] 87 código(s) inválidos descartados (blobs del estado interno de ML o fragmentos de texto).
[2026-10-10 16:37:17] [CUPONS_ML] Se extrajeron exitosamente 6 cupones de ML Oficial.
[2026-10-10 16:37:17] [CUPONS_ML] Limpieza completada: 0 vencidos eliminados, 0 marcados vigente=false.
[2026-10-10 16:37:17] [CUPONS_ML] Cupones ML actualizados: 0 nuevos, 6 refrescados.
[2026-10-10 16:37:17] [CUPONS_ML] Total cupones en cupones.json: 45
[2026-10-10 16:37:17] [CUPONES] Fuente oficial ML refrescada: 6 cupón(es).
[2026-10-10 16:37:17] [CUPONES] Cupones activados en la cuenta del usuario: 17. Solo esos se publican.
[2026-10-10 16:37:17] [CUPONES] Sin cupones nuevos (125 códigos ya vistos).
[2026-10-10 16:47:17] [CUPONS_ML] Consultando página oficial https://www.mercadolivre.com.br/cupons (Cookie presente: True)...
[2026-10-10 16:47:17] [CUPONS_ML] 90 código(s) inválidos descartados (blobs del estado interno de ML o fragmentos de texto).
[2026-10-10 16:47:17] [CUPONS_ML] Se extrajeron exitosamente 6 cupones de ML Oficial.
[2026-10-10 16:47:17] [CUPONS_ML] Limpieza completada: 0 vencidos eliminados, 0 marcados vigente=false.
[2026-10-10 16:47:17] [CUPONS_ML] Cupones ML actualizados: 0 nuevos, 6 refrescados.
[2026-10-10 16:47:17] [CUPONS_ML] Total cupones en cupones.json: 45
[2026-10-10 16:47:17] [CUPONES] Fuente oficial ML refrescada: 6 cupón(es).
[2026-10-10 16:47:17] [CUPONES] Cupones activados en la cuenta del usuario: 17. Solo esos se publican.
[2026-10-10 16:47:17] [CUPONES] Sin cupones nuevos (125 códigos ya vistos).
[2026-10-10 16:53:11] [CUPONS_ML] Consultando página oficial https://www.mercadolivre.com.br/cupons (Cookie presente: True)...
[2026-10-10 16:53:11] [CUPONS_ML] 90 código(s) inválidos descartados (blobs del estado interno de ML o fragmentos de texto).
[2026-10-10 16:53:11] [CUPONS_ML] Se extrajeron exitosamente 6 cupones de ML Oficial.
[2026-10-10 16:53:11] [CUPONS_ML] Limpieza completada: 0 vencidos eliminados, 0 marcados vigente=false.
[2026-10-10 16:53:11] [CUPONS_ML] Cupones ML actualizados: 0 nuevos, 6 refrescados.
[2026-10-10 16:53:11] [CUPONS_ML] Total cupones en cupones.json: 45
[2026-10-10 16:53:11] [CUPONES] Fuente oficial ML refrescada: 6 cupón(es).
[2026-10-10 16:53:11] [CUPONES] Cupones activados en la cuenta del usuario: 17. Solo esos se publican.
[2026-10-10 16:53:11] [CUPONES] Sin cupones nuevos (125 códigos ya vistos).
[2026-10-10 17:00:30] [CUPONS_ML] Consultando página oficial https://www.mercadolivre.com.br/cupons (Cookie presente: True)...
[2026-10-10 17:00:31] [CUPONS_ML] 84 código(s) inválidos descartados (blobs del estado interno de ML o fragmentos de texto).
[2026-10-10 17:00:31] [CUPONS_ML] Se extrajeron exitosamente 7 cupones de ML Oficial.
[2026-10-10 17:00:31] [CUPONS_ML] Limpieza completada: 0 vencidos eliminados, 0 marcados vigente=false.
[2026-10-10 17:00:31] [CUPONS_ML] Cupones ML actualizados: 1 nuevos, 6 refrescados.
[2026-10-10 17:00:31] [CUPONS_ML] Total cupones en cupones.json: 46
[2026-10-10 17:00:31] [CUPONES] Fuente oficial ML refrescada: 7 cupón(es).
[2026-10-10 17:00:31] [CUPONES] Cupones activados en la cuenta del usuario: 17. Solo esos se publican.
[2026-10-10 17:00:31] [CUPONES] Sin cupones nuevos (125 códigos ya vistos).
[2026-10-10 17:10:09] [CUPONS_ML] Consultando página oficial https://www.mercadolivre.com.br/cupons (Cookie presente: True)...
[2026-10-10 17:10:10] [CUPONS_ML] 87 código(s) inválidos descartados (blobs del estado interno de ML o fragmentos de texto).
[2026-10-10 17:10:10] [CUPONS_ML] Se extrajeron exitosamente 7 cupones de ML Oficial.
[2026-10-10 17:10:10] [CUPONS_ML] Limpieza completada: 0 vencidos eliminados, 0 marcados vigente=false.
[2026-10-10 17:10:10] [CUPONS_ML] Cupones ML actualizados: 0 nuevos, 7 refrescados.
[2026-10-10 17:10:10] [CUPONS_ML] Total cupones en cupones.json: 46
[2026-10-10 17:10:10] [CUPONES] Fuente oficial ML refrescada: 7 cupón(es).
[2026-10-10 17:10:10] [CUPONES] Cupones activados en la cuenta del usuario: 17. Solo esos se publican.
[2026-10-10 17:10:10] [CUPONES] Sin cupones nuevos (125 códigos ya vistos).
[2026-10-10 17:19:02] [CUPONS_ML] Consultando página oficial https://www.mercadolivre.com.br/cupons (Cookie presente: True)...
[2026-10-10 17:19:04] [CUPONS_ML] 90 código(s) inválidos descartados (blobs del estado interno de ML o fragmentos de texto).
[2026-10-10 17:19:04] [CUPONS_ML] Se extrajeron exitosamente 6 cupones de ML Oficial.
[2026-10-10 17:19:04] [CUPONS_ML] Limpieza completada: 0 vencidos eliminados, 0 marcados vigente=false.
[2026-10-10 17:19:04] [CUPONS_ML] Cupones ML actualizados: 0 nuevos, 6 refrescados.
[2026-10-10 17:19:04] [CUPONS_ML] Total cupones en cupones.json: 46
[2026-10-10 17:19:04] [CUPONES] Fuente oficial ML refrescada: 6 cupón(es).
[2026-10-10 17:19:04] [CUPONES] Cupones activados en la cuenta del usuario: 17. Solo esos se publican.
[2026-10-10 17:19:04] [CUPONES] Sin cupones nuevos (125 códigos ya vistos).
[2026-10-10 17:26:48] [CUPONS_ML] Consultando página oficial https://www.mercadolivre.com.br/cupons (Cookie presente: True)...
[2026-10-10 17:26:49] [CUPONS_ML] 93 código(s) inválidos descartados (blobs del estado interno de ML o fragmentos de texto).
[2026-10-10 17:26:49] [CUPONS_ML] Se extrajeron exitosamente 6 cupones de ML Oficial.
[2026-10-10 17:26:49] [CUPONS_ML] Limpieza completada: 0 vencidos eliminados, 0 marcados vigente=false.
[2026-10-10 17:26:49] [CUPONS_ML] Cupones ML actualizados: 0 nuevos, 6 refrescados.
[2026-10-10 17:26:49] [CUPONS_ML] Total cupones en cupones.json: 46
[2026-10-10 17:26:49] [CUPONES] Fuente oficial ML refrescada: 6 cupón(es).
[2026-10-10 17:26:49] [CUPONES] Cupones activados en la cuenta del usuario: 17. Solo esos se publican.
[2026-10-10 17:26:49] [CUPONES] Sin cupones nuevos (125 códigos ya vistos).
[2026-10-10 17:32:54] [CUPONS_ML] Consultando página oficial https://www.mercadolivre.com.br/cupons (Cookie presente: True)...
[2026-10-10 17:32:55] [CUPONS_ML] 93 código(s) inválidos descartados (blobs del estado interno de ML o fragmentos de texto).
[2026-10-10 17:32:55] [CUPONS_ML] Se extrajeron exitosamente 6 cupones de ML Oficial.
[2026-10-10 17:32:55] [CUPONS_ML] Limpieza completada: 0 vencidos eliminados, 0 marcados vigente=false.
[2026-10-10 17:32:55] [CUPONS_ML] Cupones ML actualizados: 0 nuevos, 6 refrescados.
[2026-10-10 17:32:55] [CUPONS_ML] Total cupones en cupones.json: 46
[2026-10-10 17:32:55] [CUPONES] Fuente oficial ML refrescada: 6 cupón(es).
[2026-10-10 17:32:55] [CUPONES] Cupones activados en la cuenta del usuario: 17. Solo esos se publican.
[2026-10-10 17:32:55] [CUPONES] Sin cupones nuevos (125 códigos ya vistos).
[2026-10-10 17:38:16] [CUPONS_ML] Consultando página oficial https://www.mercadolivre.com.br/cupons (Cookie presente: True)...
[2026-10-10 17:38:17] [CUPONS_ML] 93 código(s) inválidos descartados (blobs del estado interno de ML o fragmentos de texto).
[2026-10-10 17:38:17] [CUPONS_ML] Se extrajeron exitosamente 6 cupones de ML Oficial.
[2026-10-10 17:38:17] [CUPONS_ML] Limpieza completada: 0 vencidos eliminados, 0 marcados vigente=false.
[2026-10-10 17:38:17] [CUPONS_ML] Cupones ML actualizados: 0 nuevos, 6 refrescados.
[2026-10-10 17:38:17] [CUPONS_ML] Total cupones en cupones.json: 46
[2026-10-10 17:38:17] [CUPONES] Fuente oficial ML refrescada: 6 cupón(es).
[2026-10-10 17:38:17] [CUPONES] Cupones activados en la cuenta del usuario: 17. Solo esos se publican.
[2026-10-10 17:38:17] [CUPONES] Sin cupones nuevos (125 códigos ya vistos).
[2026-10-10 17:45:16] [CUPONS_ML] Consultando página oficial https://www.mercadolivre.com.br/cupons (Cookie presente: True)...
[2026-10-10 17:45:16] [CUPONS_ML] 93 código(s) inválidos descartados (blobs del estado interno de ML o fragmentos de texto).
[2026-10-10 17:45:16] [CUPONS_ML] Se extrajeron exitosamente 6 cupones de ML Oficial.
[2026-10-10 17:45:16] [CUPONS_ML] Limpieza completada: 0 vencidos eliminados, 0 marcados vigente=false.
[2026-10-10 17:45:16] [CUPONS_ML] Cupones ML actualizados: 0 nuevos, 6 refrescados.
[2026-10-10 17:45:16] [CUPONS_ML] Total cupones en cupones.json: 46
[2026-10-10 17:45:16] [CUPONES] Fuente oficial ML refrescada: 6 cupón(es).
[2026-10-10 17:45:16] [CUPONES] Cupones activados en la cuenta del usuario: 17. Solo esos se publican.
[2026-10-10 17:45:16] [CUPONES] Sin cupones nuevos (125 códigos ya vistos).
[2026-10-10 17:51:01] [CUPONS_ML] Consultando página oficial https://www.mercadolivre.com.br/cupons (Cookie presente: True)...
[2026-10-10 17:51:02] [CUPONS_ML] 90 código(s) inválidos descartados (blobs del estado interno de ML o fragmentos de texto).
[2026-10-10 17:51:02] [CUPONS_ML] Se extrajeron exitosamente 6 cupones de ML Oficial.
[2026-10-10 17:51:02] [CUPONS_ML] Limpieza completada: 0 vencidos eliminados, 0 marcados vigente=false.
[2026-10-10 17:51:02] [CUPONS_ML] Cupones ML actualizados: 0 nuevos, 6 refrescados.
[2026-10-10 17:51:02] [CUPONS_ML] Total cupones en cupones.json: 46
[2026-10-10 17:51:02] [CUPONES] Fuente oficial ML refrescada: 6 cupón(es).
[2026-10-10 17:51:02] [CUPONES] Cupones activados en la cuenta del usuario: 17. Solo esos se publican.
[2026-10-10 17:51:02] [CUPONES] Sin cupones nuevos (125 códigos ya vistos).
[2026-10-10 17:59:25] [CUPONS_ML] Consultando página oficial https://www.mercadolivre.com.br/cupons (Cookie presente: True)...
[2026-10-10 17:59:26] [CUPONS_ML] 90 código(s) inválidos descartados (blobs del estado interno de ML o fragmentos de texto).
[2026-10-10 17:59:26] [CUPONS_ML] Se extrajeron exitosamente 6 cupones de ML Oficial.
[2026-10-10 17:59:26] [CUPONS_ML] Limpieza completada: 0 vencidos eliminados, 0 marcados vigente=false.
[2026-10-10 17:59:26] [CUPONS_ML] Cupones ML actualizados: 0 nuevos, 6 refrescados.
[2026-10-10 17:59:26] [CUPONS_ML] Total cupones en cupones.json: 46
[2026-10-10 17:59:26] [CUPONES] Fuente oficial ML refrescada: 6 cupón(es).
[2026-10-10 17:59:26] [CUPONES] Cupones activados en la cuenta del usuario: 17. Solo esos se publican.
[2026-10-10 17:59:26] [CUPONES] Sin cupones nuevos (125 códigos ya vistos).
[2026-10-10 18:04:32] [CUPONS_ML] Consultando página oficial https://www.mercadolivre.com.br/cupons (Cookie presente: True)...
[2026-10-10 18:04:33] [CUPONS_ML] 84 código(s) inválidos descartados (blobs del estado interno de ML o fragmentos de texto).
[2026-10-10 18:04:33] [CUPONS_ML] Se extrajeron exitosamente 7 cupones de ML Oficial.
[2026-10-10 18:04:33] [CUPONS_ML] Limpieza completada: 0 vencidos eliminados, 0 marcados vigente=false.
[2026-10-10 18:04:33] [CUPONS_ML] Cupones ML actualizados: 0 nuevos, 7 refrescados.
[2026-10-10 18:04:33] [CUPONS_ML] Total cupones en cupones.json: 46
[2026-10-10 18:04:33] [CUPONES] Fuente oficial ML refrescada: 7 cupón(es).
[2026-10-10 18:04:33] [CUPONES] Cupones activados en la cuenta del usuario: 17. Solo esos se publican.
[2026-10-10 18:04:33] [CUPONES] Sin cupones nuevos (125 códigos ya vistos).
[2026-10-10 18:10:34] [CUPONS_ML] Consultando página oficial https://www.mercadolivre.com.br/cupons (Cookie presente: True)...
[2026-10-10 18:10:35] [CUPONS_ML] 84 código(s) inválidos descartados (blobs del estado interno de ML o fragmentos de texto).
[2026-10-10 18:10:35] [CUPONS_ML] Se extrajeron exitosamente 7 cupones de ML Oficial.
[2026-10-10 18:10:35] [CUPONS_ML] Limpieza completada: 0 vencidos eliminados, 0 marcados vigente=false.
[2026-10-10 18:10:35] [CUPONS_ML] Cupones ML actualizados: 0 nuevos, 7 refrescados.
[2026-10-10 18:10:35] [CUPONS_ML] Total cupones en cupones.json: 46
[2026-10-10 18:10:35] [CUPONES] Fuente oficial ML refrescada: 7 cupón(es).
[2026-10-10 18:10:35] [CUPONES] Cupones activados en la cuenta del usuario: 17. Solo esos se publican.
[2026-10-10 18:10:35] [CUPONES] Sin cupones nuevos (125 códigos ya vistos).
[2026-10-10 18:16:44] [CUPONS_ML] Consultando página oficial https://www.mercadolivre.com.br/cupons (Cookie presente: True)...
[2026-10-10 18:16:45] [CUPONS_ML] 84 código(s) inválidos descartados (blobs del estado interno de ML o fragmentos de texto).
[2026-10-10 18:16:45] [CUPONS_ML] Se extrajeron exitosamente 7 cupones de ML Oficial.
[2026-10-10 18:16:45] [CUPONS_ML] Limpieza completada: 0 vencidos eliminados, 0 marcados vigente=false.
[2026-10-10 18:16:45] [CUPONS_ML] Cupones ML actualizados: 0 nuevos, 7 refrescados.
[2026-10-10 18:16:45] [CUPONS_ML] Total cupones en cupones.json: 46
[2026-10-10 18:16:45] [CUPONES] Fuente oficial ML refrescada: 7 cupón(es).
[2026-10-10 18:16:45] [CUPONES] Cupones activados en la cuenta del usuario: 17. Solo esos se publican.
[2026-10-10 18:16:45] [CUPONES] Sin cupones nuevos (125 códigos ya vistos).
[2026-10-10 18:24:48] [CUPONS_ML] Consultando página oficial https://www.mercadolivre.com.br/cupons (Cookie presente: True)...
[2026-10-10 18:24:49] [CUPONS_ML] 84 código(s) inválidos descartados (blobs del estado interno de ML o fragmentos de texto).
[2026-10-10 18:24:49] [CUPONS_ML] Se extrajeron exitosamente 7 cupones de ML Oficial.
[2026-10-10 18:24:49] [CUPONS_ML] Limpieza completada: 0 vencidos eliminados, 0 marcados vigente=false.
[2026-10-10 18:24:49] [CUPONS_ML] Cupones ML actualizados: 0 nuevos, 7 refrescados.
[2026-10-10 18:24:49] [CUPONS_ML] Total cupones en cupones.json: 46
[2026-10-10 18:24:49] [CUPONES] Fuente oficial ML refrescada: 7 cupón(es).
[2026-10-10 18:24:49] [CUPONES] Cupones activados en la cuenta del usuario: 17. Solo esos se publican.
[2026-10-10 18:24:49] [CUPONES] Sin cupones nuevos (125 códigos ya vistos).
[2026-10-10 18:32:13] [CUPONS_ML] Consultando página oficial https://www.mercadolivre.com.br/cupons (Cookie presente: True)...
[2026-10-10 18:32:14] [CUPONS_ML] 84 código(s) inválidos descartados (blobs del estado interno de ML o fragmentos de texto).
[2026-10-10 18:32:14] [CUPONS_ML] Se extrajeron exitosamente 7 cupones de ML Oficial.
[2026-10-10 18:32:14] [CUPONS_ML] Limpieza completada: 0 vencidos eliminados, 0 marcados vigente=false.
[2026-10-10 18:32:14] [CUPONS_ML] Cupones ML actualizados: 0 nuevos, 7 refrescados.
[2026-10-10 18:32:14] [CUPONS_ML] Total cupones en cupones.json: 46
[2026-10-10 18:32:14] [CUPONES] Fuente oficial ML refrescada: 7 cupón(es).
[2026-10-10 18:32:14] [CUPONES] Cupones activados en la cuenta del usuario: 17. Solo esos se publican.
[2026-10-10 18:32:14] [CUPONES] Sin cupones nuevos (125 códigos ya vistos).
[2026-10-10 18:42:18] [CUPONS_ML] Consultando página oficial https://www.mercadolivre.com.br/cupons (Cookie presente: True)...
[2026-10-10 18:42:19] [CUPONS_ML] 87 código(s) inválidos descartados (blobs del estado interno de ML o fragmentos de texto).
[2026-10-10 18:42:19] [CUPONS_ML] Se extrajeron exitosamente 7 cupones de ML Oficial.
[2026-10-10 18:42:19] [CUPONS_ML] Limpieza completada: 0 vencidos eliminados, 0 marcados vigente=false.
[2026-10-10 18:42:19] [CUPONS_ML] Cupones ML actualizados: 0 nuevos, 7 refrescados.
[2026-10-10 18:42:19] [CUPONS_ML] Total cupones en cupones.json: 46
[2026-10-10 18:42:19] [CUPONES] Fuente oficial ML refrescada: 7 cupón(es).
[2026-10-10 18:42:19] [CUPONES] Cupones activados en la cuenta del usuario: 17. Solo esos se publican.
[2026-10-10 18:42:19] [CUPONES] Sin cupones nuevos (125 códigos ya vistos).
[2026-10-10 18:52:41] [CUPONS_ML] Consultando página oficial https://www.mercadolivre.com.br/cupons (Cookie presente: True)...
[2026-10-10 18:52:42] [CUPONS_ML] 87 código(s) inválidos descartados (blobs del estado interno de ML o fragmentos de texto).
[2026-10-10 18:52:42] [CUPONS_ML] Se extrajeron exitosamente 7 cupones de ML Oficial.
[2026-10-10 18:52:42] [CUPONS_ML] Limpieza completada: 0 vencidos eliminados, 0 marcados vigente=false.
[2026-10-10 18:52:42] [CUPONS_ML] Cupones ML actualizados: 0 nuevos, 7 refrescados.
[2026-10-10 18:52:42] [CUPONS_ML] Total cupones en cupones.json: 46
[2026-10-10 18:52:42] [CUPONES] Fuente oficial ML refrescada: 7 cupón(es).
[2026-10-10 18:52:42] [CUPONES] Cupones activados en la cuenta del usuario: 17. Solo esos se publican.
[2026-10-10 18:52:42] [CUPONES] Sin cupones nuevos (125 códigos ya vistos).
[2026-10-10 19:00:34] [CUPONS_ML] Consultando página oficial https://www.mercadolivre.com.br/cupons (Cookie presente: True)...
[2026-10-10 19:00:34] [CUPONS_ML] 87 código(s) inválidos descartados (blobs del estado interno de ML o fragmentos de texto).
[2026-10-10 19:00:34] [CUPONS_ML] Se extrajeron exitosamente 7 cupones de ML Oficial.
[2026-10-10 19:00:34] [CUPONS_ML] Limpieza completada: 0 vencidos eliminados, 0 marcados vigente=false.
[2026-10-10 19:00:34] [CUPONS_ML] Cupones ML actualizados: 0 nuevos, 7 refrescados.
[2026-10-10 19:00:34] [CUPONS_ML] Total cupones en cupones.json: 46
[2026-10-10 19:00:34] [CUPONES] Fuente oficial ML refrescada: 7 cupón(es).
[2026-10-10 19:00:34] [CUPONES] Cupones activados en la cuenta del usuario: 17. Solo esos se publican.
[2026-10-10 19:00:34] [CUPONES] Sin cupones nuevos (125 códigos ya vistos).
[2026-10-10 19:08:55] [CUPONS_ML] Consultando página oficial https://www.mercadolivre.com.br/cupons (Cookie presente: True)...
[2026-10-10 19:08:56] [CUPONS_ML] 87 código(s) inválidos descartados (blobs del estado interno de ML o fragmentos de texto).
[2026-10-10 19:08:56] [CUPONS_ML] Se extrajeron exitosamente 7 cupones de ML Oficial.
[2026-10-10 19:08:56] [CUPONS_ML] Limpieza completada: 0 vencidos eliminados, 0 marcados vigente=false.
[2026-10-10 19:08:56] [CUPONS_ML] Cupones ML actualizados: 0 nuevos, 7 refrescados.
[2026-10-10 19:08:56] [CUPONS_ML] Total cupones en cupones.json: 46
[2026-10-10 19:08:56] [CUPONES] Fuente oficial ML refrescada: 7 cupón(es).
[2026-10-10 19:08:56] [CUPONES] Cupones activados en la cuenta del usuario: 17. Solo esos se publican.
[2026-10-10 19:08:56] [CUPONES] Sin cupones nuevos (125 códigos ya vistos).
[2026-10-10 19:21:08] [CUPONS_ML] Consultando página oficial https://www.mercadolivre.com.br/cupons (Cookie presente: True)...
[2026-10-10 19:21:09] [CUPONS_ML] 90 código(s) inválidos descartados (blobs del estado interno de ML o fragmentos de texto).
[2026-10-10 19:21:09] [CUPONS_ML] Se extrajeron exitosamente 7 cupones de ML Oficial.
[2026-10-10 19:21:09] [CUPONS_ML] Limpieza completada: 0 vencidos eliminados, 0 marcados vigente=false.
[2026-10-10 19:21:09] [CUPONS_ML] Cupones ML actualizados: 0 nuevos, 7 refrescados.
[2026-10-10 19:21:09] [CUPONS_ML] Total cupones en cupones.json: 46
[2026-10-10 19:21:09] [CUPONES] Fuente oficial ML refrescada: 7 cupón(es).
[2026-10-10 19:21:09] [CUPONES] Cupones activados en la cuenta del usuario: 17. Solo esos se publican.
[2026-10-10 19:21:09] [CUPONES] Sin cupones nuevos (125 códigos ya vistos).
[2026-10-10 19:30:42] [CUPONS_ML] Consultando página oficial https://www.mercadolivre.com.br/cupons (Cookie presente: True)...
[2026-10-10 19:30:43] [CUPONS_ML] 90 código(s) inválidos descartados (blobs del estado interno de ML o fragmentos de texto).
[2026-10-10 19:30:43] [CUPONS_ML] Se extrajeron exitosamente 7 cupones de ML Oficial.
[2026-10-10 19:30:43] [CUPONS_ML] Limpieza completada: 0 vencidos eliminados, 0 marcados vigente=false.
[2026-10-10 19:30:43] [CUPONS_ML] Cupones ML actualizados: 0 nuevos, 7 refrescados.
[2026-10-10 19:30:43] [CUPONS_ML] Total cupones en cupones.json: 46
[2026-10-10 19:30:43] [CUPONES] Fuente oficial ML refrescada: 7 cupón(es).
[2026-10-10 19:30:43] [CUPONES] Cupones activados en la cuenta del usuario: 17. Solo esos se publican.
[2026-10-10 19:30:43] [CUPONES] Sin cupones nuevos (125 códigos ya vistos).
[2026-10-10 19:38:36] [CUPONS_ML] Consultando página oficial https://www.mercadolivre.com.br/cupons (Cookie presente: True)...
[2026-10-10 19:38:37] [CUPONS_ML] 90 código(s) inválidos descartados (blobs del estado interno de ML o fragmentos de texto).
[2026-10-10 19:38:37] [CUPONS_ML] Se extrajeron exitosamente 7 cupones de ML Oficial.
[2026-10-10 19:38:37] [CUPONS_ML] Limpieza completada: 0 vencidos eliminados, 0 marcados vigente=false.
[2026-10-10 19:38:37] [CUPONS_ML] Cupones ML actualizados: 0 nuevos, 7 refrescados.
[2026-10-10 19:38:37] [CUPONS_ML] Total cupones en cupones.json: 46
[2026-10-10 19:38:37] [CUPONES] Fuente oficial ML refrescada: 7 cupón(es).
[2026-10-10 19:38:37] [CUPONES] Cupones activados en la cuenta del usuario: 17. Solo esos se publican.
[2026-10-10 19:38:37] [CUPONES] Sin cupones nuevos (125 códigos ya vistos).
[2026-10-10 19:47:10] [CUPONS_ML] Consultando página oficial https://www.mercadolivre.com.br/cupons (Cookie presente: True)...
[2026-10-10 19:47:10] [CUPONS_ML] 90 código(s) inválidos descartados (blobs del estado interno de ML o fragmentos de texto).
[2026-10-10 19:47:10] [CUPONS_ML] Se extrajeron exitosamente 7 cupones de ML Oficial.
[2026-10-10 19:47:10] [CUPONS_ML] Limpieza completada: 0 vencidos eliminados, 0 marcados vigente=false.
[2026-10-10 19:47:10] [CUPONS_ML] Cupones ML actualizados: 0 nuevos, 7 refrescados.
[2026-10-10 19:47:10] [CUPONS_ML] Total cupones en cupones.json: 46
[2026-10-10 19:47:10] [CUPONES] Fuente oficial ML refrescada: 7 cupón(es).
[2026-10-10 19:47:10] [CUPONES] Cupones activados en la cuenta del usuario: 17. Solo esos se publican.
[2026-10-10 19:47:10] [CUPONES] Sin cupones nuevos (125 códigos ya vistos).
[2026-10-10 19:59:04] [CUPONS_ML] Consultando página oficial https://www.mercadolivre.com.br/cupons (Cookie presente: True)...
[2026-10-10 19:59:05] [CUPONS_ML] 90 código(s) inválidos descartados (blobs del estado interno de ML o fragmentos de texto).
[2026-10-10 19:59:05] [CUPONS_ML] Se extrajeron exitosamente 7 cupones de ML Oficial.
[2026-10-10 19:59:05] [CUPONS_ML] Limpieza completada: 0 vencidos eliminados, 0 marcados vigente=false.
[2026-10-10 19:59:05] [CUPONS_ML] Cupones ML actualizados: 0 nuevos, 7 refrescados.
[2026-10-10 19:59:05] [CUPONS_ML] Total cupones en cupones.json: 46
[2026-10-10 19:59:05] [CUPONES] Fuente oficial ML refrescada: 7 cupón(es).
[2026-10-10 19:59:05] [CUPONES] Cupones activados en la cuenta del usuario: 17. Solo esos se publican.
[2026-10-10 19:59:05] [CUPONES] Sin cupones nuevos (125 códigos ya vistos).
[2026-10-10 20:05:31] [CUPONS_ML] Consultando página oficial https://www.mercadolivre.com.br/cupons (Cookie presente: True)...
[2026-10-10 20:05:32] [CUPONS_ML] 90 código(s) inválidos descartados (blobs del estado interno de ML o fragmentos de texto).
[2026-10-10 20:05:32] [CUPONS_ML] Se extrajeron exitosamente 7 cupones de ML Oficial.
[2026-10-10 20:05:32] [CUPONS_ML] Limpieza completada: 0 vencidos eliminados, 0 marcados vigente=false.
[2026-10-10 20:05:32] [CUPONS_ML] Cupones ML actualizados: 0 nuevos, 7 refrescados.
[2026-10-10 20:05:32] [CUPONS_ML] Total cupones en cupones.json: 46
[2026-10-10 20:05:32] [CUPONES] Fuente oficial ML refrescada: 7 cupón(es).
[2026-10-10 20:05:32] [CUPONES] Cupones activados en la cuenta del usuario: 17. Solo esos se publican.
[2026-10-10 20:05:32] [CUPONES] Sin cupones nuevos (125 códigos ya vistos).
[2026-10-10 20:11:09] [CUPONS_ML] Consultando página oficial https://www.mercadolivre.com.br/cupons (Cookie presente: True)...
[2026-10-10 20:11:10] [CUPONS_ML] 90 código(s) inválidos descartados (blobs del estado interno de ML o fragmentos de texto).
[2026-10-10 20:11:10] [CUPONS_ML] Se extrajeron exitosamente 8 cupones de ML Oficial.
[2026-10-10 20:11:10] [CUPONS_ML] Limpieza completada: 0 vencidos eliminados, 0 marcados vigente=false.
[2026-10-10 20:11:10] [CUPONS_ML] Cupones ML actualizados: 0 nuevos, 8 refrescados.
[2026-10-10 20:11:10] [CUPONS_ML] Total cupones en cupones.json: 46
[2026-10-10 20:11:10] [CUPONES] Fuente oficial ML refrescada: 8 cupón(es).
[2026-10-10 20:11:10] [CUPONES] Cupones activados en la cuenta del usuario: 17. Solo esos se publican.
[2026-10-10 20:11:10] [CUPONES] Sin cupones nuevos (125 códigos ya vistos).
[2026-10-10 20:23:37] [CUPONS_ML] Consultando página oficial https://www.mercadolivre.com.br/cupons (Cookie presente: True)...
[2026-10-10 20:23:38] [CUPONS_ML] 90 código(s) inválidos descartados (blobs del estado interno de ML o fragmentos de texto).
[2026-10-10 20:23:38] [CUPONS_ML] Se extrajeron exitosamente 8 cupones de ML Oficial.
[2026-10-10 20:23:38] [CUPONS_ML] Limpieza completada: 0 vencidos eliminados, 0 marcados vigente=false.
[2026-10-10 20:23:38] [CUPONS_ML] Cupones ML actualizados: 0 nuevos, 8 refrescados.
[2026-10-10 20:23:38] [CUPONS_ML] Total cupones en cupones.json: 46
[2026-10-10 20:23:38] [CUPONES] Fuente oficial ML refrescada: 8 cupón(es).
[2026-10-10 20:23:38] [CUPONES] Cupones activados en la cuenta del usuario: 17. Solo esos se publican.
[2026-10-10 20:23:38] [CUPONES] Sin cupones nuevos (125 códigos ya vistos).
[2026-10-10 20:34:33] [CUPONS_ML] Consultando página oficial https://www.mercadolivre.com.br/cupons (Cookie presente: True)...
[2026-10-10 20:34:33] [CUPONS_ML] 90 código(s) inválidos descartados (blobs del estado interno de ML o fragmentos de texto).
[2026-10-10 20:34:33] [CUPONS_ML] Se extrajeron exitosamente 8 cupones de ML Oficial.
[2026-10-10 20:34:33] [CUPONS_ML] Limpieza completada: 0 vencidos eliminados, 0 marcados vigente=false.
[2026-10-10 20:34:33] [CUPONS_ML] Cupones ML actualizados: 0 nuevos, 8 refrescados.
[2026-10-10 20:34:33] [CUPONS_ML] Total cupones en cupones.json: 46
[2026-10-10 20:34:33] [CUPONES] Fuente oficial ML refrescada: 8 cupón(es).
[2026-10-10 20:34:33] [CUPONES] Cupones activados en la cuenta del usuario: 17. Solo esos se publican.
[2026-10-10 20:34:33] [CUPONES] Sin cupones nuevos (125 códigos ya vistos).
[2026-10-10 20:40:48] [CUPONS_ML] Consultando página oficial https://www.mercadolivre.com.br/cupons (Cookie presente: True)...
[2026-10-10 20:40:49] [CUPONS_ML] 90 código(s) inválidos descartados (blobs del estado interno de ML o fragmentos de texto).
[2026-10-10 20:40:49] [CUPONS_ML] Se extrajeron exitosamente 8 cupones de ML Oficial.
[2026-10-10 20:40:49] [CUPONS_ML] Limpieza completada: 0 vencidos eliminados, 0 marcados vigente=false.
[2026-10-10 20:40:49] [CUPONS_ML] Cupones ML actualizados: 0 nuevos, 8 refrescados.
[2026-10-10 20:40:49] [CUPONS_ML] Total cupones en cupones.json: 46
[2026-10-10 20:40:49] [CUPONES] Fuente oficial ML refrescada: 8 cupón(es).
[2026-10-10 20:40:49] [CUPONES] Cupones activados en la cuenta del usuario: 17. Solo esos se publican.
[2026-10-10 20:40:49] [CUPONES] Sin cupones nuevos (125 códigos ya vistos).
[2026-10-10 20:49:51] [CUPONS_ML] Consultando página oficial https://www.mercadolivre.com.br/cupons (Cookie presente: True)...
[2026-10-10 20:49:52] [CUPONS_ML] 87 código(s) inválidos descartados (blobs del estado interno de ML o fragmentos de texto).
[2026-10-10 20:49:52] [CUPONS_ML] Se extrajeron exitosamente 7 cupones de ML Oficial.
[2026-10-10 20:49:52] [CUPONS_ML] Limpieza completada: 0 vencidos eliminados, 0 marcados vigente=false.
[2026-10-10 20:49:52] [CUPONS_ML] Cupones ML actualizados: 0 nuevos, 7 refrescados.
[2026-10-10 20:49:52] [CUPONS_ML] Total cupones en cupones.json: 46
[2026-10-10 20:49:52] [CUPONES] Fuente oficial ML refrescada: 7 cupón(es).
[2026-10-10 20:49:52] [CUPONES] Cupones activados en la cuenta del usuario: 17. Solo esos se publican.
[2026-10-10 20:49:52] [CUPONES] Sin cupones nuevos (125 códigos ya vistos).
[2026-10-10 20:56:47] [CUPONS_ML] Consultando página oficial https://www.mercadolivre.com.br/cupons (Cookie presente: True)...
[2026-10-10 20:56:47] [CUPONS_ML] 87 código(s) inválidos descartados (blobs del estado interno de ML o fragmentos de texto).
[2026-10-10 20:56:47] [CUPONS_ML] Se extrajeron exitosamente 7 cupones de ML Oficial.
[2026-10-10 20:56:47] [CUPONS_ML] Limpieza completada: 0 vencidos eliminados, 0 marcados vigente=false.
[2026-10-10 20:56:47] [CUPONS_ML] Cupones ML actualizados: 0 nuevos, 7 refrescados.
[2026-10-10 20:56:47] [CUPONS_ML] Total cupones en cupones.json: 46
[2026-10-10 20:56:47] [CUPONES] Fuente oficial ML refrescada: 7 cupón(es).
[2026-10-10 20:56:47] [CUPONES] Cupones activados en la cuenta del usuario: 17. Solo esos se publican.
[2026-10-10 20:56:47] [CUPONES] Sin cupones nuevos (125 códigos ya vistos).
[2026-10-10 21:04:22] [CUPONS_ML] Consultando página oficial https://www.mercadolivre.com.br/cupons (Cookie presente: True)...
[2026-10-10 21:04:23] [CUPONS_ML] 90 código(s) inválidos descartados (blobs del estado interno de ML o fragmentos de texto).
[2026-10-10 21:04:23] [CUPONS_ML] Se extrajeron exitosamente 7 cupones de ML Oficial.
[2026-10-10 21:04:23] [CUPONS_ML] Limpieza completada: 0 vencidos eliminados, 0 marcados vigente=false.
[2026-10-10 21:04:23] [CUPONS_ML] Cupones ML actualizados: 0 nuevos, 7 refrescados.
[2026-10-10 21:04:23] [CUPONS_ML] Total cupones en cupones.json: 46
[2026-10-10 21:04:23] [CUPONES] Fuente oficial ML refrescada: 7 cupón(es).
[2026-10-10 21:04:23] [CUPONES] Cupones activados en la cuenta del usuario: 17. Solo esos se publican.
[2026-10-10 21:04:23] [CUPONES] Sin cupones nuevos (125 códigos ya vistos).
[2026-10-10 21:15:00] [CUPONS_ML] Consultando página oficial https://www.mercadolivre.com.br/cupons (Cookie presente: True)...
[2026-10-10 21:15:01] [CUPONS_ML] 87 código(s) inválidos descartados (blobs del estado interno de ML o fragmentos de texto).
[2026-10-10 21:15:01] [CUPONS_ML] Se extrajeron exitosamente 7 cupones de ML Oficial.
[2026-10-10 21:15:01] [CUPONS_ML] Limpieza completada: 0 vencidos eliminados, 0 marcados vigente=false.
[2026-10-10 21:15:01] [CUPONS_ML] Cupones ML actualizados: 0 nuevos, 7 refrescados.
[2026-10-10 21:15:01] [CUPONS_ML] Total cupones en cupones.json: 46
[2026-10-10 21:15:01] [CUPONES] Fuente oficial ML refrescada: 7 cupón(es).
[2026-10-10 21:15:01] [CUPONES] Cupones activados en la cuenta del usuario: 17. Solo esos se publican.
[2026-10-10 21:15:01] [CUPONES] Sin cupones nuevos (125 códigos ya vistos).
[2026-10-10 21:20:15] [CUPONS_ML] Consultando página oficial https://www.mercadolivre.com.br/cupons (Cookie presente: True)...
[2026-10-10 21:20:16] [CUPONS_ML] 87 código(s) inválidos descartados (blobs del estado interno de ML o fragmentos de texto).
[2026-10-10 21:20:16] [CUPONS_ML] Se extrajeron exitosamente 7 cupones de ML Oficial.
[2026-10-10 21:20:16] [CUPONS_ML] Limpieza completada: 0 vencidos eliminados, 0 marcados vigente=false.
[2026-10-10 21:20:16] [CUPONS_ML] Cupones ML actualizados: 0 nuevos, 7 refrescados.
[2026-10-10 21:20:16] [CUPONS_ML] Total cupones en cupones.json: 46
[2026-10-10 21:20:16] [CUPONES] Fuente oficial ML refrescada: 7 cupón(es).
[2026-10-10 21:20:16] [CUPONES] Cupones activados en la cuenta del usuario: 17. Solo esos se publican.
[2026-10-10 21:20:16] [CUPONES] Sin cupones nuevos (125 códigos ya vistos).
[2026-10-10 21:30:17] [CUPONS_ML] Consultando página oficial https://www.mercadolivre.com.br/cupons (Cookie presente: True)...
[2026-10-10 21:30:18] [CUPONS_ML] 87 código(s) inválidos descartados (blobs del estado interno de ML o fragmentos de texto).
[2026-10-10 21:30:18] [CUPONS_ML] Se extrajeron exitosamente 7 cupones de ML Oficial.
[2026-10-10 21:30:18] [CUPONS_ML] Limpieza completada: 0 vencidos eliminados, 0 marcados vigente=false.
[2026-10-10 21:30:18] [CUPONS_ML] Cupones ML actualizados: 0 nuevos, 7 refrescados.
[2026-10-10 21:30:18] [CUPONS_ML] Total cupones en cupones.json: 46
[2026-10-10 21:30:18] [CUPONES] Fuente oficial ML refrescada: 7 cupón(es).
[2026-10-10 21:30:18] [CUPONES] Cupones activados en la cuenta del usuario: 17. Solo esos se publican.
[2026-10-10 21:30:18] [CUPONES] Sin cupones nuevos (125 códigos ya vistos).
[2026-10-10 21:34:02] [AGENTE-ML] Consultando scraping de ofertas en Mercado Livre...
[2026-10-10 21:34:36] [AGENTE-ML] Scraping ML: 265 ofertas obtenidas | 49 enlaces de ANUNCIO descartados
[2026-10-10 21:34:36] [AGENTE-ML] Guardados 203 achados en achados_ml.json
[2026-10-10 21:34:37] [CUPONS_ML] Consultando página oficial https://www.mercadolivre.com.br/cupons (Cookie presente: True)...
[2026-10-10 21:34:37] [CUPONS_ML] 90 código(s) inválidos descartados (blobs del estado interno de ML o fragmentos de texto).
[2026-10-10 21:34:37] [CUPONS_ML] Se extrajeron exitosamente 7 cupones de ML Oficial.
[2026-10-10 21:34:37] [CUPONS_ML] Limpieza completada: 0 vencidos eliminados, 0 marcados vigente=false.
[2026-10-10 21:34:37] [CUPONS_ML] Cupones ML actualizados: 0 nuevos, 7 refrescados.
[2026-10-10 21:34:37] [CUPONS_ML] Total cupones en cupones.json: 46
[2026-10-10 21:34:38] [AGENTE-AMAZON] Cosechando ofertas quentes de Amazon en Pelando...
[2026-10-10 21:34:38] [AGENTE-AMAZON] Amazon Pelando: 1 ofertas reales | descartadas: 2 campañas, 0 sin ficha, 1 sin precio legible, 1 duplicadas
[2026-10-10 21:34:38] [AGENTE-AMAZON] Cosechando ofertas quentes de Amazon en Pelando...
[2026-10-10 21:34:41] [AGENTE-AMAZON] Amazon Pelando: 0 ofertas reales | descartadas: 2 campañas, 0 sin ficha, 2 sin precio legible, 1 duplicadas
[2026-10-10 21:34:41] [AGENTE-AMAZON] Cosechando Bestsellers y ofertas de categorías Amazon...
[2026-10-10 21:34:43] [AGENTE-AMAZON] Amazon direct: 0 ofertas cosechadas | categorias OK 0/1 | HTTP {503: 1}
[2026-10-10 21:35:28] [AGENTE-AMAZON] Cosechando ofertas quentes de Amazon en Pelando...
[2026-10-10 21:35:28] [AGENTE-AMAZON] Amazon Pelando: 1 ofertas reales | descartadas: 2 campañas, 0 sin ficha, 1 sin precio legible, 1 duplicadas
[2026-10-10 21:35:28] [AGENTE-AMAZON] Cosechando ofertas quentes de Amazon en Pelando...
[2026-10-10 21:35:31] [AGENTE-AMAZON] Amazon Pelando: 0 ofertas reales | descartadas: 2 campañas, 0 sin ficha, 2 sin precio legible, 1 duplicadas
[2026-10-10 21:35:31] [AGENTE-AMAZON] Cosechando Bestsellers y ofertas de categorías Amazon...
[2026-10-10 21:35:33] [AGENTE-AMAZON] Amazon direct: 0 ofertas cosechadas | categorias OK 0/1 | HTTP {503: 1}
[2026-10-10 21:42:28] [AGENTE-AMAZON] Cosechando ofertas quentes de Amazon en Pelando...
[2026-10-10 21:42:28] [AGENTE-AMAZON] Amazon Pelando: 1 ofertas reales | descartadas: 2 campañas, 0 sin ficha, 1 sin precio legible, 1 duplicadas
[2026-10-10 21:42:28] [AGENTE-AMAZON] Cosechando ofertas quentes de Amazon en Pelando...
[2026-10-10 21:42:31] [AGENTE-AMAZON] Amazon Pelando: 0 ofertas reales | descartadas: 2 campañas, 0 sin ficha, 2 sin precio legible, 1 duplicadas
[2026-10-10 21:42:31] [AGENTE-AMAZON] Cosechando Bestsellers y ofertas de categorías Amazon...
[2026-10-10 21:42:33] [AGENTE-AMAZON] Amazon direct: 0 ofertas cosechadas | categorias OK 0/1 | HTTP {503: 1}
[2026-10-10 21:49:27] [AGENTE-AMAZON] Cosechando ofertas quentes de Amazon en Pelando...
[2026-10-10 21:49:27] [AGENTE-AMAZON] Amazon Pelando: 1 ofertas reales | descartadas: 2 campañas, 0 sin ficha, 1 sin precio legible, 1 duplicadas
[2026-10-10 21:49:27] [AGENTE-AMAZON] Cosechando ofertas quentes de Amazon en Pelando...
[2026-10-10 21:49:30] [AGENTE-AMAZON] Amazon Pelando: 0 ofertas reales | descartadas: 2 campañas, 0 sin ficha, 2 sin precio legible, 1 duplicadas
[2026-10-10 21:49:30] [AGENTE-AMAZON] Cosechando Bestsellers y ofertas de categorías Amazon...
[2026-10-10 21:49:32] [AGENTE-AMAZON] Amazon direct: 0 ofertas cosechadas | categorias OK 0/1 | HTTP {503: 1}
[2026-10-10 21:56:29] [AGENTE-AMAZON] Cosechando ofertas quentes de Amazon en Pelando...
[2026-10-10 21:56:29] [AGENTE-AMAZON] Amazon Pelando: 1 ofertas reales | descartadas: 2 campañas, 0 sin ficha, 1 sin precio legible, 1 duplicadas
[2026-10-10 21:56:29] [AGENTE-AMAZON] Cosechando ofertas quentes de Amazon en Pelando...
[2026-10-10 21:56:32] [AGENTE-AMAZON] Amazon Pelando: 0 ofertas reales | descartadas: 2 campañas, 0 sin ficha, 2 sin precio legible, 1 duplicadas
[2026-10-10 21:56:32] [AGENTE-AMAZON] Cosechando Bestsellers y ofertas de categorías Amazon...
[2026-10-10 21:56:34] [AGENTE-AMAZON] Amazon direct: 0 ofertas cosechadas | categorias OK 0/1 | HTTP {503: 1}
[2026-10-10 22:00:43] [AGENTE-AMAZON] Cosechando ofertas quentes de Amazon en Pelando...
[2026-10-10 22:00:43] [AGENTE-AMAZON] Amazon Pelando: 1 ofertas reales | descartadas: 2 campañas, 0 sin ficha, 1 sin precio legible, 1 duplicadas
[2026-10-10 22:00:43] [AGENTE-AMAZON] Cosechando ofertas quentes de Amazon en Pelando...
[2026-10-10 22:00:46] [AGENTE-AMAZON] Amazon Pelando: 0 ofertas reales | descartadas: 2 campañas, 0 sin ficha, 2 sin precio legible, 1 duplicadas
[2026-10-10 22:00:46] [AGENTE-AMAZON] Cosechando Bestsellers y ofertas de categorías Amazon...
[2026-10-10 22:00:48] [AGENTE-AMAZON] Amazon direct: 0 ofertas cosechadas | categorias OK 0/1 | HTTP {503: 1}
[2026-10-10 22:07:28] [AGENTE-AMAZON] Cosechando ofertas quentes de Amazon en Pelando...
[2026-10-10 22:07:28] [AGENTE-AMAZON] Amazon Pelando: 1 ofertas reales | descartadas: 2 campañas, 0 sin ficha, 1 sin precio legible, 1 duplicadas
[2026-10-10 22:07:28] [AGENTE-AMAZON] Cosechando ofertas quentes de Amazon en Pelando...
[2026-10-10 22:07:31] [AGENTE-AMAZON] Amazon Pelando: 0 ofertas reales | descartadas: 2 campañas, 0 sin ficha, 2 sin precio legible, 1 duplicadas
[2026-10-10 22:07:31] [AGENTE-AMAZON] Cosechando Bestsellers y ofertas de categorías Amazon...
[2026-10-10 22:07:33] [AGENTE-AMAZON] Amazon direct: 0 ofertas cosechadas | categorias OK 0/1 | HTTP {503: 1}
[2026-10-10 22:14:31] [AGENTE-AMAZON] Cosechando ofertas quentes de Amazon en Pelando...
[2026-10-10 22:14:31] [AGENTE-AMAZON] Amazon Pelando: 1 ofertas reales | descartadas: 2 campañas, 0 sin ficha, 1 sin precio legible, 1 duplicadas
[2026-10-10 22:14:31] [AGENTE-AMAZON] Cosechando ofertas quentes de Amazon en Pelando...
[2026-10-10 22:14:34] [AGENTE-AMAZON] Amazon Pelando: 0 ofertas reales | descartadas: 2 campañas, 0 sin ficha, 2 sin precio legible, 1 duplicadas
[2026-10-10 22:14:34] [AGENTE-AMAZON] Cosechando Bestsellers y ofertas de categorías Amazon...
[2026-10-10 22:14:36] [AGENTE-AMAZON] Amazon direct: 0 ofertas cosechadas | categorias OK 0/1 | HTTP {503: 1}
[2026-10-10 22:21:28] [AGENTE-AMAZON] Cosechando ofertas quentes de Amazon en Pelando...
[2026-10-10 22:21:28] [AGENTE-AMAZON] Amazon Pelando: 1 ofertas reales | descartadas: 2 campañas, 0 sin ficha, 1 sin precio legible, 1 duplicadas
[2026-10-10 22:21:28] [AGENTE-AMAZON] Cosechando ofertas quentes de Amazon en Pelando...
[2026-10-10 22:21:31] [AGENTE-AMAZON] Amazon Pelando: 0 ofertas reales | descartadas: 2 campañas, 0 sin ficha, 2 sin precio legible, 1 duplicadas
[2026-10-10 22:21:31] [AGENTE-AMAZON] Cosechando Bestsellers y ofertas de categorías Amazon...
[2026-10-10 22:21:33] [AGENTE-AMAZON] Amazon direct: 0 ofertas cosechadas | categorias OK 0/1 | HTTP {503: 1}
[2026-10-10 22:28:27] [AGENTE-AMAZON] Cosechando ofertas quentes de Amazon en Pelando...
[2026-10-10 22:28:27] [AGENTE-AMAZON] Amazon Pelando: 1 ofertas reales | descartadas: 2 campañas, 0 sin ficha, 1 sin precio legible, 1 duplicadas
[2026-10-10 22:28:27] [AGENTE-AMAZON] Cosechando ofertas quentes de Amazon en Pelando...
[2026-10-10 22:28:30] [AGENTE-AMAZON] Amazon Pelando: 0 ofertas reales | descartadas: 2 campañas, 0 sin ficha, 2 sin precio legible, 1 duplicadas
[2026-10-10 22:28:30] [AGENTE-AMAZON] Cosechando Bestsellers y ofertas de categorías Amazon...
[2026-10-10 22:28:32] [AGENTE-AMAZON] Amazon direct: 0 ofertas cosechadas | categorias OK 0/1 | HTTP {503: 1}
[2026-10-10 22:35:33] [AGENTE-AMAZON] Cosechando ofertas quentes de Amazon en Pelando...
[2026-10-10 22:35:33] [AGENTE-AMAZON] Amazon Pelando: 1 ofertas reales | descartadas: 2 campañas, 0 sin ficha, 1 sin precio legible, 1 duplicadas
[2026-10-10 22:35:33] [AGENTE-AMAZON] Cosechando ofertas quentes de Amazon en Pelando...
[2026-10-10 22:35:36] [AGENTE-AMAZON] Amazon Pelando: 0 ofertas reales | descartadas: 2 campañas, 0 sin ficha, 2 sin precio legible, 1 duplicadas
[2026-10-10 22:35:36] [AGENTE-AMAZON] Cosechando Bestsellers y ofertas de categorías Amazon...
[2026-10-10 22:35:38] [AGENTE-AMAZON] Amazon direct: 0 ofertas cosechadas | categorias OK 0/1 | HTTP {503: 1}
[2026-10-10 22:42:30] [AGENTE-AMAZON] Cosechando ofertas quentes de Amazon en Pelando...
[2026-10-10 22:42:30] [AGENTE-AMAZON] Amazon Pelando: 1 ofertas reales | descartadas: 2 campañas, 0 sin ficha, 1 sin precio legible, 1 duplicadas
[2026-10-10 22:42:30] [AGENTE-AMAZON] Cosechando ofertas quentes de Amazon en Pelando...
[2026-10-10 22:42:33] [AGENTE-AMAZON] Amazon Pelando: 0 ofertas reales | descartadas: 2 campañas, 0 sin ficha, 2 sin precio legible, 1 duplicadas
[2026-10-10 22:42:33] [AGENTE-AMAZON] Cosechando Bestsellers y ofertas de categorías Amazon...
[2026-10-10 22:42:35] [AGENTE-AMAZON] Amazon direct: 0 ofertas cosechadas | categorias OK 0/1 | HTTP {503: 1}
[2026-10-10 22:49:23] [AGENTE-AMAZON] Cosechando ofertas quentes de Amazon en Pelando...
[2026-10-10 22:49:23] [AGENTE-AMAZON] Amazon Pelando: 1 ofertas reales | descartadas: 2 campañas, 0 sin ficha, 1 sin precio legible, 1 duplicadas
[2026-10-10 22:49:23] [AGENTE-AMAZON] Cosechando ofertas quentes de Amazon en Pelando...
[2026-10-10 22:49:26] [AGENTE-AMAZON] Amazon Pelando: 0 ofertas reales | descartadas: 2 campañas, 0 sin ficha, 2 sin precio legible, 1 duplicadas
[2026-10-10 22:49:26] [AGENTE-AMAZON] Cosechando Bestsellers y ofertas de categorías Amazon...
[2026-10-10 22:49:28] [AGENTE-AMAZON] Amazon direct: 0 ofertas cosechadas | categorias OK 0/1 | HTTP {503: 1}
[2026-10-10 22:56:28] [AGENTE-AMAZON] Cosechando ofertas quentes de Amazon en Pelando...
[2026-10-10 22:56:28] [AGENTE-AMAZON] Amazon Pelando: 1 ofertas reales | descartadas: 2 campañas, 0 sin ficha, 1 sin precio legible, 1 duplicadas
[2026-10-10 22:56:28] [AGENTE-AMAZON] Cosechando ofertas quentes de Amazon en Pelando...
[2026-10-10 22:56:31] [AGENTE-AMAZON] Amazon Pelando: 0 ofertas reales | descartadas: 2 campañas, 0 sin ficha, 2 sin precio legible, 1 duplicadas
[2026-10-10 22:56:31] [AGENTE-AMAZON] Cosechando Bestsellers y ofertas de categorías Amazon...
[2026-10-10 22:56:33] [AGENTE-AMAZON] Amazon direct: 0 ofertas cosechadas | categorias OK 0/1 | HTTP {503: 1}
[2026-10-10 23:00:43] [AGENTE-AMAZON] Cosechando ofertas quentes de Amazon en Pelando...
[2026-10-10 23:00:43] [AGENTE-AMAZON] Amazon Pelando: 1 ofertas reales | descartadas: 2 campañas, 0 sin ficha, 1 sin precio legible, 1 duplicadas
[2026-10-10 23:00:43] [AGENTE-AMAZON] Cosechando ofertas quentes de Amazon en Pelando...
[2026-10-10 23:00:46] [AGENTE-AMAZON] Amazon Pelando: 0 ofertas reales | descartadas: 2 campañas, 0 sin ficha, 2 sin precio legible, 1 duplicadas
[2026-10-10 23:00:46] [AGENTE-AMAZON] Cosechando Bestsellers y ofertas de categorías Amazon...
[2026-10-10 23:00:48] [AGENTE-AMAZON] Amazon direct: 0 ofertas cosechadas | categorias OK 0/1 | HTTP {503: 1}
[2026-10-10 23:07:28] [AGENTE-AMAZON] Cosechando ofertas quentes de Amazon en Pelando...
[2026-10-10 23:07:28] [AGENTE-AMAZON] Amazon Pelando: 1 ofertas reales | descartadas: 2 campañas, 0 sin ficha, 1 sin precio legible, 1 duplicadas
[2026-10-10 23:07:28] [AGENTE-AMAZON] Cosechando ofertas quentes de Amazon en Pelando...
[2026-10-10 23:07:31] [AGENTE-AMAZON] Amazon Pelando: 0 ofertas reales | descartadas: 2 campañas, 0 sin ficha, 2 sin precio legible, 1 duplicadas
[2026-10-10 23:07:31] [AGENTE-AMAZON] Cosechando Bestsellers y ofertas de categorías Amazon...
[2026-10-10 23:07:33] [AGENTE-AMAZON] Amazon direct: 0 ofertas cosechadas | categorias OK 0/1 | HTTP {503: 1}
[2026-10-10 23:14:26] [AGENTE-AMAZON] Cosechando ofertas quentes de Amazon en Pelando...
[2026-10-10 23:14:26] [AGENTE-AMAZON] Amazon Pelando: 1 ofertas reales | descartadas: 2 campañas, 0 sin ficha, 1 sin precio legible, 1 duplicadas
[2026-10-10 23:14:26] [AGENTE-AMAZON] Cosechando ofertas quentes de Amazon en Pelando...
[2026-10-10 23:14:29] [AGENTE-AMAZON] Amazon Pelando: 0 ofertas reales | descartadas: 2 campañas, 0 sin ficha, 2 sin precio legible, 1 duplicadas
[2026-10-10 23:14:29] [AGENTE-AMAZON] Cosechando Bestsellers y ofertas de categorías Amazon...
[2026-10-10 23:14:31] [AGENTE-AMAZON] Amazon direct: 0 ofertas cosechadas | categorias OK 0/1 | HTTP {503: 1}
[2026-10-10 23:21:32] [AGENTE-AMAZON] Cosechando ofertas quentes de Amazon en Pelando...
[2026-10-10 23:21:32] [AGENTE-AMAZON] Amazon Pelando: 1 ofertas reales | descartadas: 2 campañas, 0 sin ficha, 1 sin precio legible, 1 duplicadas
[2026-10-10 23:21:32] [AGENTE-AMAZON] Cosechando ofertas quentes de Amazon en Pelando...
[2026-10-10 23:21:35] [AGENTE-AMAZON] Amazon Pelando: 0 ofertas reales | descartadas: 2 campañas, 0 sin ficha, 2 sin precio legible, 1 duplicadas
[2026-10-10 23:21:35] [AGENTE-AMAZON] Cosechando Bestsellers y ofertas de categorías Amazon...
[2026-10-10 23:21:37] [AGENTE-AMAZON] Amazon direct: 0 ofertas cosechadas | categorias OK 0/1 | HTTP {503: 1}
[2026-10-10 23:28:27] [AGENTE-AMAZON] Cosechando ofertas quentes de Amazon en Pelando...
[2026-10-10 23:28:27] [AGENTE-AMAZON] Amazon Pelando: 1 ofertas reales | descartadas: 2 campañas, 0 sin ficha, 1 sin precio legible, 1 duplicadas
[2026-10-10 23:28:27] [AGENTE-AMAZON] Cosechando ofertas quentes de Amazon en Pelando...
[2026-10-10 23:28:30] [AGENTE-AMAZON] Amazon Pelando: 0 ofertas reales | descartadas: 2 campañas, 0 sin ficha, 2 sin precio legible, 1 duplicadas
[2026-10-10 23:28:30] [AGENTE-AMAZON] Cosechando Bestsellers y ofertas de categorías Amazon...
[2026-10-10 23:28:32] [AGENTE-AMAZON] Amazon direct: 0 ofertas cosechadas | categorias OK 0/1 | HTTP {503: 1}
